1,1.0031
1,1.0608
1,1.0198
1,0.99981
1,1.0048
1,1.0004
1,1.0001
1,0.99998
1,1.0383
1,1.0083
1,0.9998
1,0.99999
1,1.0235
1,1.0045
1,1.1465
1,1.0624
1,1.0249
1,1.0318
1,1.0547
1,1.0002
1,1.0086
1,0.9997
1,1.0054
1,1.0618
1,1.0181
1,1.0151
1,0.99987
1,1.0022
1,1.0193
1,1.0056
1,1.0068
1,1.0134
1,1.0442
1,1.0154
1,1.0048
1,1.0126
1,1.0322
1,1.0082
1,1.0003
1,0.99967
1,1.0023
1,1.0003
1,1.0114
1,1.0454
1,1.1247
1,0.99999
1,1
1,1
1,1.0314
1,1.0153
1,1.0675
1,1.0177
1,1.0145
1,1.027
1,0.99964
1,1.0211
1,1.007
1,0.99984
1,0.99985
1,1.0004
1,1.0103
1,1.0149
1,1.0371
1,1.0206
1,1.0146
1,1.1198
1,1.0002
1,1.0237
1,1.0276
1,1.0004
1,1.0146
1,1.0059
1,1
1,1.0168
1,1.0014
1,1.0329
1,1.0882
1,1.0134
1,0.99972
1,1.0079
1,1.0251
1,1.0223
1,1.0163
1,1.0133
1,1.0486
1,1.012
1,0.99986
1,1.0103
1,1.0113
1,1.0001
1,1.0254
1,1.0002
1,1.017
1,1.0106
1,1.0095
1,1.0279
1,1.0253
1,1.1167
1,1.0088
1,0.99996
1,1.023
1,1.002
1,1.0179
1,1.0064
1,0.99988
1,1.0184
1,1.0272
1,1.1264
1,1.0003
1,1.0087
1,1.0262
1,1.0283
1,1.0187
1,1.0025
1,1.0146
1,1.0252
1,1.0553
1,1.0056
1,1.0343
1,1.007
1,0.99993
1,1.0152
1,1.0056
1,1.0153
1,1.0224
1,1.0008
1,1.0155
1,1.0058
1,1.0022
1,1.0135
1,1.0101
1,1.0433
1,1.0893
1,1.0004
1,1.0295
1,1.0644
1,1.0119
1,1.0085
1,1.0141
1,1.0251
1,1.0095
1,1.0165
1,1.021
1,1.0555
1,1.0355
1,1.0113
1,1.0085
1,0.99981
1,1.0408
1,1.0484
1,1.0302
1,1.0081
1,1.0096
1,1.0297
1,0.99976
1,1.01
1,0.99987
1,1.02
1,1.0085
1,1.0181
1,1.0003
1,1.0002
1,1.0071
1,1.0205
1,1.0144
1,1.0001
1,1.0189
1,1.0327
1,1.0158
1,1.0235
1,1.0428
1,1.0049
1,1.0057
1,1.0151
1,1.0506
1,1.0355
1,1.0143
1,1.0827
1,1.0118
1,1.0605
1,1.0098
1,1.0053
1,0.99966
1,1.0004
1,1.0002
1,1.0597
1,1.006
1,1.0003
1,1.0079
1,0.99957
1,1.0113
1,1.0211
1,1.03
1,1.0005
1,1.0516
1,0.99995
1,1.0044
1,1.0008
1,1.0314
1,1.0347
1,1.0078
1,1.0084
1,1.0142
1,1.0139
1,1.0272
1,1.0161
1,1.0043
1,1.0188
1,0.9999
1,1.0339
1,1.0411
1,1.0199
1,1.0009
1,1.0442
1,1.0403
1,1.0593
1,1.0151
1,1.0002
1,1.0496
1,1.0071
1,1.037
1,1.0253
1,1.0124
1,1.0126
1,1.0275
1,1
1,1.0087
1,1.0158
1,1.0648
1,1.0135
1,1.0125
1,1.0041
1,1.0055
1,1.0047
1,1.0398
1,1.0029
1,1.0196
1,1.0102
1,1.0232
1,1.0402
1,1.0017
1,1.0221
1,1.0586
1,1.0009
1,1.0189
1,1.0022
1,1.0225
1,1.0105
1,1.0426
1,1.016
1,1.0003
1,1.0283
1,1.0164
1,1.0001
1,1.0744
1,1.0084
1,1.0002
1,1.0026
1,1.0191
1,1.0216
1,1.0156
1,1.0278
1,1.0219
1,1.0027
1,1.1133
1,1.0321
1,1.0521
1,1.009
1,1.0382
1,1.0647
1,1.0505
1,1.0041
1,1.0119
1,1.0093
1,1.0264
1,1.0273
1,1.0131
1,1.0884
1,1.0223
1,1.0223
1,1.0002
1,1.0225
1,1.0051
1,1.023
1,1.0492
1,1.0156
1,1.0118
1,1.0488
1,1.004
1,1.0436
1,1.0182
1,1.0256
1,0.99965
1,1.0085
1,1.0001
1,1.0309
1,1.0143
1,1.011
1,1.0045
1,1.0171
1,1.0056
1,1.0001
1,1.0037
1,1.0185
1,1.0094
1,0.99992
1,1.0064
1,1.01
1,1.0068
1,1.0787
1,1.0038
1,1.0114
1,1.0168
1,1.0042
1,1.0803
1,1.015
1,1.0098
1,1.0176
1,1.022
1,1.0868
1,1.0056
1,1.0002
1,1.0102
1,1.0251
1,1.0003
1,1.0001
1,1.0084
1,1.0175
1,1.0236
1,1.0369
1,1.0231
1,1.0247
1,1.0001
1,1.0448
1,1.0067
1,1.0082
1,1.0117
1,1.0261
1,1.0114
1,0.99999
1,1.0054
1,1.0176
1,1.0505
1,1.0111
1,1.0051
1,1.0115
1,1.0383
1,1.0094
1,1.0106
1,1.01
1,1.0725
1,0.99969
1,1.0158
1,1.0201
1,1.0089
1,1.0132
1,1.0287
1,1.0142
1,1.0328
1,1.0462
1,1.0072
1,0.9997
1,1.0066
1,1.0002
1,1.0019
1,1.0107
1,1.0369
1,1.0107
1,1.0186
1,1.0086
1,1
1,1.0131
1,1.0215
1,1.0179
1,1.0309
1,1.0031
1,1.0241
1,1.0057
1,1.026
1,1.015
1,1.0413
1,1.0566
1,1.0025
1,1.0178
1,1.0245
1,1.0087
1,1.0203
1,1.0103
1,1.0077
1,1.014
1,1.0012
1,1.022
1,1.012
1,1.0092
1,1.0129
1,0.99979
1,1.0227
1,1.1345
1,1.0077
1,1.002
1,1.0093
1,1.0284
1,1.0001
1,1.0146
1,1.0052
1,1.0353
1,0.99986
1,1.0002
1,1.0224
1,1.0067
1,1.0086
1,1.0109
1,1.0077
1,1.0078
1,1.0078
1,1.0338
1,1.0001
1,1.0483
1,1.0149
1,1.0194
1,1.041
1,1.0061
1,1.0137
1,0.99974
1,1.0881
1,1.0278
1,1.0046
1,1.0004
1,1.002
1,1.0142
1,1.0015
1,1.0119
1,1.0327
1,1.018
1,1.0024
1,0.99977
1,1.013
1,1
1,1.0149
1,1.0144
1,1.0352
1,1.0329
1,1.0077
1,1.0033
1,1.0573
1,1.0092
1,1.0088
1,1.0153
1,1.0048
1,1.02
1,1.2004
1,1.0062
1,1.0156
1,1.0161
1,1.0053
1,1.032
1,1.0156
1,1.0397
1,1.0055
1,0.99999
1,1.0305
1,1.0093
1,1.0258
1,1.0049
1,1.021
1,1.0867
1,1.0073
1,1.0071
1,1.017
1,1.0089
1,1.0049
1,1.0145
1,1.0002
1,1.0175
1,1.0155
1,1.0265
1,1.0125
1,1.0187
1,1.0341
1,1.0095
1,1.0075
1,0.99961
1,1.0299
1,1.0122
1,1.0033
1,1.1217
1,1.0074
1,1.0159
1,1.0094
1,1.0003
1,1.0111
1,1.0492
1,1.0418
1,1.044
1,1.0043
1,1.0002
1,1.0281
1,1.0103
1,1.0034
1,1.0088
1,1.0059
1,1.0138
1,1.0041
1,1.0131
1,0.9999
1,1.0074
1,1.0096
1,1.0088
1,1.0352
1,1.0185
1,1.024
1,1.0056
1,1.0319
1,1.0173
1,1.0141
1,1.0083
1,1.0209
1,1.0079
1,1.0002
1,1.0207
1,1.0874
1,1.0032
1,0.99971
1,1.0203
1,1.0167
1,1.0037
1,1.0228
1,1.0462
1,1.0088
1,0.99964
1,1.0199
1,1.042
1,1.0253
1,1.0233
1,1.0043
1,1.0114
1,1.0116
1,1.0023
1,0.99996
1,1.0491
1,0.99961
1,1.0003
1,1.0126
1,1.0203
1,0.9997
1,1.0154
1,1.0443
1,1.0083
1,1.0389
1,1.0005
1,1.1646
1,1.0574
1,1.0001
1,0.99979
1,1.0498
1,1.0326
1,1.0515
1,1.018
1,1.0218
1,1.0642
1,1.0025
1,1.0169
1,1.0348
1,1.0002
1,1.0071
1,0.99987
1,1.0613
1,1.0847
1,1.0363
1,1.0003
1,0.99993
1,1.0083
1,1.0141
1,1.0599
1,1.0001
1,1.1042
1,1.0346
1,1.0701
1,1.0446
1,1.0091
1,1.0228
1,1.0294
1,1.0644
1,1.0398
1,0.99984
1,1.0198
1,1.1036
1,1.0314
1,1.0332
1,1.0008
1,0.99956
1,1.0297
1,1.0063
1,0.99968
1,1.0376
1,1.0085
1,1.0074
1,1.1
1,1.0996
1,1.0604
1,1.0348
1,1.013
1,1.0135
1,1.0151
1,1.0458
1,1.0037
1,1.0632
1,1.0243
1,1.0288
1,1.0147
1,1.0149
1,1
1,1.0856
1,1.0187
1,1.0794
1,1.0141
1,1.0594
1,1.0189
1,1.0995
1,1.0081
1,1.048
1,1.03
1,1.0091
1,1.04
1,1.0014
1,1.0002
1,1.0848
1,1.0092
1,1.0464
1,1.0988
1,1.0388
1,1.0208
1,1.0111
1,1.015
1,1.0001
1,1.0041
1,1.0687
1,1.026
1,1.0289
1,1.0597
1,1.0134
1,1.0096
1,1.0176
1,1.0003
1,1.0318
1,1.1223
1,1.0152
1,1.0033
1,1.0213
1,1.0374
1,1.0061
1,0.99993
1,1.0043
1,1.0618
1,1.025
1,1.0111
1,1.0128
1,1.063
1,1.0352
1,1.1029
1,1.0614
1,1.2357
1,1.0059
1,1.0027
1,1.1325
1,1.0122
1,1.0475
1,1.0035
1,1.0397
1,1.0146
1,1.0605
1,1.0384
1,1.0274
1,1.0248
1,1.0652
1,1.0201
1,1.086
1,1.065
1,1.0459
1,1.0871
1,1.0475
1,0.99983
1,1.2493
1,1.0469
1,1.0022
1,1.0993
1,1.0063
1,1.1503
1,1.0169
1,1.1256
1,1.0017
1,1.0007
1,1.0346
1,1.0002
1,1.0211
1,1.0128
1,1.0269
1,1.0166
1,1.0125
1,1.0477
1,1.0015
1,1.0548
1,1.0387
1,0.99993
1,1.0871
1,1.0538
1,0.99952
1,1.0803
1,1.019
1,1.0049
1,1.0341
1,1.0164
1,1.0154
1,1.0082
1,1.0374
1,1.0105
1,1.0176
1,1.0251
1,1.1788
1,1.0069
1,1.0165
1,1.0478
1,1.0395
1,1.0293
1,1.0149
1,1.0169
1,1.0386
1,1.0099
1,1.0552
1,1.0161
1,1.0093
1,1.0494
1,1.0136
1,1.0087
1,1.0505
1,1.0299
1,1.021
1,1.0606
1,1.0226
1,0.99986
1,1.0208
1,1.0183
1,1.0014
1,1.0651
1,1.0093
1,1.0113
1,1.0182
1,1.0088
1,1
1,1.0195
1,1.0495
1,1.0762
1,1.0151
1,1.0011
1,1.0128
1,1.0301
1,1.0058
1,1.0276
1,1.0329
1,1.0002
1,1.0261
1,1.0161
1,1.0459
1,1.02
1,1.0598
1,1.0118
1,1.026
1,1.0833
1,1.0316
1,0.99999
1,1.1073
1,1.0721
1,1.0182
1,1.0463
1,1.0571
1,1.0093
1,1.0065
1,1.009
1,1.11
1,1.0306
1,1.0571
1,1.0834
1,1.0024
1,1.0459
1,1.1456
1,1.0084
1,1.0136
1,1.0143
1,1.0255
1,1.0123
1,1.0421
1,1.048
1,1.0097
1,1.013
1,1.045
1,1.1015
1,1.0456
1,1.0098
1,1.0001
1,1.0029
1,1.0047
1,1.0171
1,1.0497
1,1.0313
1,1.0201
1,1.0036
1,1.098
1,1.0736
1,1.0049
1,1.0267
1,1.0413
1,1.0003
1,1.0315
1,1.0957
1,1.1313
1,1.0328
1,1.0122
1,1.0409
1,1.0473
1,1.0947
1,1.0115
1,1.0257
1,1.0713
1,1.0135
1,0.99973
1,1.0344
1,1.0886
1,1.172
1,1.0256
1,1.0282
1,1.0251
1,1.0142
1,1.0255
1,1.0858
1,1.044
1,1.0105
1,1.0291
1,1.0276
1,1.0137
1,1.0691
1,1.0517
1,1.2582
1,1.0589
1,1.004
1,1.1384
1,1.0666
1,1.119
1,1.0291
1,1.029
1,1.0333
1,1.0402
1,1.0097
1,1.0646
1,1.038
1,0.99988
1,1.0272
1,1.038
1,1.0306
1,1.0085
1,1.0969
1,1.0239
1,1.0547
1,1.0002
1,1.0374
1,1.0056
1,1.0323
1,1.0095
1,1.0875
1,1.0508
1,1.0978
1,1.0418
1,1.0288
1,1.0292
1,1.0142
1,1.0252
1,1.0212
1,1.1053
1,1.0503
1,1.0353
1,1.0259
1,1.0806
1,1.132
1,1.0408
1,1.1966
1,1.0628
1,1.0463
1,1.0745
1,1.0124
1,1.0995
1,1.1119
1,1.0104
1,1.0058
1,1.0355
1,1.0155
1,1.0305
1,1.0976
1,1.0327
1,1.0095
1,1.0011
1,1.0109
1,1.0218
1,1.0824
1,1.0082
1,1.0228
1,1.0437
1,1.021
1,1.034
1,1.0245
1,1.0682
1,1.1417
1,1.0136
1,1.0797
1,1.0321
1,1.1518
1,1.0363
1,1.1127
1,1.0443
1,1.0614
1,1.0543
1,1.0042
1,1.0218
1,1.0693
1,1.0503
1,1.0122
1,1.0099
1,1.0928
1,1.0036
1,1.0186
1,1.0268
1,1.0598
1,1.0144
1,1.1
1,1.0091
1,1.0498
1,1.0251
1,1.1643
1,1.0209
1,1.0003
1,1.028
1,1.0428
1,1.0611
1,1.0267
1,1.0642
1,1.0217
1,1.0138
1,1.018
1,1.0596
1,1.0214
1,1.0269
1,1.036
1,1.0239
1,1.0299
1,1.0228
1,0.99972
1,1.0221
1,0.99985
1,1.0252
1,1.0976
1,1.0223
1,1.0688
1,1.0331
1,1.0374
1,1.0488
1,1.1245
1,1.0336
1,1.0145
1,1.028
1,1.0147
1,1.0212
1,1.0274
1,1.0514
1,1.0097
1,1.0509
1,1.0198
1,1.0413
1,1.0278
1,1.0403
1,1.1108
1,1.0732
1,1.066
1,1.0554
1,1
1,1.0047
1,1.1166
1,1.0169
1,1.0503
1,1.1418
1,1.025
1,1.0407
1,1.0126
1,1.038
1,1.037
1,1.0504
1,1.0285
1,1.0911
1,1.0113
1,1.0407
1,1.0159
1,1.066
1,1.0555
1,1.1564
1,1.0087
1,1.0226
1,1.1011
1,1.0007
1,1.0407
1,1.1463
1,1.0474
1,0.9999
1,1.0157
1,1.0798
1,1.1666
1,1.0846
1,1.0145
1,1.1129
1,1.0355
1,1.021
1,1.0698
1,1.0778
1,1.0043
1,1.0167
1,1.0822
1,1.0401
1,1.1078
1,1.0622
1,1.1435
1,1.0299
1,1.0576
1,1.0046
1,1.1742
1,1.0143
1,1.0762
1,1.0236
1,1.0223
1,0.99971
1,1.0163
1,1.0796
1,1.0296
1,1.0594
1,1.0504
1,1.0096
1,1.0561
1,1.0308
1,1.0681
1,1.0124
1,1.0592
1,1.0673
1,1.088
1,1.0304
1,1.0576
1,1.0321
1,1.0693
1,1.0145
1,1.0004
1,1.029
1,1.0386
1,1.1033
1,1.0417
1,1.0127
1,1.0508
1,1.0172
1,1.0357
1,1.0153
1,1.0178
1,1.1019
1,1.0111
1,1.0733
1,1.1234
1,1.0281
1,1.0589
1,1.1036
1,1.0206
1,1.0352
1,1.0212
1,1.0612
1,1.0221
1,1.0231
1,1.0186
1,1.0719
1,1.0245
1,1.0104
1,1.0645
1,1.0322
1,1.0742
1,1.0334
1,1.0306
1,1.1565
1,1.0103
1,1.0293
1,1.0292
1,1.1481
1,1.0218
1,1.0536
1,1.0082
1,1.0361
1,1.2332
1,1.0051
1,1.0343
1,1.1024
1,1.0032
1,1.0529
1,1.0291
1,1.0217
1,1.0329
1,1.0105
1,1.0584
1,1.185
1,1.0226
1,1.0616
1,1.0461
1,1.0978
1,1.0271
1,1.0291
1,1.0863
1,1.037
1,1.0595
1,1.0541
1,1.0292
1,1.0406
1,1.0718
1,1.0766
1,1.118
1,1.0178
1,1.0679
1,1.016
1,1.1042
1,1.0247
1,1.0068
1,1.113
1,1.0809
1,1.0604
1,1.0037
1,1.0022
1,1.0092
1,1.0425
1,1.0158
1,1.0733
1,1.0813
1,1.0712
1,1.122
1,1.0229
1,1.0001
1,1.0768
1,1.0539
1,1.0897
1,1.0213
1,1.0649
1,1.068
1,1.0089
1,0.9995
1,1.0098
1,1.0077
1,1.0603
1,1.0324
1,1.1093
1,1.1523
1,1.0482
1,1.0292
1,1.0093
1,1.0113
1,1.1865
1,1.0502
1,1
1,1.0992
1,1.0819
1,1.1176
1,1.0237
1,1.0377
1,1.0881
1,1.0782
1,1.0358
1,1.0086
1,1.0192
1,1.0129
1,1.064
1,1.0539
1,1.0785
1,1.0098
1,1.0285
1,1.0532
1,1.0171
1,1.1209
1,1.1119
1,1.0321
1,1.0229
1,1.0193
1,1.009
1,1.0917
1,1.0528
1,1.3245
1,1.0758
1,1.0672
1,1.0517
1,1.047
1,1.0345
1,1.0223
1,1.0152
1,1.1422
1,1.1664
1,1.0414
1,1.0404
1,1.0101
1,1.0001
1,1.1016
1,1.0416
1,1.15
1,1.0121
1,1.0277
1,1.043
1,1.025
1,1.0311
1,1.0274
1,1.0481
1,1.0468
1,1.0407
1,1.0023
1,1.0172
1,1.0251
1,1.0647
1,1.0352
1,1.0322
1,1.0928
1,1.1162
1,1.0222
1,1.0599
1,1.1344
1,1.0865
1,1.1285
1,1.0142
1,1.0244
1,1.0377
1,1.0632
1,1.0192
1,1.0344
1,1.0206
1,1.0778
1,1.0557
1,1.1233
1,1.0047
1,1.0159
1,1.0084
1,1.0099
1,1.0001
1,1.0538
1,1.006
1,1.0352
1,1.071
1,1.0456
1,1.0865
1,1.017
1,1.0124
1,1.0014
1,1.0713
1,1.0087
1,1.0575
1,1.0699
1,1.1073
1,1.0083
1,1.0885
1,1.1381
1,1.0735
1,1.0967
1,1.023
1,1.0632
1,1.0137
1,1.002
1,1.1057
1,1.0092
1,1.0293
1,1.023
1,1.0251
1,1.0287
1,1.0194
1,1.1347
1,1.1251
1,1.0624
1,1.0578
1,1.0312
1,1.0963
1,1.0206
1,1.1429
1,1.0512
1,1.1765
1,1.0371
1,1.1236
1,1.0196
1,1.0145
1,1.0432
1,1.0266
1,1.0254
1,1.0033
1,1.0255
1,1.0113
1,1.1229
1,1.0117
1,1.0246
1,1.0438
1,1.0174
1,1.0843
1,1.0174
1,1.0354
1,1.0325
1,1.0249
1,1.0239
1,1.0365
1,1.1418
1,1.0335
1,1.0187
1,1.0133
1,1.0335
1,1.0098
1,1.0233
1,1.0707
1,1.0116
1,1.0911
1,0.99988
1,1.0259
1,1.0862
1,1.0168
1,1.0285
1,1.0085
1,1.1274
1,1.0581
1,1.0044
1,1.1106
1,1.0284
1,1.0568
1,1.0771
1,1.1038
1,1.0241
1,1.0303
1,1.0621
1,1.0378
1,1.0303
1,1.0274
1,1.0316
1,1.0153
1,1.0299
1,1.0632
1,1.1214
1,1.0269
1,1.0591
1,1.0003
1,1.0601
1,1.0172
1,1.0333
1,1.0145
1,1.0802
1,1.0837
1,1.0338
1,1.0919
1,1.0485
1,1.0137
1,1.009
1,1.0531
1,1.068
1,1.0526
1,1.0109
1,1.0486
1,1.0355
1,1.0314
1,1.014
1,1.0583
1,1.2008
1,1.0191
1,1.0196
1,1.0963
1,1.0057
1,1.0497
1,1.0857
1,1.0516
1,1.0636
1,1.0214
1,1.028
1,1.0239
1,1.0048
1,1.0862
1,1.0602
1,1.1048
1,1.0435
1,1.1745
1,1.003
1,1.0573
1,1.0115
1,1.1399
1,1.0104
1,1.0937
1,1.011
1,1.0135
1,1.061
1,1.0297
1,1.045
1,0.99956
1,1.0578
1,1.0515
1,1.0529
1,1.0059
1,1.0312
1,1.0386
1,1.0311
1,1.0456
1,1.0223
1,1.0493
1,1.0385
1,1.0745
1,1.1078
1,1.0121
1,1.0113
1,1.0724
1,1.0308
1,1.2682
1,1.0197
1,1.0096
1,1.0669
1,1.0766
1,1.0186
1,1.0024
1,1.0291
1,0.99971
1,1.0198
1,1.0086
1,1.0112
1,1.0455
1,1.0745
1,1.0397
1,1.0559
1,1.0812
1,1.0238
1,1.1101
1,1.1096
1,1.0334
1,1.0502
1,1.0706
1,1.0387
1,1.0042
1,1.0373
1,1.215
1,1.0316
1,1.0624
1,1.0221
1,1.0338
1,1.0077
1,1.0936
1,1.0795
1,1.0216
1,1.0299
1,1.1931
1,1.0805
1,1.1377
1,1.077
1,1.0161
1,1.1846
1,1.0278
1,1.0288
1,1.0326
1,1.0265
1,1.0264
1,1.0155
1,1.0317
1,1.0461
1,1.0871
1,1.0231
1,1.0222
1,1.1055
1,1.0245
1,1.0534
1,1.0804
1,1.024
1,1.149
1,1.0777
1,1.1449
1,1.0266
1,1.0769
1,1.0094
1,1.0336
1,1.0046
1,1.024
1,1.0308
1,1.191
1,1.0639
1,1.0889
1,1.0464
1,1.0098
1,1.0156
1,1.0054
1,1.064
1,1.0207
1,1.0121
1,1.0694
1,1.0537
1,1.0164
1,1.1078
1,1.0129
1,1.0111
1,1.066
1,1.058
1,1.0098
1,1.0636
1,1.0557
1,1.0749
1,1.0368
1,1.0981
1,1.0611
1,1.0545
1,1.09
1,1.0366
1,1.0288
1,1.0231
1,1.0111
1,1.0111
1,1.0926
1,1.0601
1,1.009
1,1.0529
1,1.054
1,1.0016
1,1.0682
1,1.0272
1,1.0115
1,1.0246
1,1.0651
1,1.0165
1,1.0182
1,1.0483
1,1.0653
1,1.0933
1,1.0125
1,1.0157
1,1
1,1.0412
1,1.0192
1,1.0044
1,1.0545
1,1.011
1,1.0366
1,1.0626
1,1.0197
1,1.0104
1,1.0316
1,1.0614
1,1.033
1,1.1233
1,1.0428
1,1.0244
1,1.0051
1,1.0482
1,1.1247
1,1.0348
1,1.1313
1,1.0109
1,1.1181
1,1.0795
1,1.0115
1,1.0716
1,1.0373
1,1.0539
1,1.0116
1,1.0202
1,1.0293
1,1.0295
1,1.0035
1,1.1028
1,1.0468
1,1.0205
1,1.0001
1,1.002
1,1.0284
1,1.011
1,1.0557
1,1.0167
1,1.0114
1,1.0737
1,1.0206
1,1.0536
1,1.0157
1,1.0774
1,1.0515
1,1.0333
1,1.0265
1,1.0084
1,1.0062
1,1.0135
1,1.108
1,1.0599
1,1.0223
1,1.0826
1,1.0442
1,1.002
1,1.093
1,1.0133
1,1.0932
1,1.0002
1,1.1421
1,1.066
1,1.056
1,1.0523
1,1.1538
1,1.0959
1,1.0204
1,1.0056
1,1.0213
1,1.0956
1,1.0643
1,1.1366
1,1.0918
1,1.0917
1,1.0231
1,1.0057
1,0.99977
1,1.0019
1,1.0414
1,1.1282
1,1.091
1,1.0004
1,1.0719
1,1.1603
-1,0.99801
-1,0.96295
-1,0.96238
-1,0.99822
-1,0.99518
-1,0.99271
-1,1.0003
-1,0.99936
-1,0.99723
-1,0.98422
-1,0.9686
-1,0.97453
-1,1.0025
-1,0.99143
-1,0.99053
-1,0.99468
-1,0.97865
-1,1.0028
-1,0.98665
-1,1.0083
-1,0.98156
-1,0.98877
-1,0.98268
-1,0.9913
-1,0.99504
-1,0.99302
-1,1.0179
-1,0.98067
-1,0.99697
-1,0.98949
-1,0.99829
-1,1.0032
-1,0.98393
-1,1.0074
-1,0.97545
-1,1.0233
-1,0.98803
-1,1.0023
-1,1.0289
-1,0.99412
-1,0.99885
-1,0.98887
-1,1.0028
-1,0.99395
-1,0.98785
-1,0.98715
-1,0.99887
-1,1.0082
-1,0.98621
-1,0.95253
-1,0.99344
-1,1.0237
-1,0.98396
-1,0.98664
-1,0.98787
-1,0.98282
-1,1.0003
-1,1.0127
-1,1.0267
-1,0.97958
-1,1.0068
-1,0.98829
-1,0.99789
-1,0.99252
-1,0.99302
-1,0.98935
-1,0.99045
-1,0.99751
-1,0.99251
-1,0.98903
-1,0.97837
-1,0.9904
-1,0.9922
-1,0.99697
-1,0.98889
-1,0.99231
-1,0.99152
-1,1.0259
-1,0.98093
-1,0.99835
-1,0.97983
-1,0.99894
-1,0.99899
-1,0.97629
-1,0.99542
-1,1.0036
-1,0.98917
-1,0.99537
-1,0.98892
-1,0.99546
-1,0.98341
-1,0.99661
-1,1.0197
-1,0.99689
-1,0.98559
-1,0.98162
-1,1.0155
-1,0.97554
-1,0.98759
-1,1.0198
-1,1.0021
-1,0.98938
-1,0.99986
-1,1.0117
-1,1.0146
-1,1.004
-1,0.99833
-1,0.99178
-1,1.0043
-1,0.99013
-1,1.0166
-1,1.0006
-1,1.0254
-1,0.99491
-1,0.99498
-1,1.0103
-1,0.96399
-1,1.0014
-1,1.0325
-1,0.97527
-1,1.0133
-1,0.98492
-1,0.99583
-1,1.024
-1,0.99909
-1,0.98293
-1,1.024
-1,0.95903
-1,1.0023
-1,1.0097
-1,1.0172
-1,0.98797
-1,0.98844
-1,0.99325
-1,0.99358
-1,1.0206
-1,1.0103
-1,0.98367
-1,0.99824
-1,0.99705
-1,1.0029
-1,0.98324
-1,0.99812
-1,0.98995
-1,0.99078
-1,0.9934
-1,0.98721
-1,1.0135
-1,1.0149
-1,1.0131
-1,0.97824
-1,1.0142
-1,1.012
-1,1.019
-1,0.99631
-1,0.99222
-1,0.99793
-1,1.0043
-1,0.99185
-1,1.0051
-1,1.0123
-1,1.005
-1,0.99792
-1,0.99293
-1,0.9934
-1,0.9824
-1,0.99123
-1,1.0313
-1,1.0276
-1,0.97638
-1,1.0108
-1,0.9879
-1,1.0068
-1,0.98498
-1,0.99722
-1,1.0043
-1,1.0112
-1,1.0092
-1,0.98998
-1,0.99719
-1,1.0019
-1,0.99485
-1,1.0111
-1,0.99102
-1,1.0048
-1,1.0138
-1,1.0003
-1,0.99221
-1,0.99525
-1,1.0072
-1,0.98333
-1,0.99608
-1,1.0197
-1,1.0059
-1,0.9996
-1,1.0131
-1,1.0036
-1,1.0186
-1,1.0104
-1,0.99448
-1,1.015
-1,1.0055
-1,1.004
-1,0.99512
-1,0.99782
-1,1.0081
-1,0.99383
-1,1.0143
-1,0.99591
-1,1.0051
-1,0.99983
-1,1.0066
-1,0.99779
-1,1.0015
-1,0.99406
-1,0.99486
-1,0.99995
-1,0.99521
-1,1.0082
-1,1.0056
-1,0.98563
-1,1.0038
-1,1.0032
-1,0.98699
-1,0.9926
-1,0.98594
-1,0.99107
-1,0.99043
-1,0.99905
-1,0.95818
-1,1.0042
-1,0.99438
-1,0.99872
-1,0.99816
-1,1.0005
-1,0.9905
-1,0.94881
-1,1.0152
-1,0.99977
-1,1.0035
-1,1.0042
-1,1.0079
-1,1.0228
-1,0.99003
-1,0.97613
-1,0.99698
-1,0.99013
-1,0.99885
-1,0.99938
-1,0.98851
-1,1.0053
-1,1.016
-1,1.0004
-1,1.0145
-1,0.96463
-1,0.9657
-1,0.98832
-1,0.99409
-1,0.99455
-1,0.9877
-1,1.0089
-1,1.0069
-1,1.0079
-1,1.0018
-1,1.0295
-1,0.99246
-1,0.99017
-1,0.99693
-1,1.0117
-1,0.98565
-1,0.99139
-1,0.99612
-1,0.98686
-1,0.9974
-1,1.0055
-1,1.0123
-1,0.98763
-1,0.97198
-1,0.99995
-1,0.98399
-1,0.99404
-1,0.9981
-1,1.0076
-1,1.014
-1,1.0035
-1,1.0151
-1,0.99513
-1,0.99915
-1,1.0062
-1,1.0084
-1,0.99563
-1,1.0066
-1,0.98645
-1,0.99548
-1,0.99915
-1,1.0052
-1,1.005
-1,0.99354
-1,1.0036
-1,1.007
-1,0.99246
-1,0.98562
-1,1.0088
-1,1.0038
-1,1.0148
-1,0.99601
-1,0.99231
-1,0.97951
-1,1.0188
-1,0.99072
-1,1.0011
-1,1.0041
-1,0.97783
-1,1.0028
-1,1.004
-1,0.99522
-1,0.98972
-1,1.0133
-1,0.98418
-1,0.99742
-1,0.97804
-1,0.99712
-1,0.99286
-1,0.99934
-1,0.99984
-1,0.99848
-1,1.0057
-1,1.0108
-1,0.99731
-1,0.95932
-1,0.99747
-1,0.99391
-1,0.97253
-1,0.97846
-1,0.99593
-1,0.99257
-1,1.0106
-1,1.0041
-1,0.99755
-1,1.0042
-1,0.99405
-1,0.99267
-1,0.97148
-1,0.9857
-1,0.99968
-1,0.99707
-1,0.98799
-1,0.9778
-1,0.99015
-1,0.99932
-1,0.98869
-1,0.97786
-1,0.99283
-1,1.0063
-1,0.98191
-1,1.0004
-1,1.0259
-1,1.0071
-1,0.99718
-1,0.98664
-1,0.99909
-1,0.99434
-1,0.99088
-1,0.99842
-1,1.0007
-1,0.9931
-1,1.0105
-1,0.98755
-1,1.011
-1,0.9891
-1,0.99289
-1,0.97282
-1,1.0005
-1,0.9878
-1,0.97765
-1,0.97072
-1,0.99161
-1,1.0111
-1,0.98933
-1,0.98938
-1,1.0153
-1,0.99358
-1,0.99448
-1,0.99149
-1,0.98052
-1,0.98205
-1,1.0024
-1,0.99281
-1,0.98823
-1,1.0109
-1,0.99651
-1,0.99042
-1,0.99075
-1,1.001
-1,1.0119
-1,0.97886
-1,0.98549
-1,0.98426
-1,1.0102
-1,0.99353
-1,1.0139
-1,0.99337
-1,0.99494
-1,1.0169
-1,0.99259
-1,0.9929
-1,1.0159
-1,0.99402
-1,1.0104
-1,0.99837
-1,0.99437
-1,0.98537
-1,1.0124
-1,0.99559
-1,0.98834
-1,0.9795
-1,1.0077
-1,0.99089
-1,0.99874
-1,0.99957
-1,0.99072
-1,0.99982
-1,0.98813
-1,0.99747
-1,0.99817
-1,0.99673
-1,0.99811
-1,1.011
-1,0.99762
-1,1.0023
-1,0.99841
-1,0.97561
-1,0.9835
-1,1.0114
-1,0.97085
-1,1.0056
-1,0.98779
-1,0.99165
-1,0.99525
-1,0.96706
-1,0.98162
-1,0.99663
-1,1.0048
-1,0.99947
-1,0.98288
-1,0.99813
-1,0.98019
-1,1.0007
-1,0.98698
-1,0.99355
-1,0.98024
-1,0.99552
-1,0.98772
-1,0.99758
-1,0.99772
-1,0.9871
-1,0.99738
-1,0.98942
-1,0.98366
-1,1.0022
-1,0.99643
-1,1.007
-1,0.99007
-1,1.0015
-1,1.0104
-1,0.9956
-1,0.98483
-1,0.99338
-1,0.99221
-1,0.99879
-1,0.99398
-1,1.0009
-1,1.0086
-1,0.9938
-1,0.99332
-1,1.0087
-1,0.99763
-1,0.98504
-1,0.99049
-1,1.0275
-1,0.99837
-1,0.99504
-1,0.99268
-1,0.98582
-1,1.0055
-1,0.97245
-1,0.99391
-1,1.0038
-1,0.98331
-1,0.98214
-1,0.99708
-1,1.002
-1,1.0179
-1,0.98966
-1,0.99878
-1,1.0016
-1,1.003
-1,0.99255
-1,1.0019
-1,1.0016
-1,1.0015
-1,0.95752
-1,0.97466
-1,0.99432
-1,0.99344
-1,1.0035
-1,1.0005
-1,0.99501
-1,1.0142
-1,0.99539
-1,0.99464
-1,0.99354
-1,1.0128
-1,1.0027
-1,0.98887
-1,0.99067
-1,0.98461
-1,0.99309
-1,0.98236
-1,1.0012
-1,1.0064
-1,0.97965
-1,0.967
-1,0.97764
-1,0.98857
-1,0.99292
-1,1.0084
-1,0.98026
-1,0.99674
-1,0.98366
-1,1.0071
-1,1.0017
-1,0.99276
-1,0.99991
-1,0.98173
-1,0.98222
-1,0.99443
-1,0.99073
-1,0.99044
-1,1.005
-1,0.99215
-1,0.975
-1,0.99701
-1,1.0156
-1,0.98472
-1,0.9685
-1,0.98724
-1,0.99093
-1,0.99937
-1,0.99823
-1,0.9835
-1,0.99174
-1,1.0047
-1,0.98868
-1,0.99282
-1,0.99488
-1,0.98917
-1,1.0023
-1,0.99214
-1,0.98702
-1,0.99283
-1,0.98569
-1,0.99387
-1,1.0045
-1,0.9909
-1,1.0037
-1,0.98389
-1,0.99829
-1,0.99413
-1,1.0054
-1,0.99801
-1,0.99146
-1,1.0114
-1,0.99769
-1,0.99543
-1,0.99255
-1,0.99783
-1,0.99006
-1,0.99629
-1,0.99973
-1,0.99901
-1,0.99796
-1,0.99849
-1,0.9823
-1,0.99112
-1,0.99066
-1,0.98762
-1,1.005
-1,0.98981
-1,0.99797
-1,1.0011
-1,0.99966
-1,0.9954
-1,0.99838
-1,0.99318
-1,0.99795
-1,1.0122
-1,1.0004
-1,0.99567
-1,0.99125
-1,1.0057
-1,0.98004
-1,0.99092
-1,0.99943
-1,0.9963
-1,1.0097
-1,1.002
-1,0.99773
-1,0.99513
-1,0.98168
-1,0.98845
-1,1.001
-1,1.0045
-1,1.0026
-1,1.0028
-1,0.97088
-1,1.0203
-1,0.98735
-1,0.9898
-1,0.98081
-1,1.0162
-1,0.97603
-1,0.97692
-1,0.98115
-1,0.96109
-1,1.0134
-1,0.99243
-1,0.99535
-1,0.99443
-1,0.99951
-1,1.0031
-1,1.0035
-1,0.94068
-1,1.011
-1,0.99225
-1,1.004
-1,0.98908
-1,1.0055
-1,1.0011
-1,1.0039
-1,0.99159
-1,1.0052
-1,1.0023
-1,0.99176
-1,1.0106
-1,0.99004
-1,1.0065
-1,1.0066
-1,0.99403
-1,0.99491
-1,0.99673
-1,0.99792
-1,1.0022
-1,1.0023
-1,0.98976
-1,1.0117
-1,1.0014
-1,1.0017
-1,1.0045
-1,0.99907
-1,0.99292
-1,0.99024
-1,0.98504
-1,1.0053
-1,1.0176
-1,1.0035
-1,1.0014
-1,0.99337
-1,0.99331
-1,0.97763
-1,0.99885
-1,1.0084
-1,0.98001
-1,0.98258
-1,0.99318
-1,0.99523
-1,0.98389
-1,1.0088
-1,1.0013
-1,0.96342
-1,1.0046
-1,0.99716
-1,0.98556
-1,0.99071
-1,0.99231
-1,0.99249
-1,0.98986
-1,0.98629
-1,0.9925
-1,1.0062
-1,0.99242
-1,1.0015
-1,0.99426
-1,0.99662
-1,1.0346
-1,1.0084
-1,0.9998
-1,0.98214
-1,1.0213
-1,1.0021
-1,0.96921
-1,1.0076
-1,0.99708
-1,0.99965
-1,0.98216
-1,1.0205
-1,0.99898
-1,0.99586
-1,0.98985
-1,1.004
-1,1.0096
-1,0.98043
-1,0.99976
-1,0.99234
-1,0.99823
-1,0.99901
-1,0.98837
-1,0.9964
-1,0.99001
-1,1.0122
-1,1.0022
-1,1.0032
-1,0.99998
-1,1.0008
-1,1.0002
-1,0.98697
-1,0.99419
-1,1.0011
-1,0.98938
-1,0.98574
-1,0.99521
-1,1.0104
-1,0.9923
-1,0.97587
-1,0.99264
-1,0.99308
-1,0.99563
-1,0.9922
-1,1.0097
-1,0.98381
-1,0.99302
-1,0.98548
-1,0.98954
-1,0.98711
-1,0.97731
-1,0.99131
-1,0.98634
-1,0.9822
-1,0.98658
-1,1.0044
-1,0.98401
-1,0.98731
-1,0.99761
-1,0.98697
-1,0.99321
-1,1.0108
-1,1.0111
-1,0.99782
-1,0.99902
-1,1.0006
-1,0.99786
-1,0.98813
-1,1.0096
-1,0.99854
-1,0.9926
-1,0.99906
-1,1.0015
-1,0.99958
-1,1.0097
-1,1.0062
-1,0.96038
-1,0.99608
-1,0.97946
-1,0.99051
-1,0.99145
-1,0.99588
-1,1.0139
-1,0.99657
-1,0.98714
-1,0.99374
-1,0.99696
-1,0.98749
-1,0.99861
-1,0.99039
-1,0.97988
-1,0.98989
-1,0.98898
-1,0.98634
-1,0.99371
-1,0.97196
-1,1.0599
-1,0.99451
-1,0.99794
-1,0.99382
-1,0.97825
-1,1.006
-1,0.99386
-1,0.98867
-1,0.99765
-1,0.99026
-1,0.97567
-1,0.99594
-1,0.98911
-1,0.98419
-1,0.99124
-1,0.98229
-1,1.0106
-1,0.98166
-1,0.99326
-1,0.99301
-1,0.99999
-1,1.008
-1,0.96803
-1,1.0042
-1,1.0039
-1,0.98852
-1,1.0081
-1,0.99766
-1,0.99198
-1,0.98874
-1,1.0061
-1,0.98373
-1,1.0373
-1,0.9966
-1,0.99274
-1,1.0016
-1,0.9966
-1,0.97939
-1,0.98832
-1,0.9896
-1,0.99756
-1,0.98285
-1,0.98928
-1,1.0129
-1,0.99431
-1,1.0299
-1,0.99652
-1,0.9906
-1,0.99725
-1,0.97505
-1,0.9723
-1,0.9971
-1,0.99817
-1,0.99539
-1,0.99117
-1,0.9746
-1,0.99274
-1,0.99761
-1,0.96989
-1,0.99592
-1,0.98716
-1,1.0067
-1,0.99132
-1,0.99044
-1,0.99993
-1,1.0022
-1,0.98789
-1,0.9703
-1,1.0056
-1,0.98781
-1,1.0042
-1,0.98618
-1,0.99231
-1,1.0076
-1,0.99643
-1,0.99656
-1,0.99667
-1,0.98534
-1,0.99385
-1,0.99496
-1,0.99927
-1,0.99906
-1,1.0047
-1,0.99195
-1,1.0133
-1,0.98084
-1,0.99396
-1,0.95835
-1,0.98875
-1,0.99101
-1,0.98885
-1,1.0046
-1,1.0044
-1,1.003
-1,0.9979
-1,0.99629
-1,0.99738
-1,0.98922
-1,0.98929
-1,0.99362
-1,0.98631
-1,0.9877
-1,0.98802
-1,1.0005
-1,0.98954
-1,0.98495
-1,0.99631
-1,0.99263
-1,1.002
-1,0.99155
-1,0.99289
-1,0.9979
-1,0.99668
-1,1.0029
-1,0.98906
-1,0.99257
-1,0.99563
-1,0.99799
-1,0.98694
-1,0.97513
-1,0.9888
-1,0.98527
-1,0.99276
-1,1.0085
-1,1.0177
-1,0.99787
-1,0.99569
-1,0.99753
-1,1.0101
-1,0.9999
-1,1.0011
-1,1.0202
-1,0.99988
-1,0.99636
-1,0.98646
-1,0.97659
-1,0.99275
-1,0.98145
-1,0.98355
-1,0.99033
-1,0.99505
-1,0.99759
-1,0.99611
-1,0.99631
-1,0.99452
-1,0.97226
-1,0.9719
-1,1.0033
-1,0.97315
-1,0.99699
-1,0.99257
-1,0.99991
-1,0.99495
-1,0.99129
-1,0.9985
-1,1.0118
-1,0.99928
-1,0.98287
-1,0.99154
-1,0.99566
-1,0.97326
-1,0.98463
-1,0.99219
-1,0.99156
-1,0.9896
-1,0.99596
-1,1.0121
-1,1.0088
-1,0.99486
-1,0.95971
-1,0.98937
-1,0.99549
-1,0.99475
-1,0.98776
-1,0.98697
-1,0.98685
-1,1.0117
-1,1.0002
-1,0.99585
-1,0.99808
-1,0.98794
-1,0.99609
-1,0.97456
-1,0.99111
-1,0.99868
-1,0.98718
-1,0.9794
-1,0.9994
-1,0.9925
-1,1.0189
-1,0.99801
-1,0.95532
-1,0.99346
-1,0.99768
-1,1.0031
-1,0.99833
-1,1.0022
-1,0.99966
-1,0.98529
-1,0.99233
-1,0.98943
-1,0.98626
-1,0.94864
-1,0.99819
-1,1.003
-1,0.9802
-1,0.99451
-1,0.98501
-1,0.99461
-1,0.99249
-1,0.98163
-1,0.9975
-1,1.0355
-1,0.99991
-1,0.99928
-1,0.99585
-1,0.99003
-1,0.99206
-1,0.99602
-1,1.0231
-1,1.0151
-1,1.0251
-1,0.99393
-1,1.0001
-1,0.99234
-1,0.96899
-1,0.99823
-1,0.98473
-1,0.99636
-1,0.99783
-1,1.0018
-1,0.99654
-1,1.0089
-1,0.99638
-1,0.99823
-1,0.99292
-1,1.0062
-1,0.98
-1,1.0067
-1,0.99594
-1,1.0002
-1,0.99256
-1,1.0046
-1,0.99257
-1,0.99802
-1,1.0012
-1,0.99491
-1,1.0025
-1,0.98316
-1,0.99096
-1,1.0064
-1,0.99544
-1,0.99937
-1,0.99138
-1,0.99443
-1,1.0063
-1,0.99945
-1,0.98858
-1,0.98832
-1,0.99895
-1,0.99052
-1,0.99349
-1,0.99634
-1,0.98523
-1,1.0096
-1,0.97324
-1,0.98493
-1,0.99295
-1,0.99743
-1,1.0062
-1,0.98695
-1,0.98404
-1,0.97668
-1,0.99442
-1,1.0108
-1,0.98385
-1,0.9882
-1,0.99705
-1,0.99411
-1,0.997
-1,1.0058
-1,0.99805
-1,0.98842
-1,1.0054
-1,0.99146
-1,0.99756
-1,0.98361
-1,0.97725
-1,1.0104
-1,0.99195
-1,1.0009
-1,1.0064
-1,0.98504
-1,0.9977
-1,1.006
-1,0.99991
-1,0.98086
-1,1.0075
-1,0.98901
-1,1.0044
-1,1.0043
-1,1.0109
-1,0.99053
-1,0.97842
-1,0.95828
-1,0.97155
-1,0.98348
-1,0.98428
-1,0.97842
-1,0.99738
-1,0.9978
-1,0.99646
-1,1.0067
-1,1.0012
-1,0.98892
-1,1.0034
-1,0.98308
-1,0.98275
-1,0.9946
-1,0.98339
-1,0.99136
-1,1.001
-1,0.9923
-1,0.99551
-1,1.0113
-1,0.99036
-1,0.99834
-1,1.0171
-1,0.98884
-1,1.0002
-1,1.0115
-1,0.99305
-1,1.0058
-1,0.99851
-1,0.98689
-1,0.9852
-1,0.96492
-1,0.99072
-1,0.98734
-1,0.98947
-1,0.99233
-1,1.001
-1,0.99214
-1,0.98548
-1,0.9969
-1,1.0008
-1,1.0003
-1,0.98174
-1,1.0116
-1,1.0056
-1,1.009
-1,1.0014
-1,1.0028
-1,0.99292
-1,0.97981
-1,0.99867
-1,1.0134
-1,0.97981
-1,0.99586
-1,1.0001
-1,1.0061
-1,0.99328
-1,1.0026
-1,1.0108
-1,0.98378
-1,0.99791
-1,0.98349
-1,1.0024
-1,1.0055
-1,0.97806
-1,1.0038
-1,0.98388
-1,0.99786
-1,0.97671
-1,0.99746
-1,1.0095
-1,0.98198
-1,1.0067
-1,0.99043
-1,0.99586
-1,0.99877
-1,0.9912
-1,0.98724
-1,0.96932
-1,0.98761
-1,0.99463
-1,0.99519
-1,0.991
-1,0.99602
-1,0.99209
-1,0.99877
-1,0.98806
-1,0.9906
-1,0.98541
-1,1.0081
-1,0.98382
-1,0.95135
-1,0.98896
-1,1.0017
-1,0.995
-1,0.98473
-1,0.99317
-1,0.98056
-1,0.99882
-1,0.97312
-1,0.99573
-1,0.98822
-1,0.99574
-1,0.98283
-1,0.98875
-1,1.0064
-1,0.984
-1,1.0022
-1,0.97174
-1,0.99279
-1,0.93944
-1,0.98811
-1,0.9843
-1,0.97757
-1,0.98584
-1,1.0021
-1,0.99059
-1,0.99325
-1,0.98758
-1,0.9981
-1,0.98819
-1,0.98864
-1,0.99321
-1,0.99388
-1,1.0018
-1,0.98368
-1,0.99202
-1,0.97598
-1,1.0035
-1,0.988
-1,0.97942
-1,0.9892
-1,1.0062
-1,0.99303
-1,0.96049
-1,0.96307
-1,0.9829
-1,0.97199
-1,1.0256
-1,0.98929
-1,0.99719
-1,1.0037
-1,0.98485
-1,1.0062
-1,0.97722
-1,0.99085
-1,1.0075
-1,0.9852
-1,0.981
-1,0.994
-1,0.99815
-1,0.9891
-1,0.988
-1,1.0011
-1,1.0039
-1,0.99034
-1,1.0133
-1,1.0102
-1,1.0114
-1,0.98261
-1,0.99108
-1,1.0004
-1,0.97611
-1,0.98818
-1,0.98446
-1,1.0077
-1,0.99525
-1,0.98998
-1,0.98788
-1,0.99032
-1,0.98986
-1,1.0008
-1,0.99531
-1,0.99798
-1,0.99943
-1,0.99708
-1,0.99585
-1,0.95611
-1,0.98215
-1,0.987
-1,0.99199
-1,0.97937
-1,0.98923
-1,0.97875
-1,0.97724
-1,0.98342
-1,0.99179
-1,0.98971
-1,1.0118
-1,0.99253
-1,0.995
-1,1.0018
-1,0.98277
-1,0.99206
-1,0.99139
-1,1.0019
-1,0.99767
-1,0.99933
-1,0.99195
-1,0.98862
-1,0.97376
-1,0.99178
-1,0.99203
-1,0.98911
-1,0.97323
-1,0.99516
-1,0.99296
-1,0.99008
-1,0.96881
-1,0.98992
-1,0.99699
-1,1.0025
-1,0.98862
-1,0.98607
-1,0.99112
-1,0.99071
-1,0.99473
-1,1.0012
-1,0.99539
-1,0.98903
-1,0.97815
-1,1.0084
-1,0.99753
-1,0.9795
-1,0.98746
-1,0.99083
-1,0.98919
-1,0.98139
-1,0.99209
-1,0.98869
-1,0.96186
-1,1.007
-1,0.96104
-1,0.98562
-1,0.99363
-1,0.9969
-1,0.99545
-1,0.97866
-1,0.98344
-1,0.9964
-1,0.99604
-1,0.99158
-1,0.99243
-1,0.97594
-1,0.98613
-1,0.96957
-1,0.99642
-1,1.0026
-1,0.98775
-1,0.98855
-1,0.9873
-1,1.0034
-1,0.99881
-1,1.0193
-1,1.0104
-1,0.98646
-1,0.9933
-1,0.9808
-1,0.9928
-1,0.99429
-1,0.97115
-1,0.9628
-1,0.98948
-1,0.99162
-1,1.0082
-1,0.98933
-1,0.9929
-1,0.98985
-1,1.0034
-1,0.99624
-1,0.97461
-1,0.99265
-1,0.99388
-1,0.98809
-1,0.98601
-1,0.99186
-1,0.98758
-1,0.99335
-1,0.99253
-1,0.99996
-1,0.99179
-1,0.99115
-1,1.0559
-1,0.99682
-1,0.9861
-1,0.9831
-1,0.99569
-1,0.9961
-1,0.99649
-1,0.9914
-1,0.97942
-1,0.9783
-1,0.98536
-1,0.99262
-1,0.99111
-1,1.0055
-1,0.99999
-1,0.99213
-1,1.0006
-1,0.98552
-1,0.98801
-1,0.99703
-1,0.98772
-1,0.99757
-1,0.99412
-1,0.99001
-1,0.97885
-1,0.98582
-1,0.99271
-1,1.007
-1,0.99714
-1,1.0166
-1,1.0034
-1,0.99717
-1,1.0067
-1,0.99615
-1,0.98575
-1,0.99307
-1,0.988
-1,0.99888
-1,0.98559
-1,0.93527
-1,0.98752
-1,1.0039
-1,0.99664
-1,0.96963
-1,1.0009
-1,0.9917
-1,0.98287
-1,0.98587
-1,0.96735
-1,0.97217
-1,0.96219
-1,0.99963
-1,0.99148
-1,0.98829
-1,1.0194
-1,1.0045
-1,0.99645
-1,0.98674
-1,1.0014
-1,0.99935
-1,0.97757
-1,0.94802
-1,0.97837
-1,0.99799
-1,0.98136
-1,0.97652
-1,0.9868
-1,0.99416
-1,1.0092
-1,0.98074
-1,0.97515
-1,1.0022
-1,0.99022
-1,1.0239
-1,1
-1,0.98012
-1,0.99498
-1,0.9932
-1,0.97154
-1,0.99108
-1,0.99036
-1,1.024
-1,0.97212
-1,0.86313
-1,0.99472
-1,1.0058
-1,0.99142
-1,0.96028
-1,0.9911
-1,0.98487
-1,0.99191
-1,0.99633
-1,1.0216
-1,0.97121
-1,0.99218
-1,0.99689
-1,0.9962
-1,0.99283
-1,1.0083
-1,0.99711
-1,1.004
-1,0.98556
-1,0.9946
-1,1.0014
-1,0.99
-1,0.9798
-1,0.99285
-1,0.99812
-1,1.0179
-1,1.0006
-1,1.0045
-1,0.99912
-1,0.99516
-1,1.001
-1,0.98622
-1,0.9935
-1,0.97963
-1,0.99593
-1,0.97661
-1,0.99853
-1,1.0154
-1,0.99838
-1,1.0006
-1,0.97812
-1,0.9816
-1,0.98766
-1,0.99641
-1,0.99984
-1,0.98699
-1,0.99432
-1,1.0061
-1,0.99854
-1,0.99557
-1,1.0019
-1,0.99395
-1,0.98385
-1,0.99482
-1,0.99366
-1,0.97748
-1,1.0124
-1,0.99835
-1,0.98987
-1,1.0064
-1,0.98828
-1,0.98561
-1,1.0054
-1,0.99953
-1,0.99593
-1,0.99173
-1,0.99755
-1,1.0068
-1,1.0097
-1,1.0227
-1,1.0074
-1,1.0017
-1,0.99819
-1,1.006
-1,1.0164
-1,0.98772
-1,0.9947
-1,0.99971
-1,1.0008
-1,0.97494
-1,0.99581
-1,0.996
-1,0.99768
-1,0.98123
-1,1.0088
-1,0.99284
-1,0.99189
-1,0.99548
-1,0.99909
-1,0.99818
-1,0.99407
-1,0.99648
-1,0.98476
-1,0.99047
-1,0.99601
-1,0.98312
-1,0.98413
-1,0.97627
-1,0.96597
-1,0.99385
-1,0.97409
-1,0.98439
-1,0.99587
-1,0.97946
-1,0.99778
-1,1.0055
-1,1.0187
-1,1.0012
-1,0.98093
-1,0.97785
-1,0.99578
-1,0.98843
-1,0.99559
-1,0.99101
-1,1.0051
-1,0.9944
-1,0.98282
-1,0.9552
-1,0.99901
-1,0.99467
-1,0.9953
-1,0.97082
-1,0.96711
-1,1.0109
-1,0.97301
-1,0.98413
-1,0.9805
-1,0.99039
-1,0.99861
-1,0.97871
-1,1.0003
-1,0.98855
-1,0.96505
-1,0.99856
-1,0.98577
-1,0.9917
-1,0.98254
-1,0.99437
-1,0.99459
-1,0.98452
-1,0.99801
-1,1.0032
-1,1.0049
-1,0.98902
-1,0.98719
-1,0.98876
-1,0.99336
-1,1.0046
-1,0.99947
-1,0.98316
-1,0.99217
-1,0.98626
-1,0.97927
-1,1.0073
-1,0.98618
-1,0.99412
-1,0.9899
-1,0.98979
-1,0.9801
-1,0.99723
-1,0.99099
-1,0.98162
-1,0.9948
-1,0.99526
-1,0.98343
-1,1.0025
-1,1.0007
-1,1.0021
-1,1.007
-1,0.98846
-1,0.98548
-1,0.99583
-1,0.98748
-1,1.0024
-1,1.0073
-1,1.0068
-1,1.0007
-1,1.0002
-1,0.99436
-1,0.99826
-1,1.0235
-1,0.98049
-1,0.98897
-1,0.96848
-1,0.99319
-1,0.99568
-1,0.98877
-1,0.98665
-1,0.99246
-1,0.98946
-1,0.99524
-1,0.99408
-1,0.99368
-1,1.0042
-1,1.0057
-1,0.98854
-1,1.004
-1,0.99145
-1,0.98765
-1,0.9773
-1,1.0054
-1,0.98193
-1,1.0094
-1,0.98174
-1,0.99896
-1,0.98363
-1,0.99706
-1,0.98691
-1,0.99008
-1,0.9759
-1,0.99403
-1,1.0115
-1,0.96535
-1,0.99478
-1,1.0058
-1,0.99287
-1,0.97823
-1,0.96342
-1,0.99284
-1,0.96603
-1,0.99503
-1,0.99551
-1,0.99198
-1,0.98288
-1,0.98986
-1,0.99413
-1,1.0068
-1,0.99693
-1,1.0007
-1,0.99972
-1,0.96438
-1,0.98925
-1,1.007
-1,0.92837
-1,0.99054
-1,0.9948
-1,0.98758
-1,0.98799
-1,0.97997
-1,0.99908
-1,1.0069
-1,0.99488
-1,0.99604
-1,1.0002
-1,0.9907
-1,0.9847
-1,0.99335
-1,0.99025
-1,0.97379
-1,1.0135
-1,1.0147
-1,0.99583
-1,0.96316
-1,0.97399
-1,0.98979
-1,0.98952
-1,1.0125
-1,0.95779
-1,0.99089
-1,0.98795
-1,0.99412
-1,0.99293
-1,0.97171
-1,1.0035
-1,0.99205
-1,0.97316
-1,0.96907
-1,0.97953
-1,0.99119
-1,0.98266
-1,1.0034
-1,0.98276
-1,0.96885
-1,1.0074
-1,1.0166
-1,0.99508
-1,1.0099
-1,0.96077
-1,0.98321
-1,0.98274
-1,1.0193
-1,0.98126
-1,0.97511
-1,0.99071
-1,0.98444
-1,0.98593
-1,0.9912
-1,0.99278
-1,0.99415
-1,0.99197
-1,1.0032
-1,1.0087
-1,1.0043
-1,0.98358
-1,0.98992
-1,0.9921
-1,0.98363
-1,0.98508
-1,0.98754
-1,1.0082
-1,0.99493
-1,0.97926
-1,1.0017
-1,1.0098
-1,1.0019
-1,0.99966
-1,0.97486
-1,1.0057
-1,1.0066
-1,0.98174
-1,0.96728
-1,0.97957
-1,0.98124
-1,0.98276
-1,0.99821
-1,0.98703
-1,0.97321
-1,0.99011
-1,0.97389
-1,1.0002
-1,0.98982
-1,1.0016
-1,0.92293
-1,0.99475
-1,0.99883
-1,1.0062
-1,0.9936
-1,0.98519
-1,1.0016
-1,0.97296
-1,0.99052
-1,0.99335
-1,0.99255
-1,0.9946
-1,0.99032
-1,0.99627
-1,0.99908
-1,1.0006
-1,0.99118
-1,0.99755
-1,0.99063
-1,1.0242
-1,0.97856
-1,0.98815
-1,0.98994
-1,1.007
-1,0.99092
-1,1.0058
-1,1.0251
-1,1.0064
-1,0.9953
-1,1.003
-1,0.98535
-1,0.99765
-1,0.98792
-1,0.98914
-1,0.97611
-1,0.98681
-1,0.99977
-1,0.99981
-1,0.99945
-1,0.99211
-1,0.98094
-1,0.98753
-1,0.98585
-1,0.97184
-1,0.99868
-1,1.0005
-1,1.003
-1,0.99972
-1,0.99087
-1,0.99611
-1,0.99074
-1,0.9895
-1,0.97455
-1,0.98522
-1,0.98349
-1,0.98388
-1,0.98369
-1,0.97421
-1,0.98444
-1,0.98391
-1,0.99381
-1,0.99802
-1,0.99181
-1,0.99744
-1,1.0062
-1,0.99326
-1,0.99196
-1,0.98566
-1,0.9985
-1,1.0026
-1,0.98458
-1,0.99041
-1,0.97505
-1,0.98819
-1,1.0058
-1,0.98631
-1,0.96448
-1,1.001
-1,1.0074
-1,0.9675
-1,0.99254
-1,0.98344
-1,0.96643
-1,0.99696
-1,0.98233
-1,1.0001
-1,1.0269
-1,0.99093
-1,0.98327
-1,0.9975
-1,0.99111
-1,1.0198
-1,0.99903
-1,0.9961
-1,0.98691
-1,0.98718
-1,0.98926
-1,1.0003
-1,1.0612
-1,0.99463
-1,0.99659
-1,0.99706
-1,0.99668
-1,0.99428
-1,0.98768
-1,0.98072
-1,0.9959
-1,0.99645
-1,0.99373
-1,0.99857
-1,0.99183
-1,0.9911
-1,1.0134
-1,0.99564
-1,1.0111
-1,0.97619
-1,1.0002
-1,0.98717
-1,0.99492
-1,0.9982
-1,0.99095
-1,0.98348
-1,1.0452
-1,0.99083
-1,0.99647
-1,1.0021
-1,0.99212
-1,0.99107
-1,0.98421
-1,0.99963
-1,0.99002
-1,0.98759
-1,0.99534
-1,1.0008
-1,0.99566
-1,0.99903
-1,0.99882
-1,0.98651
-1,0.99858
-1,0.97971
-1,1.0072
-1,0.99672
-1,0.97406
-1,0.98206
-1,1.0003
-1,0.98782
-1,0.98277
-1,0.99729
-1,1.0072
-1,0.97208
-1,0.9846
-1,0.97031
-1,0.99921
-1,0.96947
-1,0.99028
-1,0.98551
-1,1.0021
-1,1.0128
-1,0.9869
-1,0.98331
-1,0.99659
-1,0.98938
-1,0.98512
-1,0.97875
-1,1.0541
-1,0.98548
-1,0.9706
-1,0.98798
-1,0.98098
-1,0.98952
-1,0.98121
-1,0.99237
-1,0.98513
-1,0.98414
-1,0.99873
-1,1.0044
-1,1.0227
-1,0.9837
-1,0.98826
-1,0.98937
-1,0.98042
-1,0.9993
-1,0.99792
-1,1.0007
-1,0.99027
-1,0.99761
-1,1.009
-1,0.98368
-1,1.0028
-1,0.99091
-1,0.99408
-1,0.97824
-1,1.0001
-1,0.98932
-1,0.98732
-1,1.0066
-1,1.0004
-1,1.0062
-1,0.97301
-1,1.0023
-1,0.99634
-1,0.98725
-1,0.99213
-1,0.99155
-1,0.99936
-1,0.9887
-1,1.0009
-1,0.99819
-1,1.0017
-1,1.0007
-1,1.0089
-1,1.004
-1,0.99316
-1,0.99522
-1,1.0041
-1,0.99988
-1,0.9779
-1,0.97821
-1,1.0035
-1,1.0031
-1,1.005
-1,0.98389
-1,0.97389
-1,0.99035
-1,0.98714
-1,0.99893
-1,0.99621
-1,0.98783
-1,0.98998
-1,0.98523
-1,1.0094
-1,1.0118
-1,0.98838
-1,0.99413
-1,0.99827
-1,0.98744
-1,0.99583
-1,0.98888
-1,0.9833
-1,0.98056
-1,1.012
-1,0.99771
-1,0.99212
-1,0.98044
-1,0.99244
-1,1.0086
-1,0.98905
-1,0.98397
-1,1.0086
-1,0.9922
-1,0.99001
-1,1.0028
-1,0.98597
-1,0.97877
-1,0.9977
-1,0.97772
-1,1.0176
-1,0.99734
-1,0.97335
-1,1.0059
-1,1.0302
-1,0.98132
-1,0.96939
-1,1.0018
-1,0.98642
-1,1.0136
-1,1.0095
-1,1.0008
-1,0.9929
-1,0.99101
-1,0.99487
-1,1.0263
-1,1.0036
-1,1.0059
-1,0.95799
-1,0.99935
-1,0.98751
-1,0.99684
-1,0.99272
-1,0.97504
-1,0.99991
-1,0.99725
-1,0.9873
-1,1.0143
-1,0.94545
-1,0.99636
-1,1.0073
-1,0.95455
-1,0.99086
-1,1.0044
-1,1.034
-1,0.99799
-1,0.9843
-1,0.99045
-1,0.97651
-1,1.0125
-1,0.9904
-1,0.97993
-1,0.98239
-1,0.9983
-1,0.98966
-1,0.97633
-1,0.98962
-1,0.98653
-1,0.98818
-1,0.9912
-1,0.99776
-1,0.99077
-1,0.99486
-1,0.99117
-1,1.0005
-1,0.97299
-1,0.98047
-1,1.0057
-1,0.98793
-1,0.99743
-1,0.97241
-1,0.98331
-1,0.9874
-1,0.99485
-1,1.006
-1,0.99067
-1,0.98056
-1,1.0013
-1,0.98708
-1,0.98895
-1,0.99308
-1,0.98312
-1,1.0092
-1,0.99032
-1,0.99362
-1,0.99913
-1,1.0003
-1,0.9446
-1,0.98817
-1,0.97892
-1,0.99528
-1,0.99441
-1,0.98235
-1,0.9884
-1,0.9829
-1,0.99367
-1,0.98648
-1,0.9896
-1,0.98379
-1,0.99415
-1,0.98747
-1,0.99459
-1,0.99193
-1,0.98559
-1,0.98662
-1,0.98465
-1,0.99367
-1,0.98942
-1,1.0003
-1,0.98473
-1,0.97454
-1,0.99442
-1,1.0071
-1,0.97589
-1,1.0014
-1,0.97425
-1,0.98715
-1,0.98902
-1,1.0011
-1,0.99507
-1,0.99698
-1,0.97792
-1,0.99162
-1,0.99081
-1,1.0007
-1,0.98304
-1,0.99952
-1,1.0022
-1,1.0048
-1,0.99257
-1,1.0102
-1,1.0128
-1,0.99536
-1,1.0049
-1,0.96597
-1,0.99269
-1,0.98506
-1,0.9787
-1,0.97757
-1,0.99803
-1,0.98077
-1,0.98385
-1,0.97898
-1,0.97815
-1,0.97613
-1,1.0037
-1,0.99475
-1,0.98872
-1,0.99405
-1,0.96936
-1,0.99963
-1,1.002
-1,0.97602
-1,0.97493
-1,0.98232
-1,1.0028
-1,1.0027
-1,1.0076
-1,0.9851
-1,0.99944
-1,0.99594
-1,0.97677
-1,0.98988
-1,0.99586
-1,0.99522
-1,0.98624
-1,0.98776
-1,0.97473
-1,1.0041
-1,1.0009
-1,0.99137
-1,1.003
-1,1.0075
-1,0.99194
-1,0.96793
-1,0.99056
-1,0.9751
-1,1.0036
-1,0.96879
-1,0.99582
-1,0.99703
-1,0.98707
-1,0.99266
-1,0.97769
-1,0.99293
-1,0.99236
-1,0.99557
-1,1.0022
-1,1.0061
-1,0.9878
-1,0.99128
-1,0.99304
-1,0.98707
-1,1.0012
-1,0.99349
-1,0.98958
-1,0.98604
-1,1.0131
-1,0.97974
-1,0.99888
-1,0.98967
-1,0.98391
-1,0.99208
-1,1.005
-1,0.97006
-1,1.0152
-1,1.0114
-1,0.99389
-1,0.99315
-1,0.98364
-1,0.98412
-1,1.0008
-1,0.99826
-1,0.98708
-1,0.99056
-1,0.96772
-1,0.97084
-1,1.0018
-1,0.98655
-1,0.99156
-1,0.9918
-1,0.99253
-1,1.001
-1,0.9943
-1,0.97135
-1,0.99399
-1,0.99843
-1,0.98918
-1,0.98935
-1,0.99657
-1,0.99029
-1,0.993
-1,0.97285
-1,0.99992
-1,0.99337
-1,1.0064
-1,0.99649
-1,0.99794
-1,0.99783
-1,0.98324
-1,0.96032
-1,0.99825
-1,1.009
-1,0.99707
-1,0.99975
-1,1.0068
-1,0.9752
-1,0.97555
-1,0.98878
-1,0.98805
-1,0.98668
-1,0.98683
-1,0.98551
-1,0.97887
-1,0.99762
-1,0.99626
-1,0.98973
-1,0.99956
-1,0.98405
-1,0.99579
-1,0.99293
-1,0.9915
-1,0.98941
-1,0.99105
-1,0.99331
-1,0.9657
-1,0.97957
-1,0.994
-1,0.99621
-1,0.99392
-1,0.97924
-1,0.99662
-1,0.98906
-1,0.99901
-1,0.99827
-1,0.99572
-1,0.97394
-1,0.99384
-1,0.9934
-1,1.0016
-1,0.97553
-1,0.99134
-1,0.99412
-1,1.0058
-1,1.0018
-1,0.99223
-1,0.99628
-1,0.98014
-1,0.98789
-1,0.98373
-1,0.9895
-1,0.99639
-1,1.016
-1,1.001
-1,0.98518
-1,0.98359
-1,0.97284
-1,0.99429
-1,1.0142
-1,0.98999
-1,1.0037
-1,0.97213
-1,0.9996
-1,0.99659
-1,0.98343
-1,1.0037
-1,1.0008
-1,1.0034
-1,0.98927
-1,0.99773
-1,0.98188
-1,0.99377
-1,0.99236
-1,1.0108
-1,0.98691
-1,1.0031
-1,0.98446
-1,0.99523
-1,0.9927
-1,0.99038
-1,0.96314
-1,0.9886
-1,0.98945
-1,1.0008
-1,0.96693
-1,1.0034
-1,0.98144
-1,0.99728
-1,0.99947
-1,0.99682
-1,0.97176
-1,0.99684
-1,1.0008
-1,0.98215
-1,0.99303
-1,0.99906
-1,0.99563
-1,0.9973
-1,0.99404
-1,0.99018
-1,0.98886
-1,0.99584
-1,1.0214
-1,0.99093
-1,0.99883
-1,0.99113
-1,0.99433
-1,0.99823
-1,0.98205
-1,1.004
-1,0.9879
-1,1.0101
-1,0.98975
-1,0.9955
-1,1.0012
-1,0.9933
-1,1.0024
-1,0.95747
-1,0.99025
-1,0.99875
-1,0.9876
-1,0.99808
-1,0.99428
-1,1.0047
-1,0.97775
-1,0.99261
-1,0.98992
-1,0.9875
-1,0.99256
-1,0.98632
-1,0.96489
-1,0.99091
-1,0.98432
-1,1.0042
-1,0.99275
-1,1.013
-1,1.0054
-1,0.98729
-1,0.99119
-1,0.99638
-1,1.0026
-1,0.99677
-1,0.99286
-1,1.0107
-1,0.98957
-1,0.99621
-1,0.98461
-1,0.99913
-1,1
-1,0.99063
-1,0.98606
-1,0.98347
-1,0.99836
-1,0.98199
-1,0.99113
-1,0.98937
-1,1.0157
-1,0.99798
-1,1.0078
-1,0.99036
-1,0.9787
-1,0.97463
-1,0.98994
-1,0.99497
-1,0.98402
-1,0.99791
-1,1.0015
-1,0.97824
-1,1.0086
-1,0.98938
-1,1.003
-1,0.99207
-1,1.0253
-1,0.9767
-1,0.98998
-1,0.98277
-1,1.0032
-1,0.99135
-1,0.99362
-1,0.9928
-1,0.98545
-1,0.98486
-1,1.009
-1,0.99356
-1,0.99057
-1,0.97297
-1,0.99561
-1,0.9962
-1,0.99552
-1,1.0204
-1,0.96707
-1,1.002
-1,1.0021
-1,1.0038
-1,0.99329
-1,0.99771
-1,0.98095
-1,0.99676
-1,0.99532
-1,0.99319
-1,1.0027
-1,0.97782
-1,1.0151
-1,0.98846
-1,0.98305
-1,1.0005
-1,0.96477
-1,0.99095
-1,0.99153
-1,0.99491
-1,0.98716
-1,1.007
-1,0.98754
-1,0.97618
-1,0.98213
-1,0.97538
-1,0.98847
-1,0.99164
-1,0.98842
-1,1.0172
-1,0.98868
-1,1.0139
-1,0.99674
-1,0.99613
-1,0.99022
-1,1.0047
-1,0.97738
-1,0.99206
-1,0.9993
-1,1.0128
-1,0.99675
-1,1.0069
-1,0.99642
-1,0.99196
-1,0.99323
-1,0.99248
-1,1.005
-1,0.98206
-1,0.9825
-1,1.0017
-1,0.99715
-1,0.98681
-1,0.99799
-1,1.001
-1,0.99957
-1,0.98863
-1,0.97038
-1,1.0021
-1,1.0045
-1,1.0122
-1,0.99809
-1,1.0012
-1,0.99177
-1,1.0197
-1,0.97179
-1,0.99444
-1,1.001
-1,0.98459
-1,1.0001
-1,0.99159
-1,0.99376
-1,0.98191
-1,1.0177
-1,1.0033
-1,1.0011
-1,0.99573
-1,0.97462
-1,1.0234
-1,0.99775
-1,1.0042
-1,0.99317
-1,0.97774
-1,0.94425
-1,0.98134
-1,0.98154
-1,0.99983
-1,0.99005
-1,0.99898
-1,0.99357
-1,0.99829
-1,0.98014
-1,0.99853
-1,1.041
-1,1.0028
-1,1
-1,0.98255
-1,0.97387
-1,0.98619
-1,0.98181
-1,0.98904
-1,0.99751
-1,0.98115
-1,0.9923
-1,0.9928
-1,0.99122
-1,1.007
-1,0.99545
-1,0.97648
-1,0.98348
-1,0.99038
-1,0.99702
-1,0.98555
-1,0.98689
-1,0.95415
-1,0.9886
-1,0.99291
-1,0.99795
-1,0.99547
-1,0.99338
-1,1.0113
-1,0.99806
-1,1.0051
-1,0.99575
-1,1.0027
-1,0.9871
-1,0.98714
-1,1.0084
-1,0.97595
-1,0.9877
-1,0.99715
-1,1.0048
-1,1.0047
-1,0.98734
-1,0.99288
-1,0.96971
-1,0.98481
-1,1.0011
-1,0.99115
-1,0.99397
-1,1.0142
-1,0.96987
-1,0.98805
-1,1.0101
-1,1.0095
-1,0.9878
-1,0.98216
-1,0.98864
-1,0.98635
-1,0.98357
-1,0.97784
-1,0.95115
-1,1.0006
-1,1.003
-1,1.0349
-1,0.99441
-1,1.0009
-1,0.98457
-1,0.98891
-1,0.98549
-1,0.98342
-1,1.0187
-1,0.99891
-1,1.0079
-1,1.0057
-1,0.98525
-1,0.98992
-1,1.0025
-1,0.99463
-1,0.98932
-1,0.97735
-1,0.99559
-1,0.99084
-1,1.0005
-1,0.9985
-1,0.98686
-1,1.0204
-1,0.99142
-1,0.99615
-1,1.0103
-1,0.99837
-1,1.0049
-1,0.99287
-1,0.99419
-1,1.0049
-1,1.0014
-1,1.0009
-1,0.99829
-1,1.0137
-1,0.98584
-1,0.99846
-1,1.003
-1,0.98849
-1,0.99698
-1,0.98773
-1,0.99589
-1,0.98774
-1,1.0009
-1,1
-1,1.0201
-1,1.0063
-1,0.99502
-1,0.99089
-1,0.98577
-1,1.0045
-1,1.0025
-1,0.98723
-1,0.99683
-1,0.99084
-1,0.99135
-1,1.0077
-1,0.99693
-1,0.98589
-1,0.99348
-1,1.004
-1,0.98743
-1,0.98891
-1,1.0021
-1,1.0011
-1,0.99031
-1,0.99263
-1,0.99008
-1,0.98513
-1,1.0001
-1,0.99573
-1,0.99802
-1,0.98827
-1,0.99042
-1,0.98816
-1,0.99159
-1,0.98998
-1,0.98933
-1,0.98958
-1,0.99475
-1,1.0079
-1,0.99889
-1,0.98988
-1,0.98494
-1,1.0006
-1,0.98275
-1,1.0103
-1,0.98368
-1,0.99549
-1,0.97966
-1,0.95688
-1,1.0015
-1,0.98266
-1,0.98466
-1,0.99717
-1,0.99892
-1,0.98279
-1,0.99122
-1,0.98152
-1,0.98945
-1,0.97356
-1,0.98776
-1,1.007
-1,1.0374
-1,0.99482
-1,0.9903
-1,1.0051
-1,1.0035
-1,1.0026
-1,1.0098
-1,1.0178
-1,0.99354
-1,0.99338
-1,1.0004
-1,0.98496
-1,1.0013
-1,1.0005
-1,1.0014
-1,0.99361
-1,0.98701
-1,0.98731
-1,0.99906
-1,1.006
-1,0.9953
-1,0.98242
-1,0.99986
-1,0.99184
-1,0.98857
-1,0.99545
-1,0.99349
-1,0.99413
-1,1.005
-1,0.99512
-1,1.01
-1,0.98837
-1,0.99543
-1,1.0129
-1,0.98714
-1,0.96836
-1,0.9919
-1,1.0089
-1,0.99059
-1,0.98951
-1,1.0141
-1,0.99891
-1,0.98236
-1,0.98794
-1,0.98511
-1,0.9904
-1,1.0142
-1,1.0046
-1,0.94156
-1,0.99215
-1,0.98573
-1,0.98411
-1,0.97368
-1,0.99023
-1,0.99869
-1,0.9892
-1,0.98994
-1,0.98291
-1,1.0125
-1,0.99259
-1,0.98937
-1,0.99899
-1,0.99228
-1,0.99564
-1,1.0026
-1,0.95966
-1,1.0066
-1,0.9952
-1,0.99938
-1,0.98457
-1,0.96803
-1,0.98919
-1,0.97462
-1,0.9848
-1,0.97946
-1,0.98132
-1,0.99495
-1,1.0181
-1,0.99195
-1,0.92173
-1,1.017
-1,1.0156
-1,0.9862
-1,1.0119
-1,0.983
-1,1.0047
-1,0.98642
-1,0.9901
-1,0.99813
-1,0.98914
-1,0.97988
-1,0.98038
-1,1.0041
-1,1.0016
-1,0.97823
-1,1.0056
-1,0.98752
-1,0.97898
-1,0.99346
-1,1.002
-1,1.0132
-1,0.97968
-1,0.97418
-1,0.98406
-1,0.98376
-1,0.99417
-1,1.0042
-1,0.98352
-1,1.0044
-1,0.96715
-1,0.99373
-1,0.99282
-1,0.99364
-1,0.98563
-1,0.97645
-1,0.98608
-1,0.97443
-1,0.99216
-1,0.98818
-1,0.98283
-1,0.98276
-1,0.99833
-1,1.0012
-1,0.99138
-1,1.01
-1,1.0022
-1,0.98643
-1,0.98963
-1,0.98659
-1,0.99592
-1,0.99415
-1,1.0014
-1,1.0051
-1,1.0021
-1,0.98498
-1,1.0002
-1,0.99281
-1,0.99537
-1,0.99962
-1,0.98568
-1,0.98486
-1,0.99992
-1,0.99375
-1,0.99583
-1,1.0039
-1,0.97347
-1,0.9865
-1,0.97932
-1,0.98867
-1,0.99217
-1,1.0013
-1,0.9805
-1,1.0052
-1,1.0015
-1,0.99439
-1,0.99637
-1,0.98385
-1,0.98801
-1,0.98163
-1,0.99054
-1,1.0227
-1,0.99267
-1,0.98979
-1,1.0087
-1,0.98943
-1,1.0143
-1,1.0211
-1,0.98387
-1,0.99228
-1,0.98941
-1,0.99699
-1,0.99096
-1,1.0146
-1,0.98935
-1,0.99712
-1,0.99918
-1,0.99925
-1,1.0025
-1,0.99359
-1,1.0066
-1,1.0206
-1,0.99271
-1,0.98432
-1,0.99426
-1,0.99891
-1,0.99829
-1,0.98988
-1,1.0103
-1,1.0027
-1,1.0306
-1,1.002
-1,1
-1,0.98061
-1,0.99805
-1,0.99723
-1,0.97685
-1,0.99271
-1,0.99677
-1,0.99637
-1,1.0082
-1,0.98447
-1,0.98845
-1,1.0062
-1,0.97694
-1,0.99093
-1,0.986
-1,1.0077
-1,0.98613
-1,1.0027
-1,0.99674
-1,1.002
-1,0.9811
-1,1.005
-1,1.008
-1,0.9859
-1,0.98642
-1,1.0215
-1,1.0049
-1,0.99345
-1,1.006
-1,0.96816
-1,0.99074
-1,0.98711
-1,0.99778
-1,0.99226
-1,1.0069
-1,0.9732
-1,0.99636
-1,0.97377
-1,1.0055
-1,1.0033
-1,1.0081
-1,1.0015
-1,0.99214
-1,0.9941
-1,1.0124
-1,0.98718
-1,0.99391
-1,0.99711
-1,0.98982
-1,0.97927
-1,0.99625
-1,0.98902
-1,0.99917
-1,0.99632
-1,0.98373
-1,0.98038
-1,0.98912
-1,0.9855
-1,0.99086
-1,1.0006
-1,0.98514
-1,0.99163
-1,0.98714
-1,0.98079
-1,0.97843
-1,0.99393
-1,1.0182
-1,1.0012
-1,0.99087
-1,1.0133
-1,1.0061
-1,0.97963
-1,1.0001
-1,0.99201
-1,0.9578
-1,0.98373
-1,1.0104
-1,1.0022
-1,0.99983
-1,1.0074
-1,1.0056
-1,0.99475
-1,0.99409
-1,0.98381
-1,1.0014
-1,1.016
-1,0.99619
-1,0.99265
-1,0.99173
-1,0.99175
-1,1.002
-1,0.99705
-1,1.0139
-1,0.99464
-1,1.0035
-1,0.99309
-1,1.0027
-1,0.99644
-1,1.0033
-1,1.0053
-1,0.99357
-1,0.99595
-1,1.0209
-1,1.0032
-1,1.0061
-1,0.99582
-1,0.98973
-1,0.99882
-1,1.0273
-1,0.99649
-1,0.97336
-1,0.99752
-1,1.0105
-1,0.9969
-1,0.99679
-1,0.99544
-1,0.99289
-1,0.99303
-1,0.98959
-1,0.99469
-1,0.99733
-1,0.99148
-1,1.0044
-1,0.99471
-1,0.98179
-1,0.9933
-1,0.98942
-1,0.9897
-1,0.99983
-1,1.0208
-1,0.999
-1,0.99245
-1,1.0023
-1,1.0004
-1,1.015
-1,0.99515
-1,0.99656
-1,0.99419
-1,1.0317
-1,0.99347
-1,0.98836
-1,0.98345
-1,0.9889
-1,0.99567
-1,1.0127
-1,1.0023
-1,0.97203
-1,0.9965
-1,1.0176
-1,0.97718
-1,1.0099
-1,0.99152
-1,1.0072
-1,0.99261
-1,0.98925
-1,0.99675
-1,0.99013
-1,1
-1,0.98529
-1,0.98128
-1,1.0025
-1,0.98946
-1,0.99445
-1,0.99121
-1,0.9839
-1,0.97948
-1,0.98961
-1,0.996
-1,1.0087
-1,0.99438
-1,1.0001
-1,0.99863
-1,0.99175
-1,0.99275
-1,0.99542
-1,0.99572
-1,0.98826
-1,0.99996
-1,0.99762
-1,0.99406
-1,1.0044
-1,0.99841
-1,0.98819
-1,1.0043
-1,0.98992
-1,0.98629
-1,0.99466
-1,0.99778
-1,0.99195
-1,0.9939
-1,1.0139
-1,1.0018
-1,0.99068
-1,0.9834
-1,1.0045
-1,0.98937
-1,0.99421
-1,0.98032
-1,0.99469
-1,0.97702
-1,0.99343
-1,0.99547
-1,1.0121
-1,1.0165
-1,0.99076
-1,1.0027
-1,0.99681
-1,1.0022
-1,1.0037
-1,0.99328
-1,0.99169
-1,0.99431
-1,0.98586
-1,0.9942
-1,0.99057
-1,0.98939
-1,0.98892
-1,1.0035
-1,1.0069
-1,0.99899
-1,0.99318
-1,0.98806
-1,0.9942
-1,0.99822
-1,0.99039
-1,0.98796
-1,0.99412
-1,1.0287
-1,0.99313
-1,1.0038
-1,0.98833
-1,0.99798
-1,0.99307
-1,1.0163
-1,0.99081
-1,0.9852
-1,0.9926
-1,0.98774
-1,0.99865
-1,0.99576
-1,0.97526
-1,0.98982
-1,0.98928
-1,0.99664
-1,1.0045
-1,0.98298
-1,0.99998
-1,1.0098
-1,0.97773
-1,0.99221
-1,0.99094
-1,0.99027
-1,0.99642
-1,1.0113
-1,0.99328
-1,0.98049
-1,0.99082
-1,0.99198
-1,1.0049
-1,0.99615
-1,0.99084
-1,0.99044
-1,1
-1,1.0024
-1,1.0227
-1,1.0224
-1,0.99203
-1,1.0077
-1,0.99597
-1,0.98005
-1,1.0154
-1,1.0014
-1,1.0132
-1,0.98891
-1,0.98792
-1,0.95568
-1,0.99509
-1,0.99824
-1,0.98745
-1,0.98288
-1,1.005
-1,1.0022
-1,1.0252
-1,1.0108
-1,1.0132
-1,0.99921
-1,1.0177
-1,1.0059
-1,0.98603
-1,1.0122
-1,1.0139
-1,0.98803
-1,0.9969
-1,1.0156
-1,0.99819
-1,1.0136
-1,1.008
-1,1.009
-1,1.0148
-1,1.0073
-1,0.98576
-1,0.99621
-1,0.99693
-1,0.98503
-1,0.999
-1,1.0092
-1,1.0086
-1,0.99953
-1,1.0006
-1,0.99985
-1,1.0128
-1,0.99949
-1,0.99485
-1,0.98379
-1,0.9971
-1,0.99905
-1,1.0032
-1,0.99533
-1,1.0035
-1,1.0124
-1,0.99857
-1,1.0091
-1,0.98797
-1,1.017
-1,1.0042
-1,0.99673
-1,1.0001
-1,0.9958
-1,0.99029
-1,1.0014
-1,1.0074
-1,0.98755
-1,1.0059
-1,1.0079
-1,0.99851
-1,0.9989
-1,0.99737
-1,1.0143
-1,0.99274
-1,1.0012
-1,0.99263
-1,0.99415
-1,0.98486
-1,0.97069
-1,0.99559
-1,0.99265
-1,0.9928
-1,1.0015
-1,0.99769
-1,0.99718
-1,0.98515
-1,0.9937
-1,0.99215
-1,1.0121
-1,1.0218
-1,1.0143
-1,0.99898
-1,0.99176
-1,0.99958
-1,1.0158
-1,1.0138
-1,1.0049
-1,1.028
-1,0.99519
-1,0.98721
-1,0.97946
-1,0.97112
-1,0.98753
-1,0.99485
-1,0.99708
-1,1.005
-1,0.99661
-1,1.0035
-1,0.99383
-1,0.9862
-1,0.99219
-1,0.98359
-1,0.99535
-1,1.0003
-1,1.0014
-1,0.9822
-1,0.99865
-1,0.99488
-1,0.99354
-1,0.99812
-1,0.97177
-1,0.99667
-1,1.003
-1,1.0008
-1,0.99323
-1,0.99264
-1,0.99899
-1,0.99217
-1,1.0019
-1,0.995
-1,0.98746
-1,0.98318
-1,0.98351
-1,0.97477
-1,0.98257
-1,0.9712
-1,0.99273
-1,0.96949
-1,1.0058
-1,0.98083
-1,0.98416
-1,0.98962
-1,0.97833
-1,0.98826
-1,0.99639
-1,0.98535
-1,0.9819
-1,0.98754
-1,1.005
-1,1.0012
-1,1.0054
-1,0.98306
-1,0.98593
-1,0.99736
-1,0.99725
-1,1.0013
-1,0.99074
-1,1.005
-1,0.99009
-1,1.004
-1,1.0345
-1,1.0011
-1,1.001
-1,1.0024
-1,0.9955
-1,0.99191
-1,1.0003
-1,1.0006
-1,1.0036
-1,0.99478
-1,0.99699
-1,0.9815
-1,0.98483
-1,0.97086
-1,0.99091
-1,0.99992
-1,0.99522
-1,0.99829
-1,0.99883
-1,0.98059
-1,1.0168
-1,0.99646
-1,0.98484
-1,0.98392
-1,1.0018
-1,0.97957
-1,1.0024
-1,1.0041
-1,0.99548
-1,1.0239
-1,0.99504
-1,1.0141
-1,0.9947
-1,0.98445
-1,0.98745
-1,0.97049
-1,1.0192
-1,1.0007
-1,0.98369
-1,1.0095
-1,0.98263
-1,0.98814
-1,0.99908
-1,0.99703
-1,1.0048
-1,0.99083
-1,0.98961
-1,0.98917
-1,0.99163
-1,0.98895
-1,0.9683
-1,0.99068
-1,0.98341
-1,0.97093
-1,0.99952
-1,0.98499
-1,0.99164
-1,0.97149
-1,0.99527
-1,0.99083
-1,0.9933
-1,0.99257
-1,0.998
-1,0.99283
-1,0.99897
-1,1.0039
-1,0.9965
-1,0.99329
-1,0.98586
-1,0.98938
-1,1.0089
-1,0.99175
-1,0.99922
-1,0.99362
-1,0.99735
-1,1.002
-1,0.99766
-1,0.98836
-1,0.99728
-1,1.0123
-1,0.99213
-1,0.96841
-1,0.99185
-1,1.0268
-1,0.99635
-1,1.0009
-1,0.98947
-1,1.0043
-1,0.97608
-1,0.99648
-1,0.99937
-1,0.99815
-1,0.99969
-1,0.99439
-1,1.0008
-1,0.9927
-1,1.0001
-1,1.0077
-1,1.0023
-1,0.99301
-1,1.0036
-1,0.9926
-1,0.99743
-1,1.0128
-1,0.99123
-1,0.99383
-1,0.99513
-1,1.0057
-1,0.98787
-1,0.99077
-1,0.99415
-1,0.97486
-1,0.99487
-1,0.99588
-1,1.0022
-1,0.9975
-1,0.98798
-1,0.99181
-1,0.99988
-1,0.99058
-1,0.94216
-1,0.98797
-1,0.96419
-1,0.98994
-1,0.99758
-1,0.99357
-1,1.0053
-1,1.0082
-1,0.96299
-1,0.98659
-1,0.9865
-1,1.0228
-1,0.988
-1,0.98584
-1,0.99548
-1,0.99858
-1,0.97916
-1,0.97565
-1,0.99458
-1,0.99308
-1,0.99951
-1,0.99327
-1,0.9927
-1,0.991
-1,0.99402
-1,1.0005
-1,0.99671
-1,0.99426
-1,1.0016
-1,0.98162
-1,1.0009
-1,0.98639
-1,0.98515
-1,0.98279
-1,0.98945
-1,0.97624
-1,1.0234
-1,0.99546
-1,0.9712
-1,0.97715
-1,1.0006
-1,0.96385
-1,1.0048
-1,1.0023
-1,0.99544
-1,0.99137
-1,1.0028
-1,0.9991
-1,0.99134
-1,0.99605
-1,1.006
-1,1.0018
-1,1.0025
-1,0.98536
-1,0.99511
-1,0.98975
-1,0.9787
-1,1.0016
-1,0.9986
-1,0.96985
-1,0.99255
-1,0.98844
-1,0.98907
-1,0.98813
-1,0.9768
-1,0.98958
-1,0.98655
-1,0.99779
-1,1.0011
-1,0.97937
-1,1.0119
-1,0.97208
-1,1.0017
-1,0.98842
-1,0.9801
-1,0.99933
-1,1.0104
-1,0.99957
-1,0.99301
-1,0.9984
-1,0.99809
-1,0.98278
-1,0.99027
-1,1.0017
-1,0.98345
-1,0.97754
-1,1.0138
-1,0.999
-1,0.98892
-1,0.98339
-1,0.98576
-1,1.0029
-1,0.99844
-1,0.99141
-1,0.98818
-1,0.98199
-1,0.99101
-1,0.99502
-1,0.9968
-1,0.99205
-1,0.99945
-1,0.98909
-1,0.99786
-1,0.99254
-1,1.0034
-1,0.99535
-1,0.99664
-1,0.999
-1,0.99944
-1,1.0046
-1,1.0146
-1,1.0007
-1,0.98629
-1,1.0059
-1,0.98469
-1,0.99316
-1,1.0035
-1,0.97456
-1,0.98417
-1,0.99776
-1,0.99631
-1,0.98794
-1,0.99812
-1,1.0014
-1,1.0055
-1,0.9981
-1,0.97562
-1,0.99696
-1,0.99219
-1,1.0162
-1,0.99445
-1,0.99266
-1,0.98559
-1,0.97644
-1,0.97613
-1,0.99959
-1,0.9944
-1,0.99784
-1,0.98835
-1,0.99646
-1,1.0009
-1,0.9952
-1,0.97659
-1,0.99502
-1,0.98717
-1,0.99604
-1,0.96014
-1,0.99215
-1,0.98817
-1,0.99844
-1,0.98931
-1,0.99016
-1,1.0138
-1,0.98745
-1,1.0038
-1,1.0018
-1,1.0068
-1,0.99189
-1,1.026
-1,0.98926
-1,0.9909
-1,0.98639
-1,1.0114
-1,1.0014
-1,1.0097
-1,0.98849
-1,0.98893
-1,1.0045
-1,0.99535
-1,0.99943
-1,1.0142
-1,0.99271
-1,1.0063
-1,1.0139
-1,0.99778
-1,0.99443
-1,1.0061
-1,1.004
-1,0.99671
-1,0.99429
-1,0.99895
-1,0.99284
-1,0.9847
-1,0.99794
-1,0.99398
-1,1.0046
-1,1.0129
-1,0.99796
-1,0.99855
-1,0.9945
-1,0.9914
-1,0.99821
-1,0.99536
-1,0.99931
-1,0.99024
-1,0.99856
-1,0.99606
-1,0.98962
-1,0.99937
-1,1.0128
-1,0.9949
-1,0.97699
-1,0.99535
-1,0.99059
-1,1.0028
-1,1.0135
-1,0.99459
-1,0.99895
-1,0.98855
-1,0.99084
-1,0.99828
-1,0.99448
-1,0.99057
-1,0.9909
-1,0.99801
-1,0.99132
-1,0.98711
-1,0.99513
-1,0.99449
-1,0.98374
-1,0.99432
-1,1.0058
-1,0.99996
-1,1.0006
-1,0.9806
-1,0.97763
-1,1.001
-1,0.98814
-1,0.99887
-1,1.019
-1,1.0053
-1,0.98608
-1,1.0083
-1,0.99539
-1,0.99419
-1,0.9945
-1,1.0038
-1,0.99213
-1,1.0016
-1,1.0008
-1,0.98296
-1,1.0058
-1,0.98089
-1,0.99563
-1,0.98925
-1,0.98567
-1,0.98708
-1,0.99862
-1,0.98866
-1,1.0035
-1,0.99409
-1,0.98566
-1,0.99338
-1,1.0079
-1,0.99481
-1,0.98615
-1,0.98157
-1,0.98662
-1,0.99866
-1,1.0006
-1,0.98829
-1,0.9866
-1,0.98273
-1,1.0134
-1,0.97998
-1,0.92646
-1,0.99003
-1,0.97172
-1,1.0136
-1,0.98043
-1,0.99286
-1,0.99327
-1,1.0043
-1,1.0023
-1,0.99555
-1,0.99122
-1,1.0103
-1,0.98339
-1,1.0099
-1,0.98538
-1,1.0089
-1,0.99703
-1,1.0096
-1,1.006
-1,0.99551
-1,0.99132
-1,1.0011
-1,0.99041
-1,0.99497
-1,1.0023
-1,0.99214
-1,0.98058
-1,1.0345
-1,0.99227
-1,0.99721
-1,0.99868
-1,0.9947
-1,0.99335
-1,0.98943
-1,0.98933
-1,0.98687
-1,0.99613
-1,1.0003
-1,0.99881
-1,1.0107
-1,0.9915
-1,1.0135
-1,0.99004
-1,0.98995
-1,0.99278
-1,0.99369
-1,1.0028
-1,0.99347
-1,0.99182
-1,0.982
-1,0.98222
-1,0.99838
-1,0.98985
-1,1.0196
-1,0.99055
-1,0.95926
-1,0.99618
-1,0.99662
-1,0.97689
-1,0.97617
-1,0.99786
-1,1.0101
-1,0.99227
-1,0.98073
-1,1.0027
-1,0.9862
-1,0.98607
-1,0.99613
-1,0.99514
-1,0.97641
-1,0.99345
-1,0.98462
-1,0.99351
-1,0.99181
-1,0.98809
-1,0.9859
-1,0.97665
-1,0.98743
-1,0.98048
-1,0.97834
-1,0.99373
-1,0.99432
-1,0.98199
-1,0.99228
-1,0.98369
-1,0.99144
-1,0.9862
-1,0.97803
-1,0.9637
-1,0.98216
-1,1.0198
-1,0.99248
-1,1.0109
-1,0.99446
-1,0.99122
-1,0.99889
-1,0.98824
-1,0.99792
-1,1.0005
-1,0.97322
-1,0.99169
-1,1.001
-1,1.0091
-1,0.98319
-1,0.98346
-1,0.99304
-1,0.98451
-1,0.99346
-1,1.0203
-1,0.99663
-1,0.96167
-1,0.98385
-1,0.98729
-1,1.009
-1,0.97738
-1,1.0007
-1,0.97558
-1,1.0033
-1,0.99298
-1,0.99003
-1,0.98514
-1,0.99386
-1,0.98029
-1,0.99098
-1,0.97977
-1,0.99564
-1,0.99164
-1,0.99599
-1,0.98381
-1,1.0025
-1,0.99542
-1,0.97586
-1,1.0101
-1,0.98892
-1,0.99652
-1,0.99026
-1,0.99183
-1,0.98348
-1,0.95609
-1,1.0104
-1,0.99244
-1,0.99382
-1,1.0001
-1,1.0063
-1,0.99643
-1,0.98433
-1,1.0051
-1,1.0194
-1,1.0106
-1,1.0014
-1,0.99193
-1,0.99944
-1,1.0095
-1,1.0108
-1,1.0075
-1,0.9929
-1,1.026
-1,0.97845
-1,0.98576
-1,1.0076
-1,0.97819
-1,0.99678
-1,0.99174
-1,1.0079
-1,1.008
-1,0.99773
-1,0.9921
-1,0.99078
-1,0.98967
-1,0.99115
-1,0.98697
-1,1.0083
-1,0.99323
-1,0.99508
-1,1.0075
-1,0.98617
-1,0.99841
-1,0.99176
-1,1.0045
-1,0.98128
-1,0.98821
-1,1.0021
-1,0.98642
-1,0.97428
-1,0.98065
-1,0.99117
-1,0.98863
-1,0.98652
-1,1.0018
-1,1.0061
-1,0.99678
-1,1.0039
-1,1.0012
-1,0.98617
-1,0.99385
-1,1.0015
-1,0.98613
-1,0.99997
-1,1.0129
-1,0.99185
-1,0.98089
-1,0.99914
-1,0.99498
-1,1.0115
-1,0.99681
-1,0.99287
-1,0.98806
-1,0.96505
-1,0.98832
-1,0.99235
-1,0.98622
-1,1.0003
-1,0.99625
-1,1.01
-1,1.0013
-1,0.97872
-1,0.99299
-1,0.98489
-1,1.0001
-1,1.0161
-1,0.9916
-1,1.0063
-1,0.98321
-1,0.99331
-1,0.97365
-1,0.98966
-1,0.99401
-1,1.0064
-1,1.0154
-1,0.98126
-1,0.98957
-1,0.99787
-1,0.98757
-1,0.99584
-1,0.98882
-1,0.97389
-1,0.99755
-1,1.0081
-1,0.99563
-1,0.99701
-1,0.9945
-1,0.99118
-1,0.97356
-1,0.98636
-1,0.98456
-1,0.98788
-1,0.99773
-1,0.98173
-1,0.99207
-1,0.99189
-1,0.9793
-1,0.99603
-1,0.98161
-1,0.99035
-1,0.98961
-1,1.0022
-1,0.99914
-1,1.0141
-1,0.99088
-1,0.99583
-1,0.9579
-1,0.99525
-1,0.98397
-1,0.99028
-1,0.98996
-1,1.0019
-1,1.0024
-1,0.99551
-1,0.9939
-1,0.99001
-1,0.99369
-1,0.99627
-1,0.992
-1,0.99469
-1,0.98696
-1,0.99399
-1,0.99804
-1,0.992
-1,0.99982
-1,0.98368
-1,0.99265
-1,0.99414
-1,0.97936
-1,0.9826
-1,0.97402
-1,0.98171
-1,0.99621
-1,0.9927
-1,0.98515
-1,0.98217
-1,0.99887
-1,0.97868
-1,0.99756
-1,0.94711
-1,0.98334
-1,0.99148
-1,0.98919
-1,0.98074
-1,0.99024
-1,0.99436
-1,1.0018
-1,0.9792
-1,0.98506
-1,0.98212
-1,0.99786
-1,0.98782
-1,0.95282
-1,0.98444
-1,0.97475
-1,0.99776
-1,0.98128
-1,0.98839
-1,0.99162
-1,0.97866
-1,1.0028
-1,0.98531
-1,0.97752
-1,0.98293
-1,0.99238
-1,0.98782
-1,0.99443
-1,0.96784
-1,0.97798
-1,0.96229
-1,0.99534
-1,1.0085
-1,0.98783
-1,0.99348
-1,0.99526
-1,0.99364
-1,1.0016
-1,0.97393
-1,0.99693
-1,1.0326
-1,0.99086
-1,1.0002
-1,0.98057
-1,0.99202
-1,1.0036
-1,0.99622
-1,0.98626
-1,1.0005
-1,0.99903
-1,1.0034
-1,0.98838
-1,0.99081
-1,0.99483
-1,0.98891
-1,1.0016
-1,0.98875
-1,1.0034
-1,0.99729
-1,1.0012
-1,1.0004
-1,1.0008
-1,0.99463
-1,1.0032
-1,1.0018
-1,0.97328
-1,1.0039
-1,0.97936
-1,0.99011
-1,0.97767
-1,0.98824
-1,0.98933
-1,1.0034
-1,0.98922
-1,0.98748
-1,0.98836
-1,1
-1,0.99237
-1,0.98722
-1,0.99424
-1,0.96759
-1,0.99068
-1,0.98111
-1,0.99994
-1,1.0176
-1,0.99036
-1,1.019
-1,0.9831
-1,1.003
-1,1.0096
-1,1.0022
-1,0.98657
-1,0.98719
-1,0.98448
-1,0.99684
-1,0.99181
-1,1.0031
-1,0.99867
-1,1.0014
-1,0.98768
-1,0.9928
-1,0.9765
-1,0.98794
-1,0.97322
-1,1.001
-1,0.98531
-1,0.98529
-1,0.98794
-1,0.98455
-1,0.98022
-1,0.95589
-1,0.98949
-1,0.98214
-1,0.99478
-1,0.99428
-1,0.98656
-1,0.98562
-1,0.95615
-1,0.9896
-1,0.98297
-1,0.98895
-1,0.97834
-1,0.99003
-1,1.0066
-1,1.0041
-1,1.0093
-1,0.99078
-1,0.96591
-1,0.99147
-1,0.97101
-1,0.99029
-1,0.97798
-1,0.98352
-1,0.99745
-1,0.99943
-1,0.99478
-1,0.98566
-1,1.0047
-1,0.99987
-1,0.99391
-1,0.98898
-1,0.98611
-1,0.98606
-1,0.99435
-1,0.98448
-1,0.99385
-1,0.965
-1,1.0017
-1,0.97912
-1,0.99531
-1,0.97991
-1,0.97969
-1,0.99399
-1,0.99334
-1,0.98865
-1,1.0011
-1,0.98714
-1,0.99357
-1,0.98343
-1,0.99093
-1,1.0021
-1,1.0157
-1,0.99631
-1,1.0054
-1,0.98535
-1,0.99483
-1,1.0017
-1,0.99054
-1,0.96713
-1,0.98524
-1,1.0049
-1,0.99848
-1,0.99395
-1,0.99352
-1,1.0023
-1,0.99269
-1,0.97607
-1,0.9967
-1,0.99736
-1,1.0151
-1,0.99617
-1,0.98844
-1,1.0106
-1,0.99698
-1,1.0026
-1,1.0057
-1,1.0025
-1,1.0027
-1,1.0032
-1,1.0073
-1,1.0008
-1,0.99923
-1,0.99795
-1,1
-1,1.0081
-1,1.0098
-1,0.99285
-1,0.98976
-1,0.98642
-1,1.0005
-1,0.98541
-1,0.9932
-1,0.99471
-1,0.98708
-1,1.0025
-1,0.99738
-1,0.99237
-1,1.0066
-1,1.0011
-1,0.99181
-1,0.99267
-1,0.99898
-1,1.0111
-1,1.003
-1,0.99274
-1,1.002
-1,1.0124
-1,0.98641
-1,0.99505
-1,0.99038
-1,0.98739
-1,1.0007
-1,1.0117
-1,0.99409
-1,0.99094
-1,0.98057
-1,0.98648
-1,0.99088
-1,0.99494
-1,0.99647
-1,0.99271
-1,0.98032
-1,0.99891
-1,0.99934
-1,0.99559
-1,0.9953
-1,1.0085
-1,0.99011
-1,1.0046
-1,1.0057
-1,0.99334
-1,0.99971
-1,0.99234
-1,0.99896
-1,0.99722
-1,1.0073
-1,1.0023
-1,0.99325
-1,1.0011
-1,0.99103
-1,0.99184
-1,1.0008
-1,0.97854
-1,0.98995
-1,0.98972
-1,0.99819
-1,0.98743
-1,0.98441
-1,0.99905
-1,1.0046
-1,1.0123
-1,0.99742
-1,0.97923
-1,0.99299
-1,0.99058
-1,0.98792
-1,0.98582
-1,0.99917
-1,0.99813
-1,0.98308
-1,0.96806
-1,0.99149
-1,1.0144
-1,1.0043
-1,1.0105
-1,0.99478
-1,0.97083
-1,0.99731
-1,0.9904
-1,0.99301
-1,0.99806
-1,0.99614
-1,0.99393
-1,0.99482
-1,0.98763
-1,0.98352
-1,0.99757
-1,0.98106
-1,1.0043
-1,0.99698
-1,0.98628
-1,0.97944
-1,0.99807
-1,0.99234
-1,0.97598
-1,0.98913
-1,0.99136
-1,1.0105
-1,0.98117
-1,0.98033
-1,0.97166
-1,0.99637
-1,0.99731
-1,0.98617
-1,0.99076
-1,0.98927
-1,0.99893
-1,0.99474
-1,0.98824
-1,0.99649
-1,0.97447
-1,0.96768
-1,0.99425
-1,0.99146
-1,0.99395
-1,0.99914
-1,0.99439
-1,0.98069
-1,0.99071
-1,0.98645
-1,0.99369
-1,0.99463
-1,0.99209
-1,0.9934
-1,0.98692
-1,0.99881
-1,1.0051
-1,0.97534
-1,0.97717
-1,0.98653
-1,0.98465
-1,0.99287
-1,0.99855
-1,0.99759
-1,0.99326
-1,0.99352
-1,0.9926
-1,0.99878
-1,1.0031
-1,1.0009
-1,0.99338
-1,1.008
-1,0.99594
-1,0.99403
-1,1.0003
-1,0.98645
-1,0.98392
-1,0.99419
-1,0.9875
-1,0.99541
-1,0.98927
-1,0.97895
-1,0.99237
-1,0.98545
-1,0.98297
-1,0.99649
-1,0.97493
-1,0.98862
-1,0.99189
-1,0.99904
-1,0.98289
-1,1.0078
-1,0.99263
-1,0.96381
-1,0.99308
-1,0.97613
-1,0.97493
-1,0.97266
-1,1.0022
-1,0.99538
-1,0.98948
-1,0.98908
-1,0.98081
-1,0.99409
-1,0.97682
-1,0.98719
-1,0.98227
-1,0.9905
-1,0.99465
-1,0.99017
-1,0.99934
-1,0.97917
-1,0.98725
-1,0.9886
-1,1.0008
-1,0.97812
-1,1.0001
-1,0.99296
-1,1.0064
-1,0.97691
-1,0.99425
-1,1.0016
-1,1.0109
-1,0.98115
-1,0.99448
-1,0.97154
-1,0.97302
-1,0.99307
-1,0.99342
-1,0.985
-1,0.97354
-1,1.0012
-1,0.99011
-1,0.97281
-1,0.97864
-1,0.99809
-1,0.97455
-1,0.98421
-1,0.99382
-1,0.98243
-1,0.99
-1,0.96831
-1,0.99614
-1,0.99765
-1,0.98714
-1,0.98492
-1,0.99796
-1,0.97622
-1,0.99918
-1,0.9827
-1,0.98963
-1,1.0016
-1,0.99718
-1,1.0034
-1,0.99763
-1,0.99072
-1,0.99364
-1,1.0028
-1,0.99907
-1,0.9791
-1,0.99667
-1,0.9875
-1,0.97267
-1,0.99634
-1,1.0121
-1,1.0134
-1,1.0055
-1,0.98391
-1,0.99421
-1,1.0011
-1,0.99614
-1,0.99002
-1,0.96622
-1,0.9834
-1,0.99611
-1,0.9807
-1,0.99889
-1,0.99762
-1,1.0057
-1,1.0014
-1,0.99886
-1,0.98483
-1,0.99199
-1,0.98101
-1,0.9977
-1,0.99267
-1,0.99426
-1,0.98675
-1,0.99903
-1,0.97582
-1,0.99468
-1,0.98191
-1,0.98814
-1,0.99865
-1,0.97294
-1,1.0035
-1,0.9814
-1,0.96205
-1,0.97587
-1,0.98901
-1,0.9931
-1,0.99245
-1,0.99202
-1,0.99888
-1,0.99059
-1,0.99561
-1,0.99393
-1,1.0008
-1,0.98042
-1,1.0057
-1,1.0037
-1,0.98017
-1,0.99104
-1,0.98324
-1,0.99918
-1,0.99682
-1,0.99671
-1,0.97853
-1,0.99367
-1,0.9988
-1,0.9995
-1,0.99637
-1,0.98662
-1,0.98493
-1,0.97936
-1,0.99067
-1,0.99133
-1,0.98086
-1,0.9987
-1,0.96815
-1,0.99883
-1,0.98771
-1,0.98292
-1,0.9966
-1,0.99882
-1,0.99802
-1,0.99135
-1,0.98551
-1,0.9817
-1,0.99249
-1,0.99896
-1,0.99691
-1,0.99432
-1,0.99741
-1,1.0003
-1,0.98273
-1,0.98178
-1,0.99024
-1,0.99439
-1,0.99657
-1,0.98119
-1,0.97812
-1,0.96495
-1,0.98892
-1,0.98265
-1,1.0017
-1,1.0009
-1,0.99219
-1,0.98157
-1,0.98939
-1,0.9888
-1,0.98988
-1,0.99514
-1,0.99037
-1,0.99172
-1,1.0002
-1,0.99563
-1,1.0162
-1,0.98864
-1,1.0027
-1,1.0157
-1,0.98264
-1,0.98188
-1,0.99812
-1,0.99934
-1,0.98285
-1,0.98376
-1,0.99706
-1,0.9874
-1,0.98182
-1,0.98394
-1,1.0012
-1,0.99281
-1,1.0003
-1,0.99293
-1,0.98797
-1,1.0044
-1,0.99565
-1,1.003
-1,0.99613
-1,0.9959
-1,0.98478
-1,0.99381
-1,0.96691
-1,0.98977
-1,0.99771
-1,0.9945
-1,0.96784
-1,0.99913
-1,0.99611
-1,0.98034
-1,1.0029
-1,0.96422
-1,0.98523
-1,0.99842
-1,0.98895
-1,0.99036
-1,1.0029
-1,1.0004
-1,0.99364
-1,0.99296
-1,0.99254
-1,0.9816
-1,0.9854
-1,0.9761
-1,0.98251
-1,1
-1,0.99697
-1,0.9871
-1,0.99185
-1,1.0027
-1,0.97667
-1,0.99229
-1,0.99094
-1,0.99103
-1,0.9759
-1,0.98864
-1,0.98853
-1,1.0007
-1,0.97784
-1,0.98839
-1,0.97267
-1,1.0051
-1,1.0243
-1,0.99524
-1,0.99294
-1,0.99289
-1,0.98333
-1,0.98656
-1,0.99291
-1,0.99222
-1,1.0053
-1,0.99454
-1,0.99543
-1,0.99132
-1,0.99137
-1,0.98929
-1,0.97761
-1,0.98869
-1,1.0052
-1,1.0016
-1,0.99172
-1,0.96623
-1,0.99631
-1,0.98962
-1,0.98371
-1,0.9849
-1,0.99722
-1,0.99388
-1,0.9844
-1,1.0049
-1,0.98103
-1,0.98945
-1,0.9946
-1,1.0026
-1,0.98761
-1,1.0008
-1,0.98025
-1,0.9896
-1,0.99504
-1,0.97662
-1,0.99246
-1,0.96161
-1,1.0044
-1,1.0014
-1,0.99632
-1,0.98794
-1,1.0068
-1,1.0021
-1,0.99429
-1,0.98861
-1,0.99444
-1,0.98917
-1,0.99005
-1,1.0011
-1,0.99117
-1,1.0172
-1,0.99015
-1,0.98525
-1,0.95206
-1,0.98768
-1,0.99632
-1,0.99025
-1,0.99961
-1,1.006
-1,0.98262
-1,0.99994
-1,0.9809
-1,0.99091
-1,0.98943
-1,0.99323
-1,0.98589
-1,0.99758
-1,1.0016
-1,0.98699
-1,0.99174
-1,0.98772
-1,0.98482
-1,0.99113
-1,0.99725
-1,0.99189
-1,0.9952
-1,1.0075
-1,0.99143
-1,0.98225
-1,1.0012
-1,1.0007
-1,0.99961
-1,0.98216
-1,0.98742
-1,0.99379
-1,0.99415
-1,0.99253
-1,0.99774
-1,0.9856
-1,1.0002
-1,0.98709
-1,0.99786
-1,0.99894
-1,0.98737
-1,0.98818
-1,0.99006
-1,0.98838
-1,0.99886
-1,0.98316
-1,0.99778
-1,0.99642
-1,0.98094
-1,0.99969
-1,1.0046
-1,1.001
-1,0.99082
-1,0.99377
-1,0.98649
-1,0.9839
-1,0.98651
-1,0.99812
-1,1.0003
-1,1.1046
-1,0.96899
-1,1.0009
-1,0.99188
-1,1.001
-1,0.98247
-1,1.0017
-1,0.96741
-1,0.98856
-1,0.98759
-1,1.0068
-1,0.99215
-1,0.98041
-1,0.99803
-1,0.99563
-1,0.98887
-1,1.0029
-1,0.9781
-1,1.0032
-1,0.98609
-1,0.99133
-1,0.95646
-1,0.99715
-1,1.001
-1,0.99099
-1,0.97508
-1,0.99705
-1,0.99721
-1,0.99134
-1,0.99934
-1,0.99233
-1,1.0037
-1,0.9973
-1,0.98818
-1,0.98748
-1,0.98509
-1,0.98856
-1,1.0112
-1,0.99063
-1,0.99685
-1,0.9877
-1,1.0028
-1,0.99892
-1,0.9839
-1,0.98731
-1,1.0056
-1,0.99029
-1,0.98163
-1,0.97137
-1,0.99331
-1,0.96614
-1,0.98431
-1,0.97167
-1,1.0112
-1,0.99996
-1,1.0105
-1,0.96315
-1,0.9885
-1,0.9902
-1,0.98364
-1,1.0006
-1,0.98503
-1,0.97057
-1,0.99761
-1,1.003
-1,0.9942
-1,0.99921
-1,1.0019
-1,0.99652
-1,0.9922
-1,0.99054
-1,0.98784
-1,0.9842
-1,1.0043
-1,1.014
-1,0.99474
-1,0.96701
-1,0.99218
-1,1.0224
-1,1.0185
-1,0.95724
-1,0.9858
-1,0.97548
-1,0.98681
-1,0.99452
-1,0.99896
-1,1.0166
-1,1.0169
-1,0.99187
-1,0.9915
-1,0.98996
-1,0.98534
-1,0.98352
-1,0.98656
-1,0.99476
-1,1.0123
-1,0.99195
-1,0.98918
-1,0.99815
-1,0.99428
-1,0.9905
-1,0.99565
-1,0.98392
-1,1.0093
-1,0.98674
-1,0.98425
-1,0.98311
-1,0.98378
-1,0.98803
-1,1.0132
-1,0.97049
-1,0.98072
-1,0.9961
-1,0.95697
-1,0.99103
-1,1.0028
-1,0.99188
-1,0.98225
-1,0.99193
-1,1.0081
-1,1.0082
-1,1.0092
-1,0.99741
-1,0.98491
-1,1.0071
-1,0.98421
-1,0.96493
-1,0.99409
-1,0.98152
-1,1.0012
-1,0.99977
-1,0.99935
-1,1.0041
-1,0.99339
-1,0.99634
-1,0.99987
-1,0.99785
-1,0.98694
-1,1.0243
-1,1.0065
-1,1.0038
-1,1.0015
-1,0.99708
-1,1.0292
-1,0.99349
-1,0.98676
-1,0.96585
-1,1.0022
-1,1.001
-1,1.0045
-1,1.0011
-1,0.98869
-1,0.98701
-1,0.99403
-1,1.0061
-1,1.0013
-1,1.0026
-1,0.99486
-1,1.011
-1,0.98914
-1,0.99294
-1,0.9903
-1,0.99706
-1,0.98743
-1,1.006
-1,1.0059
-1,0.99554
-1,1.0026
-1,0.96531
-1,0.99778
-1,1.0028
-1,0.98065
-1,1.0148
-1,1.0181
-1,0.98571
-1,1.0063
-1,0.98174
-1,1.0077
-1,0.99061
-1,0.97171
-1,0.98747
-1,0.99777
-1,0.95604
-1,0.97765
-1,0.99875
-1,0.99011
-1,0.99204
-1,0.98749
-1,1.0002
-1,0.98567
-1,0.99215
-1,0.98307
-1,0.99834
-1,0.99688
-1,0.9862
-1,0.97422
-1,0.99764
-1,1.0136
-1,1.0094
-1,1.0039
-1,0.98769
-1,0.97859
-1,0.99193
-1,1.0004
-1,0.98615
-1,0.97806
-1,0.99055
-1,1.0055
-1,0.98881
-1,0.99396
-1,0.9906
-1,0.97702
-1,0.9934
-1,1.0007
-1,0.98766
-1,1.0143
-1,1.0043
-1,1.0072
-1,0.97661
-1,0.98367
-1,0.97516
-1,0.98559
-1,0.9788
-1,0.98211
-1,0.98629
-1,0.98925
-1,0.99235
-1,0.98878
-1,1.0011
-1,0.99215
-1,0.99222
-1,0.99867
-1,1.0002
-1,1.0035
-1,1.0063
-1,0.96466
-1,0.99871
-1,0.98815
-1,0.99162
-1,0.99207
-1,0.99705
-1,1.0052
-1,1.0124
-1,0.98706
-1,1.0042
-1,0.99778
-1,0.98872
-1,0.9868
-1,0.99689
-1,0.99434
-1,0.98367
-1,0.9997
-1,0.99803
-1,1.0052
-1,0.98823
-1,0.98605
-1,1.0032
-1,0.99807
-1,1.0042
-1,1.0009
-1,0.98101
-1,0.9739
-1,0.99549
-1,0.98185
-1,0.99353
-1,0.99277
-1,0.99586
-1,1.0008
-1,0.9751
-1,1.0137
-1,0.99007
-1,0.99726
-1,0.99956
-1,0.98997
-1,0.99154
-1,0.99282
-1,0.98067
-1,0.96547
-1,0.99317
-1,1.0027
-1,0.99302
-1,0.99818
-1,0.98107
-1,0.98074
-1,1.0005
-1,0.98335
-1,0.98924
-1,0.97149
-1,0.98535
-1,0.99009
-1,0.9823
-1,0.98765
-1,0.98937
-1,0.98593
-1,0.99234
-1,0.98806
-1,0.98937
-1,1.0067
-1,0.99341
-1,0.99173
-1,1.0001
-1,1.0025
-1,0.99157
-1,1.0041
-1,0.98315
-1,0.9853
-1,0.98774
-1,0.99199
-1,0.98429
-1,0.9945
-1,0.94472
-1,0.99651
-1,0.98543
-1,0.97417
-1,0.99449
-1,1.0172
-1,1.0083
-1,1.0043
-1,0.99487
-1,0.97628
-1,0.98912
-1,0.98833
-1,0.98508
-1,0.99518
-1,0.99588
-1,0.98306
-1,1.0016
-1,0.98674
-1,0.96918
-1,0.98807
-1,0.99005
-1,0.99463
-1,0.97646
-1,0.99472
-1,0.99103
-1,0.98575
-1,0.99219
-1,1.0017
-1,0.99653
-1,1.0119
-1,0.99948
-1,0.99181
-1,0.98943
-1,0.97967
-1,1.0048
-1,0.9764
-1,0.992
-1,0.99011
-1,0.97712
-1,0.9826
-1,0.99103
-1,0.99677
-1,0.99038
-1,0.9895
-1,1.001
-1,0.98468
-1,0.98214
-1,0.99762
-1,1.009
-1,0.99424
-1,1.0012
-1,0.9786
-1,0.97561
-1,0.99077
-1,1.0053
-1,0.99146
-1,0.99467
-1,0.97738
-1,0.99293
-1,0.99868
-1,0.94943
-1,0.98652
-1,0.98739
-1,0.9888
-1,0.98613
-1,0.98124
-1,0.95708
-1,0.98624
-1,0.99586
-1,0.9912
-1,1.0006
-1,0.97833
-1,0.98561
-1,1.0006
-1,0.99661
-1,0.97269
-1,0.99819
-1,0.99291
-1,1.0035
-1,0.99691
-1,0.98624
-1,0.98521
-1,1.0008
-1,0.98576
-1,0.99665
-1,0.99234
-1,0.99391
-1,0.99181
-1,0.99681
-1,1.0016
-1,0.9938
-1,0.96059
-1,1.0026
-1,0.97348
-1,0.98581
-1,1.0054
-1,1.0004
-1,1.0014
-1,0.97615
-1,0.97532
-1,0.8916
-1,0.98129
-1,0.94806
-1,1.0054
-1,1.0003
-1,1.0039
-1,1.0053
-1,0.9964
-1,0.99167
-1,0.96537
-1,0.97541
-1,0.98815
-1,1.0001
-1,0.98125
-1,0.9881
-1,0.97834
-1,0.9951
-1,1.0054
-1,0.98531
-1,0.99241
-1,0.97964
-1,0.9769
-1,0.96954
-1,0.99167
-1,0.99419
-1,1.0048
-1,0.9816
-1,0.99909
-1,0.99606
-1,0.9935
-1,0.99954
-1,0.98138
-1,1.0211
-1,1.0001
-1,1.0239
-1,0.98514
-1,1.0041
-1,0.96939
-1,0.9822
-1,0.98775
-1,0.98575
-1,0.99961
-1,0.99299
-1,0.99298
-1,0.99564
-1,0.98381
-1,1.0134
-1,0.96723
-1,1.0031
-1,0.99578
-1,0.99154
-1,0.9933
-1,0.99589
-1,0.99446
-1,0.9607
-1,1.0053
-1,0.94552
-1,1.0093
-1,1.0159
-1,0.96993
-1,0.96375
-1,0.99031
-1,0.99435
-1,0.9989
-1,0.99591
-1,1.0096
-1,0.98322
-1,0.99588
-1,0.98715
-1,1.0182
-1,0.99224
-1,1.0081
-1,0.99502
-1,1.0029
-1,0.97126
-1,0.98355
-1,1.0033
-1,1.0043
-1,0.9995
-1,1.0021
-1,0.99655
-1,1.0019
-1,0.97568
-1,0.99689
-1,0.98804
-1,1.0109
-1,0.9883
-1,0.99241
-1,0.99692
-1,1.0027
-1,1.0091
-1,1.0033
-1,0.99092
-1,0.99597
-1,1.0388
-1,0.99675
-1,0.99079
-1,0.9788
-1,0.99073
-1,0.99168
-1,1.0149
-1,0.96755
-1,0.99955
-1,1.0049
-1,1.0007
-1,1.002
-1,1.0004
-1,0.99467
-1,1.0132
-1,0.99085
-1,0.99367
-1,0.98239
-1,0.96946
-1,0.97587
-1,1.0148
-1,0.98534
-1,0.99249
-1,0.97722
-1,1.0022
-1,0.99802
-1,0.9985
-1,0.99401
-1,0.99121
-1,1.0043
-1,0.99337
-1,0.97623
-1,0.982
-1,0.99309
-1,0.98871
-1,1.0006
-1,0.98682
-1,0.99698
-1,0.98221
-1,0.98327
-1,0.94946
-1,0.97483
-1,0.99224
-1,0.97152
-1,1.0052
-1,1.0045
-1,0.9971
-1,0.98045
-1,0.99582
-1,1.0035
-1,0.98609
-1,1.0019
-1,1.0071
-1,0.97167
-1,0.95757
-1,0.96508
-1,1.0014
-1,0.97197
-1,0.96885
-1,0.98976
-1,0.99298
-1,0.983
-1,0.98869
-1,0.99471
-1,0.98294
-1,0.99166
-1,1.0152
-1,0.95818
-1,0.99139
-1,0.98679
-1,1.0108
-1,0.98979
-1,0.97525
-1,0.99528
-1,0.97335
-1,1.0024
-1,0.96749
-1,0.98806
-1,0.99742
-1,0.99958
-1,0.98457
-1,0.99622
-1,0.99299
-1,0.99319
-1,0.99757
-1,0.98863
-1,1.0003
-1,1.0023
-1,0.98525
-1,0.98488
-1,0.99621
-1,0.99603
-1,0.99308
-1,0.99345
-1,1.0006
-1,0.98276
-1,0.99171
-1,1.0006
-1,0.99214
-1,0.99414
-1,0.98953
-1,0.98076
-1,0.99565
-1,0.99062
-1,0.9853
-1,0.99386
-1,0.97517
-1,0.99687
-1,0.99701
-1,0.99565
-1,0.97388
-1,0.9953
-1,0.99192
-1,0.98431
-1,0.98385
-1,1.001
-1,0.98204
-1,1.0077
-1,0.99494
-1,0.98149
-1,0.98907
-1,0.98803
-1,0.99812
-1,1.0042
-1,0.97872
-1,0.99218
-1,0.98715
-1,0.98435
-1,0.99417
-1,0.99099
-1,1.002
-1,0.98921
-1,0.99455
-1,1.0011
-1,1.0032
-1,0.99113
-1,0.99136
-1,0.98305
-1,0.99545
-1,1.0129
-1,0.98418
-1,0.98869
-1,0.9964
-1,0.98655
-1,0.99921
-1,1.0023
-1,0.99949
-1,0.99963
-1,0.99615
-1,0.98214
-1,0.99261
-1,0.99702
-1,0.99318
-1,0.9912
-1,0.98299
-1,0.99838
-1,0.99997
-1,0.99055
-1,0.99943
-1,0.98531
-1,0.98831
-1,0.9991
-1,0.99116
-1,0.99311
-1,0.99101
-1,0.9706
-1,0.97567
-1,0.98212
-1,0.98895
-1,0.98814
-1,1.0043
-1,0.98929
-1,0.99879
-1,0.99353
-1,0.99833
-1,1.0075
-1,0.99126
-1,0.99517
-1,0.98439
-1,0.99688
-1,0.99244
-1,1.0066
-1,0.99865
-1,0.98917
-1,0.99891
-1,1.0006
-1,1.0027
-1,0.99562
-1,1.0037
-1,1.003
-1,0.99163
-1,0.98879
-1,0.99403
-1,1.0045
-1,0.99261
-1,0.99767
-1,0.99359
-1,0.97793
-1,1.0002
-1,0.98704
-1,0.9982
-1,0.991
-1,0.99829
-1,0.98846
-1,0.99591
-1,0.99684
-1,0.98966
-1,0.9939
-1,1.0147
-1,0.98075
-1,0.99673
-1,0.99064
-1,0.98301
-1,1.0015
-1,0.98853
-1,0.99511
-1,1.012
-1,0.98699
-1,0.99151
-1,0.99071
-1,0.98706
-1,0.98456
-1,0.99567
-1,0.98734
-1,0.97988
-1,0.99478
-1,1.0005
-1,1.0049
-1,0.9954
-1,0.99493
-1,0.97862
-1,1.0075
-1,0.98462
-1,0.97713
-1,0.98633
-1,0.99356
-1,1.0091
-1,0.99177
-1,0.97345
-1,1.0193
-1,0.99597
-1,0.98919
-1,0.98046
-1,0.97474
-1,0.99516
-1,0.99562
-1,1.0007
-1,0.99169
-1,0.99725
-1,0.99282
-1,0.97088
-1,0.9976
-1,0.96978
-1,0.97866
-1,0.9649
-1,0.98699
-1,0.98526
-1,1.0013
-1,0.98936
-1,0.99239
-1,0.99123
-1,0.96688
-1,0.97977
-1,0.98113
-1,0.99043
-1,0.9567
-1,1.0101
-1,0.96763
-1,0.9604
-1,0.96561
-1,0.98972
-1,0.97629
-1,0.9894
-1,0.96718
-1,0.98494
-1,0.99427
-1,0.98682
-1,0.96527
-1,0.98469
-1,0.98628
-1,0.98683
-1,0.98426
-1,0.98225
-1,0.98381
-1,0.99067
-1,0.99973
-1,1.0044
-1,1.0213
-1,0.99562
-1,0.99615
-1,0.99517
-1,1.065
-1,0.98958
-1,0.99881
-1,0.9921
-1,0.99225
-1,1.0131
-1,0.99113
-1,0.98969
-1,0.9969
-1,0.99465
-1,0.99399
-1,1.0125
-1,0.99129
-1,0.98852
-1,1.0258
-1,0.9974
-1,1.0024
-1,1.0031
-1,1.005
-1,0.99232
-1,1.0047
-1,0.9978
-1,0.99754
-1,0.98698
-1,1.0003
-1,0.99349
-1,1.0118
-1,1.0009
-1,1.0011
-1,0.99037
-1,1.0093
-1,0.99615
-1,1.0028
-1,1.0022
-1,1.0053
-1,0.99736
-1,1.0016
-1,0.99931
-1,0.99221
-1,0.99152
-1,0.99555
-1,1.0057
-1,0.99166
-1,0.99847
-1,1.0244
-1,1.0037
-1,1.0008
-1,0.99998
-1,1.0127
-1,0.99302
-1,0.98545
-1,0.99726
-1,0.99769
-1,0.99765
-1,1.0089
-1,1.0005
-1,0.99736
-1,0.99716
-1,0.98145
-1,0.99801
-1,1.0132
-1,0.99744
-1,1.0015
-1,0.99974
-1,0.9961
-1,0.98826
-1,0.99216
-1,0.99073
-1,0.98664
-1,0.9903
-1,0.98857
-1,1.0033
-1,0.98885
-1,0.99953
-1,1.0126
-1,0.98513
-1,0.99684
-1,0.99687
-1,0.99661
-1,1.0192
-1,0.98879
-1,1.005
-1,0.99239
-1,1.0054
-1,1.001
-1,1.0032
-1,0.97729
-1,1.0019
-1,1.0105
-1,0.99884
-1,0.9948
-1,0.98086
-1,0.99751
-1,1.0003
-1,1.0074
-1,1.009
-1,0.99777
-1,0.99218
-1,0.99384
-1,0.99116
-1,0.98875
-1,0.99235
-1,0.98479
-1,0.9842
-1,0.99515
-1,1.0089
-1,1.0061
-1,1.0424
-1,0.99932
-1,0.9997
-1,1.003
-1,0.99463
-1,1.0097
-1,1.0083
-1,1.0175
-1,0.99851
-1,0.99736
-1,1.0108
-1,0.98887
-1,1.0125
-1,1.0045
-1,0.99853
-1,0.99726
-1,1.0021
-1,1.0045
-1,0.99294
-1,1.0095
-1,1.0113
-1,0.99663
-1,0.99095
-1,1.0152
-1,1.0053
-1,1.0146
-1,0.99101
-1,1.0279
-1,0.99726
-1,1.0064
-1,0.98104
-1,0.98355
-1,0.99373
-1,0.99737
-1,1.0017
-1,1.0121
-1,0.9995
-1,0.99034
-1,1.0241
-1,1.0034
-1,0.97314
-1,0.98848
-1,0.99662
-1,0.99594
-1,0.99889
-1,0.99236
-1,1.0008
-1,0.99779
-1,1.0177
-1,0.99984
-1,0.99213
-1,1.0036
-1,0.99898
-1,0.99493
-1,1.0016
-1,1.0034
-1,0.99617
-1,0.99106
-1,0.99433
-1,1.1332
-1,0.99039
-1,0.99957
-1,0.99489
-1,0.99184
-1,0.99297
-1,1.0006
-1,1.0028
-1,0.98554
-1,0.99551
-1,0.97621
-1,0.98714
-1,0.99144
-1,0.98267
-1,1.0016
-1,0.99067
-1,0.98782
-1,1.0053
-1,1.0018
-1,0.98433
-1,1.0022
-1,1.0027
-1,0.99187
-1,0.98707
-1,0.99306
-1,0.99341
-1,1.0092
-1,1.0044
-1,0.99694
-1,1.0264
-1,1.0029
-1,0.99309
-1,1.0021
-1,0.99387
-1,0.99061
-1,0.99374
-1,0.97329
-1,0.99945
-1,0.99557
-1,0.99885
-1,1.0017
-1,1
-1,0.9987
-1,0.99064
-1,0.98107
-1,0.9977
-1,1.0113
-1,1.004
-1,0.99146
-1,0.98451
-1,0.99803
-1,1.0057
-1,1.0069
-1,0.99049
-1,0.99602
-1,0.98661
-1,1.0017
-1,0.97964
-1,1.0072
-1,0.99697
-1,1.0088
-1,0.99469
-1,0.99124
-1,1.0004
-1,1.0058
-1,0.98704
-1,1.0021
-1,0.9911
-1,0.99936
-1,0.98784
-1,0.9896
-1,0.9987
-1,1.0101
-1,0.99198
-1,1.0007
-1,0.99651
-1,1.0005
-1,0.99107
-1,1.0056
-1,1.0213
-1,0.99843
-1,0.98292
-1,0.99683
-1,0.98695
-1,0.99852
-1,0.99604
-1,1.0024
-1,0.9956
-1,0.97975
-1,0.99026
-1,0.98699
-1,1.0011
-1,0.99505
-1,0.99519
-1,1.0088
-1,1.0105
-1,0.9968
-1,1.0049
-1,1.0193
-1,1.017
-1,1.0099
-1,0.97245
-1,0.99189
-1,0.99394
-1,0.99357
-1,0.97019
-1,1.005
-1,1.0084
-1,1.0026
-1,0.99519
-1,1.0039
-1,0.99733
-1,1.0047
-1,0.98515
-1,0.98875
-1,1.0036
-1,0.99188
-1,1.0014
-1,1.0236
-1,1.0202
-1,1.0007
-1,0.98989
-1,0.9959
-1,0.99608
-1,1.0025
-1,0.99442
-1,1.0047
-1,0.99713
-1,0.99377
-1,1.014
-1,0.98563
-1,0.99822
-1,1.0003
-1,1.0008
-1,0.98852
-1,0.98903
-1,1.0454
-1,0.98928
-1,0.96656
-1,0.9965
-1,1.0167
-1,0.99727
-1,0.98942
-1,0.9994
-1,0.98575
-1,0.99457
-1,0.99335
-1,1.0049
-1,0.9991
-1,1.0069
-1,0.99977
-1,0.99477
-1,0.98528
-1,1.0072
-1,0.99458
-1,0.98439
-1,1.0045
-1,1.0015
-1,0.99394
-1,0.99516
-1,0.99675
-1,0.9943
-1,0.99859
-1,1.0112
-1,0.97743
-1,0.99925
-1,0.99564
-1,0.99543
-1,1.0019
-1,0.99979
-1,1.0249
-1,0.9822
-1,0.9978
-1,0.99768
-1,0.99914
-1,0.99546
-1,1.0059
-1,0.99514
-1,1.0269
-1,1.0004
-1,1.0004
-1,0.9857
-1,1.008
-1,0.99775
-1,0.74767
-1,0.99606
-1,0.99836
-1,0.99407
-1,0.99854
-1,0.9992
-1,1.0093
-1,1.0071
-1,0.98732
-1,1.0086
-1,0.98256
-1,0.98889
-1,0.99447
-1,1.0073
-1,1.0326
-1,0.99672
-1,1.0071
-1,1.0013
-1,1.0093
-1,1.0038
-1,0.98713
-1,0.99948
-1,0.98718
-1,0.98841
-1,1.0047
-1,0.99067
-1,0.98631
-1,1.0054
-1,0.99865
-1,0.99224
-1,0.99354
-1,0.93685
-1,1.0023
-1,0.99973
-1,0.99785
-1,0.99679
-1,1.0052
-1,1.0065
-1,1.0161
-1,0.9754
-1,1.0146
-1,1.0031
-1,1.0025
-1,0.99404
-1,1.0135
-1,1.005
-1,0.9884
-1,0.98918
-1,0.99917
-1,1.0016
-1,0.99574
-1,0.98717
-1,0.9944
-1,0.9949
-1,0.98966
-1,0.98673
-1,1.0028
-1,0.98607
-1,0.99262
-1,1.0066
-1,0.99711
-1,1.0035
-1,1.008
-1,0.99213
-1,1.0064
-1,1.0094
-1,0.99988
-1,1.0019
-1,0.99975
-1,0.98324
-1,1.007
-1,0.98137
-1,0.99959
-1,0.99414
-1,0.99854
-1,0.99975
-1,1.0102
-1,0.99528
-1,1.0014
-1,0.9935
-1,0.99611
-1,1.0023
-1,0.99847
-1,1.0196
-1,0.99118
-1,1.0095
-1,0.9999
-1,0.99676
-1,0.99567
-1,1.0015
-1,1.0001
-1,0.99958
-1,0.99234
-1,1.0005
-1,0.98439
-1,0.99056
-1,0.99306
-1,1.0148
-1,0.99062
-1,0.98939
-1,0.99256
-1,0.99967
-1,1.0025
-1,1.0002
-1,0.99146
-1,1.0068
-1,0.9862
-1,0.95937
-1,0.99811
-1,1.0133
-1,0.99756
-1,1.0188
-1,1.0038
-1,0.9962
-1,1.0208
-1,0.99323
-1,1.002
-1,0.98952
-1,1.0017
-1,0.99493
-1,1.0177
-1,0.99358
-1,0.99634
-1,0.99561
-1,1.0016
-1,0.98332
-1,1.0061
-1,0.99642
-1,1.0005
-1,0.99896
-1,0.99459
-1,1.0149
-1,0.96565
-1,1.0074
-1,0.9958
-1,0.9974
-1,1.0057
-1,0.99137
-1,0.99261
-1,0.98875
-1,0.99392
-1,0.99482
-1,0.99869
-1,0.99621
-1,1.0167
-1,0.98973
-1,0.99041
-1,1.0076
-1,0.98553
-1,1.0165
-1,1.0022
-1,1.0099
-1,1.0008
-1,0.98918
-1,1.0025
-1,0.99721
-1,0.99752
-1,0.98928
-1,1.0012
-1,1.0032
-1,1.0017
-1,0.99519
-1,0.99694
-1,0.98197
-1,1.0151
-1,1.0087
-1,0.99819
-1,1.0021
-1,0.99815
-1,1.0005
-1,0.95508
-1,0.99996
-1,0.99858
-1,1.0213
-1,1.0012
-1,1.0151
-1,0.99111
-1,0.99744
-1,0.99032
-1,0.99562
-1,1.0075
-1,1.004
-1,0.99695
-1,1.0041
-1,0.98587
-1,0.98137
-1,1.0121
-1,0.99822
-1,0.99968
-1,0.99943
-1,1.0276
-1,1.01
-1,0.99237
-1,0.99714
-1,1.0202
-1,1.0206
-1,1.0004
-1,1.02
-1,0.99596
-1,0.99687
-1,1.0167
-1,0.98993
-1,0.9853
-1,0.97999
-1,0.9789
-1,1.0115
-1,1.0056
-1,0.99515
-1,1.004
-1,0.9419
-1,1.0017
-1,0.99427
-1,0.98974
-1,0.99731
-1,0.99168
-1,0.99532
-1,1.004
-1,1.0077
-1,1.0043
-1,0.99546
-1,1.0039
-1,1.0058
-1,1.0025
-1,0.994
-1,1.0091
-1,0.97042
-1,1.0042
-1,0.99354
-1,1.0167
-1,1.0085
-1,0.99043
-1,0.99455
-1,0.98748
-1,0.98884
-1,1
-1,0.99525
-1,0.99058
-1,1.0005
-1,1.0001
-1,1.0002
-1,1.0101
-1,1.0044
-1,0.99689
-1,1.0205
-1,0.99117
-1,0.98556
-1,1.0051
-1,1.0012
-1,0.99725
-1,1.0019
-1,0.99319
-1,1.0028
-1,0.99941
-1,0.98235
-1,1.0094
-1,0.99521
-1,0.9978
-1,1.0091
-1,0.98161
-1,0.98783
-1,1.0032
-1,0.99475
-1,0.9895
-1,1.0017
-1,0.99252
-1,1.0043
-1,1.0108
-1,1.006
-1,0.99844
-1,1.0028
-1,0.99238
-1,1.03
-1,0.9943
-1,0.98346
-1,1.0044
-1,0.99194
-1,0.99916
-1,1.0061
-1,1.004
-1,1.0133
-1,0.99645
-1,0.99737
-1,1.0133
-1,0.99461
-1,0.99779
-1,0.98896
-1,0.99477
-1,0.98626
-1,1.0041
-1,0.99795
-1,0.99276
-1,0.98861
-1,0.99662
-1,1.0197
-1,0.99119
-1,1.0146
-1,0.98582
-1,0.99828
-1,1.0069
-1,1.0313
-1,0.99411
-1,1.0098
-1,0.99521
-1,0.99366
-1,0.98814
-1,1.0024
-1,0.98632
-1,0.97681
-1,1.0043
-1,0.98937
-1,1.0277
-1,0.99728
-1,1.001
-1,0.99969
-1,1.0029
-1,1.0105
-1,0.99131
-1,0.99134
-1,1.0016
-1,0.99022
-1,0.98839
-1,1.0057
-1,1.0053
-1,0.9928
-1,0.99979
-1,1.0179
-1,1.0114
-1,0.98778
-1,0.99472
-1,0.98917
-1,0.99795
-1,0.98285
-1,1.0002
-1,0.99459
-1,1.0033
-1,1.0089
-1,0.99732
-1,0.99046
-1,0.98706
-1,1.0026
-1,1.0005
-1,1.0067
-1,0.99493
-1,1.0038
-1,1.0122
-1,0.9976
-1,1.0166
-1,0.99449
-1,0.98754
-1,1.0081
-1,1.012
-1,1.0056
-1,0.99491
-1,1.0006
-1,0.97172
-1,0.9874
-1,1.0101
-1,0.99487
-1,1.0015
-1,1.0085
-1,0.99931
-1,0.99709
-1,1.0047
-1,1.0023
-1,0.9945
-1,1.0023
-1,0.98926
-1,0.99726
-1,1.0001
-1,1.004
-1,1.0116
-1,0.99338
-1,0.98856
-1,0.99381
-1,0.9988
-1,0.99896
-1,0.99493
-1,0.9816
-1,0.99353
-1,0.99744
-1,0.99157
-1,0.96855
-1,1.005
-1,0.98938
-1,1.0373
-1,0.99941
-1,0.99506
-1,1.0084
-1,1.0018
-1,1.0078
-1,1.0051
-1,1.0111
-1,0.99552
-1,0.99188
-1,1.0096
-1,1.0192
-1,1.0008
-1,1.0042
-1,1.0074
-1,1.0042
-1,1.0047
-1,1.007
-1,0.99379
-1,0.9924
-1,0.99261
-1,1.0012
-1,0.97561
-1,0.99134
-1,0.99694
-1,0.99739
-1,1.0071
-1,0.99343
-1,0.99228
-1,0.99362
-1,0.99149
-1,0.98754
-1,0.99763
-1,1.0071
-1,1.0079
-1,0.99699
-1,1.016
-1,1.0044
-1,0.99887
-1,1.008
-1,1.0014
-1,0.99768
-1,0.99108
-1,0.9993
-1,0.99545
-1,1.0098
-1,1.0036
-1,0.9973
-1,0.99467
-1,0.98193
-1,1.0043
-1,1.0073
-1,0.99597
-1,0.99521
-1,0.9972
-1,0.99163
-1,1.0032
-1,0.9962
-1,1.0027
-1,1.0105
-1,1.009
-1,0.99703
-1,0.98217
-1,0.99782
-1,1.0123
-1,0.99766
-1,1.0054
-1,0.98799
-1,1.0001
-1,1.0062
-1,0.99202
-1,0.99471
-1,0.99934
-1,0.99319
-1,0.99395
-1,1.001
-1,1.0167
-1,1.0136
-1,1.007
-1,1.013
-1,0.99356
-1,1.0018
-1,0.99968
-1,0.99065
-1,1.0005
-1,0.97283
-1,0.99775
-1,0.9902
-1,1.0107
-1,0.99642
-1,0.98243
-1,0.99455
-1,0.99591
-1,1.0024
-1,0.99706
-1,1.0088
-1,0.99384
-1,0.99916
-1,0.9991
-1,0.99005
-1,1.0186
-1,0.99591
-1,1.0539
-1,0.97943
-1,1.0035
-1,1.0087
-1,0.98971
-1,1.0055
-1,0.99333
-1,0.99401
-1,1.0309
-1,0.99954
-1,0.98988
-1,1.0029
-1,1.006
-1,1.0131
-1,1.0007
-1,0.99538
-1,0.99891
-1,0.98823
-1,0.97929
-1,0.99378
-1,0.98704
-1,1.0043
-1,0.99272
-1,1.005
-1,1.0076
-1,0.99289
-1,0.98933
-1,1.0041
-1,0.99394
-1,1.0063
-1,0.9889
-1,0.99876
-1,1.0002
-1,1.0166
-1,0.99503
-1,0.99575
-1,0.98543
-1,1.0056
-1,0.99854
-1,0.98933
-1,0.99042
-1,0.9926
-1,1.0302
-1,0.99007
-1,0.99856
-1,0.99819
-1,0.99815
-1,0.99173
-1,0.99739
-1,1.0079
-1,1.0006
-1,1.0198
-1,0.99627
-1,0.99693
-1,0.99332
-1,1.0237
-1,1.0136
-1,0.99853
-1,1.0015
-1,0.98836
-1,1.0335
-1,1.0064
-1,0.98084
-1,0.99912
-1,1.0009
-1,0.99197
-1,0.9938
-1,0.99871
-1,0.99557
-1,0.99658
-1,1.0048
-1,0.99513
-1,0.99166
-1,0.99863
-1,0.98329
-1,1.0049
-1,1.0105
-1,0.99281
-1,1.0064
-1,0.98582
-1,0.99966
-1,0.99721
-1,0.99811
-1,0.9847
-1,1.0035
-1,0.98576
-1,1.0071
-1,1.0013
-1,1.0124
-1,0.99901
-1,1.0107
-1,0.99213
-1,1.001
-1,1.0048
-1,0.98946
-1,1.0159
-1,1.0041
-1,0.99754
-1,0.99918
-1,1.0063
-1,1.0115
-1,1.0029
-1,1.0013
-1,1.0023
-1,0.9876
-1,0.98236
-1,0.99669
-1,0.99033
-1,0.99447
-1,0.99523
-1,0.99436
-1,1.0028
-1,1.0043
-1,0.99291
-1,1.0171
-1,1.0008
-1,0.98836
-1,0.99842
-1,1.0026
-1,0.99646
-1,1.0007
-1,1.0382
-1,1.0066
-1,0.99812
-1,0.99679
-1,0.99342
-1,1.0054
-1,1.0165
-1,1.0107
-1,0.99735
-1,0.99259
-1,0.98635
-1,1.0022
-1,0.99444
-1,1.0065
-1,0.99094
-1,0.99894
-1,0.99732
-1,0.99639
-1,1.0052
-1,1.007
-1,0.99301
-1,0.99972
-1,0.99536
-1,0.99921
-1,0.99025
-1,1.0074
-1,0.9986
-1,1.0064
-1,1.007
-1,1.0135
-1,1.0025
-1,0.98469
-1,0.99385
-1,1.0047
-1,0.99449
-1,1.0035
-1,1.0007
-1,1.0083
-1,1.0019
-1,1.008
-1,0.99448
-1,0.99423
-1,0.98194
-1,1.0005
-1,0.99388
-1,0.99738
-1,0.99003
-1,1.0014
-1,1.0095
-1,0.99355
-1,0.99518
-1,1.0023
-1,1.0033
-1,1.0034
-1,0.98526
-1,0.97318
-1,1.0078
-1,0.98816
-1,1.0047
-1,0.99153
-1,0.99305
-1,1.0043
-1,0.9899
-1,1.0093
-1,0.99722
-1,1.0036
-1,0.99751
-1,0.98434
-1,0.99354
-1,0.99487
-1,0.97016
-1,1.016
-1,1.0076
-1,1.0144
-1,0.99581
-1,0.98978
-1,1.0123
-1,1.0003
-1,1.0083
-1,1.0045
-1,0.99246
-1,1.0172
-1,0.9945
-1,0.99116
-1,0.99814
-1,0.99933
-1,1.0093
-1,0.99496
-1,0.99066
-1,0.98684
-1,0.98896
-1,0.99702
-1,1.0011
-1,0.99055
-1,1.0067
-1,1.0032
-1,1.0054
-1,1.0051
-1,1.0005
-1,1.0083
-1,0.98483
-1,0.99473
-1,1.0176
-1,0.99926
-1,0.99797
-1,0.99561
-1,0.95023
-1,1.0066
-1,0.9937
-1,1.013
-1,0.99177
-1,0.99092
-1,0.99556
-1,0.99845
-1,0.98651
-1,0.9914
-1,1.0039
-1,1.0053
-1,0.99263
-1,1.0127
-1,0.99165
-1,0.98735
-1,0.99119
-1,1.0125
-1,1.0007
-1,1.002
-1,1.0009
-1,1.006
-1,1.008
-1,1.0207
-1,1.0034
-1,0.99493
-1,1.0057
-1,0.96863
-1,0.99867
-1,1.0062
-1,0.99363
-1,0.99774
-1,1.0046
-1,1.0113
-1,0.99161
-1,1.0021
-1,1.0016
-1,1.0006
-1,1.0076
-1,0.99278
-1,0.99619
-1,1.0035
-1,0.99631
-1,0.99244
-1,0.99948
-1,0.9976
-1,1.0047
-1,0.99728
-1,1.0025
-1,0.99584
-1,0.99602
-1,0.99697
-1,0.99269
-1,0.98921
-1,0.99716
-1,0.99285
-1,0.9979
-1,1.0068
-1,0.98778
-1,1.0057
-1,0.98583
-1,0.99329
-1,0.99593
-1,0.99516
-1,1.0057
-1,1.002
-1,0.96735
-1,0.99833
-1,1.0074
-1,0.99245
-1,0.99908
-1,0.99149
-1,0.98735
-1,1.0023
-1,1.0003
-1,1.0123
-1,0.99157
-1,0.99444
-1,1.0062
-1,0.99227
-1,1.0019
-1,0.99548
-1,1.0129
-1,0.99978
-1,0.99588
-1,0.99518
-1,1.0022
-1,0.9992
-1,1.0083
-1,0.99544
-1,0.98159
-1,1.0037
-1,1.0086
-1,1.001
-1,1.0017
-1,0.9994
-1,1.0036
-1,1.0037
-1,0.98116
-1,0.97369
-1,1.0175
-1,1.005
-1,1.0022
-1,1.005
-1,0.99102
-1,0.99873
-1,0.99808
-1,0.99754
-1,1.0186
-1,0.99856
-1,0.97986
-1,1.0021
-1,1.002
-1,0.98219
-1,0.99652
-1,1.0033
-1,1.0035
-1,0.99057
-1,0.99773
-1,0.99982
-1,0.99991
-1,1.001
-1,1.0025
-1,1.0039
-1,0.99213
-1,1.0018
-1,1.0058
-1,1.0068
-1,0.99893
-1,0.98972
-1,0.99118
-1,1.0087
-1,0.99189
-1,0.99198
-1,0.99571
-1,1.001
-1,1.0014
-1,1.0055
-1,1.0044
-1,1.0039
-1,0.97422
-1,0.99518
-1,1.0007
-1,1.0031
-1,1.016
-1,1.009
-1,0.98495
-1,1.0063
-1,0.9886
-1,0.98597
-1,0.9953
-1,1.017
-1,0.99543
-1,1.0028
-1,0.98938
-1,0.99633
-1,1.0135
-1,0.98813
-1,0.98573
-1,0.99002
-1,1.0131
-1,1.0013
-1,0.99727
-1,1.0164
-1,0.99889
-1,0.99701
-1,0.99293
-1,1.0033
-1,1.0042
-1,0.99288
-1,1.0103
-1,0.99582
-1,0.99756
-1,1.0129
-1,0.99885
-1,0.99647
-1,0.99527
-1,1.0016
-1,1.0061
-1,1.0105
-1,1
-1,1.0095
-1,0.99902
-1,0.98104
-1,1.0097
-1,1.0084
-1,1.0008
-1,1.0032
-1,0.99028
-1,1.0111
-1,1.0048
-1,1.0093
-1,1.0001
-1,1.0414
-1,0.99076
-1,0.99631
-1,0.9913
-1,0.99323
-1,0.99499
-1,1.0093
-1,0.99787
-1,0.99867
-1,0.99577
-1,1.0045
-1,1.0048
-1,0.99522
-1,0.98961
-1,1.0025
-1,1.0007
-1,0.99263
-1,0.9961
-1,1.0009
-1,0.99962
-1,0.99519
-1,0.99517
-1,1.0058
-1,0.98928
-1,1.0001
-1,1.0025
-1,1.004
-1,1.0064
-1,0.99585
-1,0.99577
-1,0.98691
-1,0.98876
-1,0.98589
-1,0.9874
-1,1.005
-1,1.005
-1,0.99809
-1,1.0019
-1,1.0062
-1,0.98355
-1,1.0092
-1,0.99796
-1,1.0069
-1,0.99414
-1,0.99702
-1,0.99037
-1,1.0054
-1,0.99147
-1,0.99541
-1,0.99791
-1,1.0151
-1,0.98833
-1,0.99065
-1,0.99836
-1,1.0028
-1,1.006
-1,1.0015
-1,0.99003
-1,0.99689
-1,1.0087
-1,0.99038
-1,0.99088
-1,0.99372
-1,0.98905
-1,0.99639
-1,1.0039
-1,1.0026
-1,1.0321
-1,1.0064
-1,1.0022
-1,1.0094
-1,1.0055
-1,1.0165
-1,0.99913
-1,0.99
-1,1.0198
-1,1.0005
-1,0.98938
-1,1.0061
-1,1.0112
-1,0.99796
-1,1.0078
-1,1.0059
-1,0.99691
-1,0.99586
-1,1.0084
-1,1.0011
-1,1.003
-1,0.98562
-1,0.9942
-1,0.99437
-1,1.0091
-1,1.0014
-1,0.99109
-1,0.99311
-1,1
-1,0.99438
-1,1.0037
-1,0.98269
-1,1.0015
-1,0.99936
-1,0.98949
-1,1.0073
-1,0.98589
-1,0.99717
-1,1.0119
-1,0.99238
-1,0.99982
-1,0.99511
-1,1.0077
-1,0.99997
-1,0.99897
-1,0.99395
-1,0.99134
-1,0.99733
-1,1.0003
-1,0.99314
-1,0.99469
-1,1.0042
-1,1.0019
-1,0.98519
-1,0.99646
-1,0.98373
-1,0.99575
-1,1.0183
-1,0.99
-1,0.99208
-1,1.0057
-1,0.98919
-1,1.0029
-1,1.0136
-1,1.0206
-1,0.99991
-1,1.0244
-1,1.0394
-1,0.99728
-1,0.99033
-1,1.0055
-1,0.99787
-1,1.0139
-1,0.99403
-1,1.0052
-1,1.0218
-1,1.0004
-1,1.0025
-1,0.9944
-1,0.98554
-1,0.99338
-1,0.99229
-1,1.0034
-1,0.99681
-1,1.0049
-1,0.98076
-1,1.0073
-1,0.99557
-1,1.0044
-1,0.98703
-1,1.0063
-1,0.99682
-1,1.0043
-1,1.0013
-1,0.99869
-1,0.94831
-1,1.0021
-1,1.0046
-1,0.99824
-1,1.0014
-1,0.98616
-1,1.0019
-1,1.0009
-1,0.98815
-1,1.0046
-1,0.96766
-1,0.99797
-1,0.98913
-1,0.99899
-1,0.99525
-1,0.98119
-1,0.98286
-1,0.98585
-1,1.0012
-1,0.99889
-1,0.99587
-1,0.9976
-1,0.99978
-1,0.99798
-1,0.99972
-1,1.0129
-1,0.99805
-1,1.0209
-1,0.99221
-1,1.0019
-1,0.99541
-1,1.0069
-1,0.99984
-1,1.0035
-1,0.9924
-1,1.0007
-1,1.0137
-1,0.99643
-1,1
-1,1.0104
-1,1.0341
-1,1.0819
-1,0.9828
-1,0.99474
-1,1.0055
-1,1.0025
-1,1.002
-1,1.01
-1,1.0071
-1,0.9967
-1,1.0118
-1,1.0029
-1,0.99729
-1,1.0076
-1,0.9999
-1,1.0052
-1,1.0123
-1,1.0013
-1,1.0045
-1,0.99779
-1,1.0033
-1,0.99206
-1,1.0047
-1,0.99935
-1,0.99683
-1,1.0058
-1,1.0083
-1,0.99799
-1,0.99609
-1,0.89114
-1,1.0112
-1,0.99649
-1,1.0044
-1,0.99928
-1,0.99555
-1,1.0072
-1,0.99654
-1,0.99736
-1,1.0145
-1,0.98665
-1,1.0066
-1,0.98954
-1,1.005
-1,0.99175
-1,0.98384
-1,1.0086
-1,0.99515
-1,1.0041
-1,1.0068
-1,1.0135
-1,1.0034
-1,1.0107
-1,0.99827
-1,1.0054
-1,1.0031
-1,1.0161
-1,1.0196
-1,1.015
-1,0.97666
-1,0.99969
-1,0.9936
-1,1.0143
-1,1.0071
-1,0.99382
-1,1.0021
-1,1.0388
-1,0.99786
-1,1.015
-1,1.0078
-1,0.99291
-1,0.99824
-1,1.0078
-1,1.0028
-1,1.0047
-1,1.0045
-1,1.0017
-1,1.0003
-1,1.0026
-1,0.99813
-1,0.99982
-1,1.0159
-1,1.0043
-1,1.0045
-1,1.007
-1,1.0128
-1,0.9856
-1,1.0054
-1,1.0042
-1,0.99227
-1,1.0011
-1,0.99992
-1,1.0042
-1,1.002
-1,1.0178
-1,1.0123
-1,0.99545
-1,1.0013
-1,1.0025
-1,1.0058
-1,1.0268
-1,1.0023
-1,0.97501
-1,1.0015
-1,1.0025
-1,0.98583
-1,1.0034
-1,0.99714
-1,1.0068
-1,0.99849
-1,0.98214
-1,1.0006
-1,0.99802
-1,1.0039
-1,0.99689
-1,0.99135
-1,1.0021
-1,0.99991
-1,1.0031
-1,0.99096
-1,1.0061
-1,1.0023
-1,0.98529
-1,1.018
-1,1.0005
-1,1.007
-1,1.0171
-1,0.99802
-1,0.9817
-1,0.9998
-1,1.0017
-1,1.0069
-1,1.0147
-1,1.0175
-1,0.97884
-1,1.0092
-1,1.0016
-1,1.0209
-1,1.0127
-1,1.0002
-1,0.99196
-1,1.0027
-1,1.0009
-1,1.01
-1,1.0087
-1,1.0757
-1,1.003
-1,0.9914
-1,1.0035
-1,0.99117
-1,0.99732
-1,1.006
-1,0.99238
-1,1.0089
-1,1.0079
-1,0.99372
-1,1.0049
-1,1.0208
-1,0.99852
-1,1.003
-1,1.0035
-1,0.99231
-1,0.97901
-1,1.0048
-1,0.99288
-1,1.0063
-1,1.0011
-1,1.015
-1,1.0008
-1,0.98726
-1,1.0015
-1,0.99826
-1,1.0232
-1,0.99968
-1,1.013
-1,0.99354
-1,0.99671
-1,1.0081
-1,1.0022
-1,0.99576
-1,1.0053
-1,1.0003
-1,0.99522
-1,1.0077
-1,0.99892
-1,0.99122
-1,0.99019
-1,1.0001
-1,0.9678
-1,1.0058
-1,1.0092
-1,0.99527
-1,1.008
-1,0.99652
-1,0.99304
-1,0.99421
-1,1.0114
-1,1.0056
-1,1.0051
-1,0.98051
-1,0.98581
-1,0.99159
-1,0.98731
-1,1.0086
-1,1.0044
-1,1.0133
-1,0.98943
-1,0.98502
-1,1.0151
-1,1.0108
-1,0.99594
-1,1.0109
-1,1.0012
-1,1.003
-1,0.99672
-1,1.0146
-1,0.99956
-1,1.0012
-1,1.0078
-1,1.0049
-1,1.0002
-1,1.0052
-1,1.006
-1,1.0044
-1,1.0049
-1,1.0076
-1,1.0094
-1,0.98425
-1,1.0116
-1,0.99903
-1,1.0039
-1,1.0085
-1,1.0085
-1,0.98588
-1,1.0163
-1,0.9971
-1,1.0233
-1,1.003
-1,1.004
-1,0.98283
-1,0.99556
-1,1.0016
-1,1.0039
-1,1.0175
-1,0.99659
-1,0.96439
-1,1.0126
-1,1.004
-1,0.99846
-1,1.0177
-1,1.0111
-1,1.0007
-1,1.0136
-1,0.99087
-1,1.0025
-1,0.99663
-1,1.0013
-1,1.0023
-1,1.0159
-1,1.0047
-1,0.9947
-1,1.0016
-1,1.0029
-1,0.99806
-1,1.0063
-1,1.0048
-1,0.9891
-1,1.0046
-1,1.0104
-1,1.0081
-1,1.0006
-1,1.0056
-1,1.0024
-1,0.99114
-1,0.99553
-1,1.0045
-1,0.9895
-1,1.0248
-1,0.98293
-1,1.0004
-1,0.9952
-1,0.98941
-1,1.0047
-1,0.9981
-1,0.99105
-1,1.0059
-1,1.0077
-1,1.0125
-1,0.99584
-1,1.003
-1,1.0026
-1,1.002
-1,1.0065
-1,1.0115
-1,1.005
-1,1.007
-1,0.9955
-1,1.0051
-1,1.0059
-1,1.011
-1,0.99818
-1,1.0087
-1,1.0024
-1,0.99784
-1,0.99568
-1,0.99565
-1,1.0026
-1,0.99033
-1,0.99523
-1,0.99392
-1,1
-1,0.98332
-1,0.98575
-1,1.0113
-1,1.0086
-1,1.0005
-1,0.99775
-1,1.0038
-1,1.0038
-1,0.99473
-1,1.0064
-1,0.99878
-1,1.0199
-1,1.0057
-1,1.0193
-1,1.0223
-1,0.98871
-1,0.99674
-1,0.99224
-1,1.0135
-1,0.99251
-1,1.0025
-1,0.98584
-1,1.0017
-1,0.99665
-1,0.99496
-1,0.99228
-1,0.98986
-1,1.0053
-1,0.99566
-1,1.0222
-1,0.9905
-1,0.9976
-1,1.0141
-1,0.98245
-1,1.0077
-1,0.98828
-1,1.0006
-1,0.99562
-1,0.97929
-1,0.99925
-1,1.0018
-1,1.0047
-1,1.0169
-1,1.0052
-1,0.99926
-1,1.001
-1,1.0008
-1,1.0043
-1,1.0029
-1,1.012
-1,1.0087
-1,0.99622
-1,0.99559
-1,1.0025
-1,1.0045
-1,1.0001
-1,1.0115
-1,1.0013
-1,1.0175
-1,1.0057
-1,0.99871
-1,0.99734
-1,1.0106
-1,0.99302
-1,1.0034
-1,1.0105
-1,1.0086
-1,1.0046
-1,1.0078
-1,1.004
-1,0.98834
-1,0.98872
-1,0.98896
-1,1.0025
-1,0.99919
-1,1.0041
-1,1.002
-1,1.0021
-1,0.99844
-1,0.99997
-1,1.0072
-1,1.0047
-1,1.0003
-1,0.99927
-1,1.0189
-1,0.99631
-1,0.981
-1,0.99875
-1,1.0021
-1,1.0296
-1,0.99949
-1,1.0029
-1,0.99915
-1,1.0043
-1,0.98168
-1,1.0104
-1,0.99719
-1,0.99587
-1,1.0033
-1,1.012
-1,1.0022
-1,1.0112
-1,0.99813
-1,0.99197
-1,0.99345
-1,1.0089
-1,0.99667
-1,1.016
-1,1.0041
-1,1.0062
-1,0.99873
-1,1.01
-1,0.97987
-1,1.0071
-1,1.0119
-1,1.0062
-1,0.9999
-1,1.0104
-1,0.98666
-1,0.99004
-1,1.0101
-1,0.99725
-1,0.98771
-1,1.0085
-1,0.97947
-1,1.0068
-1,0.96094
-1,0.99825
-1,0.99847
-1,0.99952
-1,1.0326
-1,0.99659
-1,1.0038
-1,0.98877
-1,1.0004
-1,0.97927
-1,0.99915
-1,1.0126
-1,0.99005
-1,0.99546
-1,0.99794
-1,1.0018
-1,1.0012
-1,0.99889
-1,1.003
-1,1.0065
-1,1.0019
-1,0.97974
-1,0.99803
-1,1.0218
-1,1.0129
-1,1.0136
-1,0.99923
-1,0.99723
-1,0.99671
-1,1.0143
-1,1.0067
-1,1.0114
-1,1.0016
-1,1.0046
-1,0.99373
-1,1.0056
-1,0.99343
-1,1.0125
-1,1.0119
-1,0.99978
-1,1.0006
-1,0.99947
-1,1.0001
-1,1.0106
-1,0.9932
-1,0.9972
-1,1.0035
-1,0.99518
-1,0.98857
-1,1.0018
-1,0.99297
-1,0.99373
-1,0.99593
-1,1.0036
-1,0.99701
-1,1.0031
-1,0.99379
-1,1.0042
-1,0.98781
-1,1.0387
-1,0.996
-1,1.0136
-1,1.0015
-1,1.0006
-1,0.99987
-1,0.99495
-1,1.0103
-1,1.0138
-1,1.0059
-1,0.99995
-1,1.008
-1,1.0035
-1,1.0092
-1,1.0192
-1,0.99051
-1,1.0064
-1,0.97781
-1,0.99966
-1,0.99114
-1,1.0098
-1,1.0016
-1,0.99962
-1,0.98751
-1,1.0455
-1,1.0055
-1,1.0058
-1,1.0001
-1,1.011
-1,0.99337
-1,1.0063
-1,1.001
-1,1.0025
-1,1.0019
-1,0.99487
-1,1.0171
-1,0.99851
-1,1.0039
-1,1.0009
-1,1.0028
-1,0.98066
-1,0.98453
-1,1.0199
-1,1.0187
-1,1.008
-1,1.004
-1,0.9919
-1,0.99827
-1,0.99435
-1,1.0038
-1,1.0177
-1,0.99634
-1,1.0177
-1,1.0049
-1,1.0482
-1,0.99933
-1,1.0019
-1,1.0001
-1,0.99868
-1,0.98325
-1,0.99503
-1,0.99951
-1,1.004
-1,1.0036
-1,0.99855
-1,0.9923
-1,1.0033
-1,1.0128
-1,0.9974
-1,1.011
-1,1.0086
-1,0.98265
-1,1.0066
-1,0.99995
-1,0.99707
-1,1.0009
-1,1.0039
-1,0.99353
-1,1.0086
-1,1.0177
-1,1.0024
-1,0.99558
-1,0.99968
-1,1.0084
-1,1.0044
-1,1.0066
-1,1.0083
-1,0.99973
-1,0.99043
-1,1.0212
-1,1.0043
-1,1.0201
-1,0.99838
-1,0.99706
-1,1
-1,1.0043
-1,1.022
-1,1.0085
-1,0.98936
-1,1.0024
-1,1.0036
-1,0.99486
-1,1.031
-1,1.0132
-1,1.0008
-1,0.99619
-1,1.0086
-1,1.0045
-1,1.0007
-1,1.0044
-1,1.0222
-1,0.99191
-1,1.0076
-1,1.0078
-1,0.99359
-1,1.0017
-1,0.99554
-1,1.0008
-1,0.98573
-1,1.0189
-1,1.0011
-1,1.0012
-1,1.0142
-1,1.0015
-1,0.9908
-1,1.0004
-1,1.0404
-1,1.0078
-1,0.99869
-1,1.0021
-1,1.0037
-1,0.99886
-1,1.0053
-1,0.99918
-1,1.0013
-1,1.0259
-1,0.9988
-1,1.0285
-1,0.99556
-1,1.0054
-1,1.0164
-1,1.0134
-1,0.99976
-1,1.0105
-1,0.99728
-1,1.0151
-1,1.0031
-1,0.99369
-1,1.0078
-1,1.0362
-1,0.9964
-1,1.0044
-1,0.99981
-1,1.0015
-1,0.99292
-1,1.0052
-1,1.0034
-1,0.9997
-1,1.0067
-1,0.99614
-1,1.0041
-1,1.0201
-1,1.0068
-1,1.0098
-1,1.0086
-1,0.99253
-1,1.0029
-1,0.99669
-1,1.0094
-1,1.0041
-1,1.0078
-1,1.0026
-1,1.002
-1,1.0063
-1,0.9978
-1,1.0608
-1,0.99918
-1,0.99163
-1,0.99567
-1,1.0124
-1,1
-1,1.014
-1,1.0157
-1,1.0015
-1,1.023
-1,0.98995
-1,1.021
-1,1.0158
-1,1.0017
-1,0.9954
-1,0.99797
-1,1.0189
-1,1.0032
-1,1.0017
-1,0.99344
-1,0.98484
-1,1.0028
-1,1.0431
-1,0.99879
-1,0.99741
-1,1.015
-1,1.0081
-1,1.0068
-1,1.012
-1,0.9996
-1,1.0381
-1,1.0037
-1,1.0226
-1,1.0043
-1,1.0098
-1,1.0051
-1,1.009
-1,0.98932
-1,1.004
-1,0.9859
-1,0.99946
-1,1.0149
-1,1.0002
-1,1.0032
-1,1.0027
-1,1.0047
-1,1.0152
-1,0.99328
-1,0.97288
-1,0.99766
-1,0.98855
-1,1.0044
-1,0.99917
-1,1.0126
-1,0.99872
-1,0.99285
-1,1.0058
-1,0.99926
-1,0.99793
-1,0.98829
-1,0.99244
-1,1.0064
-1,0.97793
-1,1.0003
-1,1.0018
-1,1.0168
-1,1.0062
-1,1.0046
-1,0.99399
-1,1.0024
-1,1.0046
-1,1.0086
-1,1.0136
-1,0.99524
-1,1.0084
-1,1.0415
-1,1.0024
-1,1.2414
-1,0.98973
-1,1.0004
-1,1.003
-1,1.0079
-1,1.0048
-1,0.98644
-1,0.99391
-1,0.99346
-1,0.99357
-1,1.0036
-1,1.001
-1,1.0294
-1,1.0119
-1,1.0138
-1,1.0255
-1,1.01
-1,1.0099
-1,1.004
-1,1.0139
-1,0.99308
-1,0.9953
-1,1.005
-1,0.9962
-1,1.0002
-1,1.0001
-1,0.9976
-1,0.99491
-1,1.0171
-1,1.0026
-1,1.0345
-1,0.98252
-1,1.0073
-1,1.0055
-1,1.0085
-1,0.99688
-1,0.99554
-1,1.0062
-1,1.0077
-1,1.0195
-1,1.0125
-1,0.99571
-1,0.9974
-1,1.0063
-1,1.0049
-1,1.0039
-1,1.0023
-1,1.0197
-1,1.0045
-1,1.0168
-1,1.0036
-1,1.0003
-1,1.0051
-1,0.99582
-1,1.0042
-1,0.99837
-1,0.99566
-1,1.0076
-1,0.98462
-1,0.99887
-1,1.008
-1,1.0031
-1,0.99167
-1,1.0039
-1,1.012
-1,1.0027
-1,0.99134
-1,1.0028
-1,1.007
-1,0.99615
-1,1.0083
-1,1.0071
-1,1.0031
-1,1.0018
-1,1.0051
-1,1.0054
-1,1.0054
-1,1.0075
-1,1.0087
-1,1.004
-1,1.0011
-1,1.0117
-1,1.0075
-1,0.99827
-1,1.0043
-1,1.0144
-1,0.99296
-1,0.99539
-1,1.0046
-1,0.99295
-1,1.002
-1,0.99418
-1,1.0006
-1,1.0092
-1,1.0005
-1,1.0131
-1,1.0029
-1,1.0093
-1,1.0054
-1,0.98106
-1,1.0195
-1,1.0146
-1,0.99824
-1,0.99176
-1,1.0115
-1,1.0157
-1,0.99501
-1,1.005
-1,0.98718
-1,1.0056
-1,1.0083
-1,1.0096
-1,1.0035
-1,1.0037
-1,0.99769
-1,1.0031
-1,0.99065
-1,0.99599
-1,1.0056
-1,1.0143
-1,1.0107
-1,1.0083
-1,1.007
-1,0.98849
-1,0.99959
-1,0.99646
-1,0.99971
-1,1.0074
-1,0.99336
-1,1.0117
-1,0.99155
-1,1.0004
-1,1.0108
-1,1.0022
-1,0.98413
-1,0.99756
-1,1.0102
-1,0.98952
-1,0.98677
-1,0.9949
-1,1.0086
-1,0.99457
-1,1.0021
-1,0.99353
-1,0.99233
-1,1.0021
-1,0.99512
-1,1.001
-1,1.0137
-1,1.0203
-1,1.0042
-1,0.97232
-1,1.0037
-1,0.99526
-1,1.0028
-1,0.99224
-1,1.0147
-1,1.0059
-1,1.0015
-1,1.0028
-1,0.93967
-1,0.99383
-1,0.99469
-1,0.99819
-1,1.007
-1,1.007
-1,0.9928
-1,1.0047
-1,1.0108
-1,1.0043
-1,1.0373
-1,1.0051
-1,1.0193
-1,0.99581
-1,1.0034
-1,1.0036
-1,0.99933
-1,1.0016
-1,0.98752
-1,1.0094
-1,0.9993
-1,0.99574
-1,1.0035
-1,1.0069
-1,0.99782
-1,0.99665
-1,0.99996
-1,0.99304
-1,0.98525
-1,1.0036
-1,0.99685
-1,1.0019
-1,0.99851
-1,1.0084
-1,1.0198
-1,1.0143
-1,1.0059
-1,1.0066
-1,1.0107
-1,1.0008
-1,0.99827
-1,1.0031
-1,1.0063
-1,0.99576
-1,1.0104
-1,1.0026
-1,1.0049
-1,1.0108
-1,0.99861
-1,0.99576
-1,1.0088
-1,1.0036
-1,1.0088
-1,0.98245
-1,1.0072
-1,1.0016
-1,1.0117
-1,0.99203
-1,0.99751
-1,0.99682
-1,0.99434
-1,1.003
-1,1.0071
-1,1.01
-1,1.0181
-1,1.0104
-1,0.99711
-1,1.0001
-1,1.0045
-1,0.98058
-1,1.0081
-1,1.0101
-1,1.0006
-1,0.99251
-1,0.99027
-1,1.001
-1,0.99814
-1,0.99843
-1,1.0102
-1,1.0066
-1,0.99885
-1,0.98334
-1,1.0064
-1,1.0083
-1,1.0047
-1,1.0112
-1,0.99842
-1,1.0008
-1,1.0055
-1,1.0063
-1,1.0151
-1,0.97908
-1,0.99228
-1,0.9899
-1,0.99279
-1,1.0053
-1,1.002
-1,0.98387
-1,1.0276
-1,0.9994
-1,1.0034
-1,0.9887
-1,1.0046
-1,1.0035
-1,0.99375
-1,0.99756
-1,1.013
-1,0.99872
-1,1.0111
-1,1.0068
-1,1.0143
-1,1.0084
-1,0.99687
-1,0.9989
-1,1.0062
-1,1.0111
-1,0.99632
-1,0.99501
-1,1.0088
-1,1.0003
-1,0.99456
-1,1.0141
-1,1.0129
-1,1.0221
-1,0.98263
-1,0.98737
-1,0.99467
-1,1.0203
-1,1.007
-1,0.99314
-1,0.99243
-1,0.99955
-1,1.0036
-1,1.0166
-1,0.99249
-1,0.99153
-1,1
-1,0.98847
-1,1.0041
-1,0.99599
-1,1.0131
-1,1.004
-1,1.0068
-1,0.98269
-1,0.99708
-1,1.0009
-1,1.015
-1,1.0108
-1,1.0011
-1,1.0122
-1,1.0057
-1,0.99737
-1,0.98555
-1,0.98323
-1,1.0023
-1,1.0078
-1,0.99979
-1,0.99529
-1,1.0117
-1,0.99439
-1,1.0026
-1,0.99605
-1,0.98952
-1,0.96688
-1,0.99608
-1,0.98894
-1,0.98588
-1,0.9904
-1,0.98536
-1,1.0005
-1,0.99271
-1,0.98131
-1,0.98797
-1,1.0003
-1,0.96425
-1,0.99193
-1,0.99008
-1,0.98604
-1,0.99693
-1,0.98775
-1,0.99922
-1,0.99547
-1,1.0005
-1,1.0059
-1,0.99891
-1,0.99437
-1,0.99443
-1,0.99108
-1,0.9908
-1,0.96766
-1,0.98704
-1,0.9973
-1,0.99118
-1,0.99488
-1,0.99346
-1,1.0105
-1,0.99438
-1,0.99912
-1,1.0096
-1,0.9682
-1,0.99121
-1,0.9695
-1,0.99405
-1,0.97349
-1,0.98487
-1,0.99761
-1,0.97457
-1,1.0067
-1,0.99523
-1,0.9903
-1,0.98971
-1,0.99777
