1,1.0001
1,2.1935
1,5.0046
1,0.99963
1,0.99976
1,1
1,1
1,5.0328
1,0.99967
1,1.0006
1,1.0001
1,1.0002
1,7.485
1,2.6418
1,3.9149
1,1.0002
-1,-2.2465
-1,-4.7375
-1,-2.3214
-1,-1.6597
-1,-2.5628
-1,-1.6001
-1,0.13478
-1,-2.0687
-1,-3.0981
-1,-4.1725
-1,-3.1869
-1,-3.9604
-1,-0.26738
-1,-3.5138
-1,-2.476
-1,-1.6644
-1,-2.6518
-1,1.5892
-1,-1.0731
-1,-2.7197
-1,-6.1406
-1,-1.6706
-1,-1.8543
-1,-1.658
-1,-2.6025
-1,-2.3296
-1,-0.97305
-1,-2.327
-1,-2.0186
-1,-0.96173
-1,-1.3699
-1,-1.7369
-1,-2.0269
-1,-1.5232
-1,-2.0022
-1,1.1085
-1,-1.9059
-1,-2.0101
-1,-4.6864
-1,-1.3428
-1,-0.34621
-1,-3.057
-1,-1.5332
-1,-1.7783
-1,-2.4064
-1,-1.5472
-1,-1.2595
-1,-2.1284
-1,-2.0859
-1,-5.7402
-1,-3.006
-1,-3.7097
-1,-2.8003
-1,-3.5041
-1,-3.4763
-1,-2.5404
-1,-1.079
-1,-3.009
-1,1.736
-1,-2.6618
-1,-1.4707
-1,-3.068
-1,-2.5611
-1,-2.105
-1,-1.6167
-1,-2.7205
-1,-3.3497
-1,-1.226
-1,-0.55809
-1,-2.688
-1,-3.1767
-1,-2.7741
-1,-2.7438
-1,-3.304
-1,-2.9824
-1,-1.4738
-1,-2.8512
-1,-1.8965
-1,-1.7101
-1,-3.4212
-1,-4.1343
-1,-3.4195
-1,-0.94621
-1,-3.6506
-1,-1.9036
-1,-2.7507
-1,-1.6743
-1,-1.6491
-1,-1.1713
-1,-3.5761
-1,-1.8753
-1,-3.6152
-1,0.09669
-1,-1.0184
-1,-3.3231
-1,-2.4011
-1,-1.7045
-1,-5.3331
-1,-3.055
-1,2.2016
-1,-1.1989
-1,-0.06928
-1,-0.73753
-1,-0.77637
-1,-2.7766
-1,-0.8792
-1,-2.3918
-1,-2.9034
-1,-2.6629
-1,-2.1934
-1,-1.5438
-1,-1.7321
-1,-0.1778
-1,-0.74276
-1,-2.3485
-1,-3.1546
-1,-2.9568
-1,-1.9042
-1,-1.0108
-1,-0.72212
-1,-3.9691
-1,-0.95601
-1,-3.1815
-1,-0.061969
-1,0.21154
-1,-2.9969
-1,-0.80791
-1,-1.9791
-1,-0.30261
-1,-1.7298
-1,-5.8637
-1,-0.2752
-1,-1.4289
-1,-4.4651
-1,-1.644
-1,-0.57065
-1,-0.45194
-1,-4.1213
-1,-1.5284
-1,-2.8911
-1,-1.8096
-1,-2.6981
-1,-3.5141
-1,-2.1789
-1,-4.1162
-1,-2.294
-1,-4.2167
-1,0.20609
-1,0.60297
-1,-2.2619
-1,-2.3928
-1,-1.3655
-1,-2.4037
-1,-4.4777
-1,-3.5513
-1,-1.18
-1,-2.0349
-1,-3.9804
-1,-3.3233
-1,-1.0751
-1,-1.6559
-1,-3.8347
-1,-2.0855
-1,-2.6425
-1,-2.4739
-1,-3.18
-1,-1.6972
-1,-1.307
-1,-0.98469
-1,-1.6479
-1,-6.2146
-1,-2.004
-1,-0.82274
-1,-7.4476
-1,-1.4255
-1,-0.41364
-1,-0.90932
-1,-3.1356
-1,-1.631
-1,-0.74984
-1,-0.57455
-1,-2.0845
-1,-1.5146
-1,-1.4899
-1,-4.9357
-1,-3.0187
-1,-2.1299
-1,-3.2545
-1,-1.3753
-1,-0.5211
-1,-3.3929
-1,-3.4093
-1,0.29321
-1,0.1096
-1,-2.121
-1,-1.5275
-1,-4.34
-1,0.10114
-1,-4.7272
-1,-1.9565
-1,0.10612
-1,0.022201
-1,-0.53715
-1,-1.4221
-1,-0.95692
-1,-1.3082
-1,-2.1545
-1,-0.144
-1,-2.6028
-1,-1.3614
-1,-1.9772
-1,-1.5589
-1,-0.32714
-1,-1.3167
-1,-2.772
-1,-3.6223
-1,-2.6527
-1,-1.4965
-1,-2.6742
-1,-2.9337
-1,-1.7539
-1,-0.25818
-1,-2.6224
-1,-2.2879
-1,-3.319
-1,-3.3564
-1,-1.4449
-1,-3.8059
-1,-1.852
-1,-3.8008
-1,-3.5916
-1,-1.4707
-1,-1.3516
-1,-2.0176
-1,-1.7839
-1,-3.5143
-1,-2.9284
-1,-1.3244
-1,-4.0032
-1,-2.3039
-1,-1.3642
-1,-0.31705
-1,-1.4302
-1,-2.6685
-1,-2.3913
-1,-5.4055
-1,-1.7082
-1,-2.0132
-1,-2.6277
-1,-3.5363
-1,-3.9821
-1,-2.0198
-1,-2.1136
-1,-0.98802
-1,-3.7318
-1,-2.806
-1,-2.0903
-1,-3.0717
-1,-0.41922
-1,-2.379
-1,-2.6671
-1,-0.8113
-1,-2.0463
-1,-2.787
-1,-2.7478
-1,-3.3783
-1,-2.2862
-1,-0.70314
-1,-4.0859
-1,-3.2032
-1,-2.2376
-1,-2.3353
-1,-3.5103
-1,-0.66434
-1,-2.9832
-1,-1.9151
-1,-1.0232
-1,-3.7284
-1,-2.975
-1,-0.62797
-1,-2.3756
-1,-1.9223
-1,-3.0024
-1,1.9348
-1,-2.2256
-1,-6.6618
-1,-2.3692
-1,-1.8576
-1,-2.85
-1,-2.1395
-1,-1.7669
-1,-0.56762
-1,-4.4241
-1,-2.2666
-1,-1.3836
-1,-2.1657
-1,-1.7777
-1,0.61757
-1,-1.5877
-1,-1.4928
-1,-3.6171
-1,-2.1344
-1,-0.30341
-1,-1.1445
-1,-0.21426
-1,-3.2546
-1,-2.6184
-1,-3.1353
-1,-5.5473
-1,-1.3534
-1,-0.83801
-1,-1.6345
-1,-2.0385
-1,-0.65053
-1,-0.96952
-1,-2.1177
-1,-3.0896
-1,-2.8031
-1,-1.6964
-1,-0.83772
-1,-3.0986
-1,-0.58444
-1,-3.0399
-1,-3.5547
-1,-4.0352
-1,-3.0137
-1,-2.766
-1,-1.5766
-1,-1.5912
-1,-3.4624
-1,-0.081524
-1,-4.4425
-1,-4.9991
-1,-3.2387
-1,-1.3378
-1,-1.697
-1,-0.47041
-1,-1.1999
-1,-2.5227
-1,-2.8766
-1,-2.2659
-1,-3.7861
-1,-2.8605
-1,-2.6661
-1,-2.7384
-1,-2.9668
-1,-0.93265
-1,-4.1595
-1,-3.5242
-1,-0.31268
-1,-0.20411
-1,-2.0998
-1,-4.1315
-1,0.41637
-1,-1.4145
-1,0.78898
-1,-0.89458
-1,-3.0169
-1,-2.6541
-1,-2.8071
-1,-4.2394
-1,-2.6529
-1,-1.8937
-1,-1.8938
-1,-4.4725
-1,-3.4746
-1,-1.5064
-1,-2.9579
-1,-2.6845
-1,-1.5261
-1,-1.6296
-1,-2.5615
-1,-0.028413
-1,-4.0284
-1,-2.8623
-1,-2.4519
-1,-0.70446
-1,-0.34869
-1,-3.5202
-1,-4.8018
-1,-1.4723
-1,-2.4684
-1,-2.4938
-1,-4.4927
-1,-0.70379
-1,-4.5424
-1,-1.2767
-1,-3.0738
-1,-4.4645
-1,-0.54549
-1,-3.3658
-1,-1.1268
-1,-1.3361
-1,-4.2029
-1,-0.73813
-1,-3.451
-1,-3.7948
-1,-2.2215
-1,0.32866
-1,-1.068
-1,-0.26176
-1,-3.538
-1,-1.8936
-1,-0.61535
-1,-1.8932
-1,-2.0009
-1,-2.6403
-1,-2.8439
-1,-1.3939
-1,-0.63729
-1,-1.7738
-1,-2.9661
-1,-0.86381
-1,-1.3841
-1,-4.7341
-1,-3.8536
-1,-1.1857
-1,-1.0128
-1,-0.75681
-1,-1.4723
-1,-4.9993
-1,-3.3343
-1,-3.132
-1,-2.1214
-1,-2.1669
-1,-1.2008
-1,-0.97702
-1,-0.060915
-1,-1.3902
-1,-0.90808
-1,-0.56765
-1,-2.3181
-1,-3.3509
-1,-1.6146
-1,-1.5822
-1,0.05041
-1,-1.8088
-1,-0.9931
-1,-1.2468
-1,-2.3479
-1,-3.3563
-1,-2.5471
-1,-2.7872
-1,-0.67385
-1,-3.9273
-1,-2.0067
-1,-3.7249
-1,-2.1051
-1,-1.4327
-1,-1.4355
-1,-1.7935
-1,-2.8486
-1,-3.7514
-1,-1.6168
-1,-0.95107
-1,-3.7772
-1,-2.2022
-1,-3.4261
-1,-3.6061
-1,-4.6458
-1,-1.9798
-1,-0.49113
-1,-3.3489
-1,-0.9917
-1,-1.8553
-1,-2.2191
-1,-3.3736
-1,-2.6469
-1,-0.85145
-1,-1.395
-1,-2.3839
-1,-2.8407
-1,-2.2403
-1,-1.9848
-1,-1.3128
-1,-0.76733
-1,-3.1366
-1,-2.4754
-1,-2.843
-1,0.42409
-1,-1.5973
-1,-1.1978
-1,-4.1243
-1,-2.0478
-1,-1.0224
-1,-3.9742
-1,-2.3776
-1,-0.94233
-1,-1.7558
-1,-2.3058
-1,-0.74512
-1,-1.2041
-1,0.8009
-1,-2.4897
-1,-1.2002
-1,-0.82477
-1,-1.2239
-1,-1.8725
-1,-0.76497
-1,-0.1185
-1,-2.4411
-1,-3.23
-1,-4.1723
-1,-3.2256
-1,-2.6751
-1,-1.4287
-1,-2.5306
-1,-1.8221
-1,0.76652
-1,-1.3588
-1,-2.4642
-1,-2.042
-1,-0.020488
-1,-0.76704
-1,-2.7248
-1,-1.332
-1,-3.464
-1,-2.1366
-1,-4.2174
-1,-1.3712
-1,-1.757
-1,-3.9855
-1,-5.4847
-1,-2.6142
-1,-2.2896
-1,-1.2878
-1,-0.72432
-1,-3.4093
-1,-1.901
-1,-5.0771
-1,-0.46469
-1,-2.829
-1,-3.5349
-1,-1.4689
-1,-2.2975
-1,-3.3695
-1,-2.3912
-1,-2.8062
-1,-3.3857
-1,-5.4281
-1,-4.0848
-1,-3.6633
-1,-2.9265
-1,-0.0089491
-1,-2.8526
-1,-2.1862
-1,-2.3364
-1,-0.69313
-1,-1.8795
-1,-0.99344
-1,-2.0983
-1,-0.094936
-1,-2.8868
-1,-2.6354
-1,-2.499
-1,-1.5731
-1,-3.4946
-1,-0.98305
-1,-2.3432
-1,-3.7595
-1,-2.7376
-1,-3.9761
-1,-2.8696
-1,-0.94782
-1,-3.0104
-1,-0.71844
-1,-3.3442
-1,-1.2365
-1,-1.7299
-1,-1.4423
-1,-2.9652
-1,-1.8525
-1,-0.21688
-1,-0.57659
-1,-2.6084
-1,-1.8969
-1,-1.3599
-1,-2.7369
-1,-3.313
-1,-3.2964
-1,-1.1927
-1,-1.1974
-1,-1.2494
-1,-3.1626
-1,-2.5465
-1,-2.5378
-1,-2.5512
-1,-1.8198
-1,-1.8189
-1,-2.7995
-1,-1.3617
-1,-2.1608
-1,-2.9113
-1,-2.2487
-1,-3.0021
-1,-2.3865
-1,-1.6232
-1,-2.4039
-1,-3.7619
-1,-0.5968
-1,-0.57163
-1,-3.0656
-1,-2.0101
-1,-2.5847
-1,-1.8461
-1,-2.7026
-1,-2.4312
-1,-3.0821
-1,-2.0535
-1,-3.3656
-1,-2.3539
-1,-1.711
-1,-1.4441
-1,-2.3713
-1,-1.2236
-1,-2.1383
-1,-1.8843
-1,-3.773
-1,-2.2211
-1,-3.1841
-1,-0.6185
-1,-2.0754
-1,-2.5249
-1,-4.2426
-1,-3.09
-1,0.7428
-1,-4.7041
-1,-2.9533
-1,-2.3443
-1,-4.6084
-1,-2.4712
-1,-4.9568
-1,-2.1428
-1,-0.42059
-1,-1.9659
-1,-1.3356
-1,-2.1828
-1,0.38725
-1,-1.2869
-1,-0.31982
-1,-1.8931
-1,-2.8816
-1,-1.634
-1,-4.3492
-1,-0.090595
-1,-1.684
-1,0.11173
-1,-4.4891
-1,-0.56917
-1,-1.7086
-1,-0.64811
-1,-1.4688
-1,-1.7502
-1,-0.97169
-1,-0.89976
-1,-0.80821
-1,-1.5484
-1,-1.2459
-1,-1.6036
-1,-0.67619
-1,-3.1554
-1,-2.0187
-1,-3.0979
-1,-1.0189
-1,-1.4592
-1,-1.0626
-1,-0.69674
-1,-2.2388
-1,-1.5425
-1,-2.1902
-1,-0.8567
-1,0.26217
-1,-2.5967
-1,-3.0721
-1,-3.5139
-1,-3.1911
-1,-3.42
-1,0.059861
-1,-2.4319
-1,-2.4447
-1,-2.2345
-1,-1.3965
-1,-2.1772
-1,-3.32
-1,-2.484
-1,-4.1451
-1,-3.6447
-1,-4.0756
-1,-2.0345
-1,-3.9208
-1,-2.85
-1,-2.0687
-1,-2.0589
-1,-2.1249
-1,-5.2349
-1,-1.4022
-1,-2.7992
-1,-2.8707
-1,0.037796
-1,-2.7065
-1,-4.5242
-1,-2.3026
-1,-2.3591
-1,-1.0905
-1,-3.0467
-1,2.5462
-1,-2.3055
-1,-1.9185
-1,-2.2108
-1,-3.7972
-1,-1.4367
-1,-2.3218
-1,-4.1493
-1,-1.7224
-1,-0.65056
-1,-1.2993
-1,-3.2081
-1,-0.99514
-1,-3.5216
-1,-3.1271
-1,-1.1155
-1,1.044
-1,-0.12476
-1,-0.7076
-1,-0.70477
-1,-4.1511
-1,-1.3361
-1,-2.2076
-1,-1.848
-1,-2.1139
-1,-1.7394
-1,-2.3465
-1,-1.3127
-1,-2.3498
-1,-2.3187
-1,-4.4339
-1,-1.5208
-1,-4.1466
-1,-0.017212
-1,-2.4577
-1,-3.947
-1,-2.6496
-1,-3.2264
-1,-2.2444
-1,-2.9967
-1,-1.8897
-1,-2.0732
-1,-2.1813
-1,-2.2594
-1,-1.2525
-1,-2.71
-1,-4.8396
-1,-6.6784
-1,-3.4086
-1,-1.4797
-1,-0.6812
-1,-2.3746
-1,-3.5156
-1,-1.1682
-1,-1.2357
-1,-0.85329
-1,-2.6822
-1,-1.4112
-1,-2.1738
-1,-2.67
-1,-0.42193
-1,-0.87407
-1,-1.6487
-1,0.27446
-1,-0.59464
-1,-1.1029
-1,-1.3746
-1,-3.146
-1,-3.1744
-1,-2.9262
-1,-4.7385
-1,-1.5379
-1,-2.3333
-1,-2.6726
-1,-0.8272
-1,-2.0773
-1,-3.2793
-1,-2.0222
-1,-3.608
-1,-3.8559
-1,-2.4665
-1,-2.581
-1,-3.013
-1,-1.9429
-1,-2.6456
-1,3.279
-1,-1.1269
-1,-0.92784
-1,-1.2912
-1,-3.3807
-1,-0.77781
-1,-2.2571
-1,-1.9275
-1,-2.6888
-1,-0.8102
-1,-3.6116
-1,-0.88342
-1,-1.5769
-1,-2.3409
-1,-3.6464
-1,-3.5251
-1,-0.37255
-1,-3.7276
-1,-2.412
-1,-1.8626
-1,-1.4573
-1,-0.66509
-1,-3.8331
-1,0.35362
-1,-1.1547
-1,-2.2601
-1,-0.44254
-1,-1.9402
-1,-0.55083
-1,-1.1187
-1,-1.5263
-1,-2.9982
-1,4.4507
-1,-2.3293
-1,-4.1328
-1,-1.4166
-1,-1.7533
-1,-3.6595
-1,-2.6313
-1,-1.4049
-1,-1.4114
-1,-3.7466
-1,-2.7753
-1,-0.12096
-1,-2.2315
-1,0.36119
-1,-3.1295
-1,-1.609
-1,-2.4871
-1,-0.30527
-1,-3.3322
-1,-2.1912
-1,-3.2977
-1,-2.1855
-1,-0.26944
-1,-2.7308
-1,-2.8338
-1,-3.3062
-1,-3.4516
-1,-3.25
-1,-1.1384
-1,-3.2161
-1,-3.2623
-1,-3.9867
-1,-2.866
-1,-0.70456
-1,-0.55323
-1,-1.1305
-1,-2.3396
-1,-3.0422
-1,-3.999
-1,-4.9892
-1,-3.3721
-1,-0.8956
-1,-1.3551
-1,-1.2736
-1,-3.3072
-1,-1.0206
-1,-1.5898
-1,-1.6165
-1,-2.2913
-1,-0.097213
-1,-2.1651
-1,-1.7384
-1,-0.89869
-1,-6.2556
-1,-2.4776
-1,-2.0312
-1,-3.2493
-1,-3.1538
-1,-0.81647
-1,-0.38033
-1,-2.7781
-1,-1.0126
-1,-1.2094
-1,-0.92029
-1,-2.2677
-1,-3.006
-1,-2.4163
-1,-1.905
-1,-3.5488
-1,-3.443
-1,-1.3969
-1,-0.019638
-1,-2.5821
-1,-3.0423
-1,-2.6307
-1,-1.1219
-1,-0.94788
-1,-1.65
-1,-5.289
-1,-3.0091
-1,-0.92069
-1,-1.1181
-1,-1.8383
-1,-4.3127
-1,-2.5779
-1,-2.4638
-1,-2.6352
-1,-3.8845
-1,-1.8294
-1,-2.5208
-1,-2.5326
-1,1.1474
-1,-1.0443
-1,-2.7459
-1,-2.6985
-1,-2.2918
-1,-3.0729
-1,-2.2051
-1,-1.4965
-1,2.1648
-1,-1.4345
-1,-1.4736
-1,-2.2024
-1,-4.1865
-1,-1.0115
-1,-2.0183
-1,-4.3314
-1,-1.3639
-1,-4.1913
-1,-1.346
-1,-3.0605
-1,-1.5483
-1,-1.6384
-1,-3.7416
-1,-3.4024
-1,-0.76007
-1,-2.8477
-1,-2.0002
-1,-1.3924
-1,-3.6581
-1,-4.3524
-1,-1.8346
-1,-1.7801
-1,-0.045108
-1,-0.27722
-1,-2.4479
-1,-3.1314
-1,-2.9981
-1,-2.5383
-1,-3.7017
-1,-1.3185
-1,-3.9727
-1,-2.8712
-1,-2.7932
-1,-2.6232
-1,-1.9132
-1,-0.52219
-1,-3.0197
-1,-0.68253
-1,-1.7218
-1,-2.5125
-1,-4.225
-1,-1.9561
-1,-1.0945
-1,0.49413
-1,-1.3504
-1,-1.9768
-1,-2.3623
-1,-2.713
-1,-1.4276
-1,-0.6602
-1,-1.1128
-1,-3.3244
-1,-4.6252
-1,-0.65276
-1,-2.3375
-1,-0.63459
-1,0.49263
-1,-1.0909
-1,-3.075
-1,-1.4749
-1,-2.596
-1,-1.6464
-1,-2.0525
-1,-2.9127
-1,-0.35911
-1,-2.3291
-1,-0.92304
-1,-2.366
-1,-3.1516
-1,-3.3979
-1,-2.3085
-1,-1.58
-1,-1.0683
-1,-1.0497
-1,-1.818
-1,-2.9756
-1,-0.77267
-1,-4.2656
-1,-3.4714
-1,-0.96517
-1,-1.4772
-1,-2.1989
-1,-0.52916
-1,-5.3333
-1,-2.5566
-1,-1.7036
-1,0.0080548
-1,-2.7726
-1,-0.050468
-1,-2.1272
-1,-2.5807
-1,-2.762
-1,-1.6683
-1,-2.9162
-1,-3.3578
-1,-2.7002
-1,-3.043
-1,-0.82958
-1,-2.7094
-1,-0.55528
-1,-2.3691
-1,-0.8961
-1,-2.0659
-1,-3.9561
-1,-4.2875
-1,-2.2489
-1,-1.4832
-1,0.073832
-1,-0.91174
-1,-0.86123
-1,-2.7815
-1,-2.8025
-1,1.375
-1,-1.8309
-1,-1.9227
-1,-4.0909
-1,-3.5841
-1,-2.7333
-1,-1.6847
-1,-3.6005
-1,-1.4337
-1,-3.1678
-1,0.21895
-1,-1.7281
-1,-3.5264
-1,-2.604
-1,-3.1543
-1,-3.5385
-1,0.29682
-1,-1.6417
-1,-2.7133
-1,-1.4612
-1,-3.4945
-1,-3.2352
-1,-2.7408
-1,-0.66986
-1,-1.559
-1,-2.9695
-1,-3.1837
-1,-2.28
-1,-2.093
-1,0.076047
-1,-2.8606
-1,-3.6513
-1,-0.51468
-1,-0.60269
-1,-1.8612
-1,-4.9948
-1,-1.7661
-1,-2.0926
-1,-1.8468
-1,-3.3785
-1,-1.6272
-1,-3.2769
-1,-3.48
-1,-0.81192
-1,-2.6878
-1,-1.1873
-1,-1.2569
-1,-1.8118
-1,-1.3206
-1,-3.3241
-1,-1.2342
-1,-2.3386
-1,-0.6529
-1,-3.6866
-1,-1.8031
-1,-2.277
-1,1.5352
-1,-2.0728
-1,-3.346
-1,-2.4268
-1,-2.9327
-1,-2.9687
-1,-4.9478
-1,-3.2197
-1,-2.7172
-1,-1.3834
-1,-1.242
-1,-0.65295
-1,-1.8806
-1,-1.8243
-1,-1.4264
-1,-1.0406
-1,-1.5691
-1,-1.29
-1,-2.3545
-1,-3.5429
-1,-3.0993
-1,-2.9063
-1,-1.971
-1,0.15864
-1,-3.9751
-1,-0.83524
-1,-2.2215
-1,-2.8003
-1,-0.55642
-1,0.80229
-1,-1.1795
-1,-0.39631
-1,-1.1897
-1,-1.736
-1,-3.8086
-1,-2.1174
-1,-2.6675
-1,-1.6886
-1,-3.3269
-1,-0.36048
-1,-1.8867
-1,-1.8263
-1,-1.8813
-1,-2.372
-1,0.64688
-1,-1.4037
-1,-3.0714
-1,-0.016478
-1,-2.5613
-1,-2.9636
-1,-1.25
-1,-3.3912
-1,-0.42474
-1,-2.6964
-1,-0.92983
-1,-1.0108
-1,-2.0797
-1,-1.8929
-1,-2.0923
-1,0.63605
-1,-3.0388
-1,-0.5223
-1,0.96172
-1,-2.8938
-1,-1.4613
-1,-2.2866
-1,-0.99889
-1,-1.5658
-1,0.077048
-1,-1.0672
-1,-1.8333
-1,-3.5954
-1,-3.1201
-1,-2.0477
-1,-1.4718
-1,-3.5567
-1,-1.439
-1,-3.9213
-1,-1.2772
-1,-2.4051
-1,-3.5681
-1,-1.5277
-1,-3.8677
-1,-3.8496
-1,-1.8752
-1,-2.9583
-1,-2.6216
-1,-2.2306
-1,-3.1765
-1,-1.2979
-1,-3.0342
-1,-2.126
-1,-3.1642
-1,-1.4663
-1,-2.5784
-1,-2.9326
-1,-1.8672
-1,-1.409
-1,-3.3633
-1,-3.188
-1,-4.3474
-1,-3.049
-1,-2.6246
-1,-1.2284
-1,-1.468
-1,-2.6001
-1,-1.679
-1,-2.6304
-1,-2.9182
-1,-0.24403
-1,-2.564
-1,-0.54538
-1,-4.9273
-1,-2.6962
-1,-4.0463
-1,-2.8376
-1,-2.5074
-1,-4.5235
-1,-3.3917
-1,1.4647
-1,-0.51982
-1,-0.68473
-1,-2.3521
-1,-2.0343
-1,-2.8216
-1,-1.4529
-1,-1.2023
-1,-2.0455
-1,-0.72123
-1,-4.2857
-1,-3.7777
-1,-4.6535
-1,-1.1868
-1,-3.3181
-1,-3.4297
-1,-1.3462
-1,-1.2655
-1,-0.51778
-1,-5.1598
-1,-4.3661
-1,-2.2637
-1,-2.275
-1,-2.1862
-1,-1.8055
-1,-1.6572
-1,-1.4172
-1,-1.5775
-1,-0.66972
-1,-3.9679
-1,-2.5845
-1,-0.12661
-1,-5.3301
-1,-2.686
-1,-0.75837
-1,-2.3754
-1,-3.1869
-1,-2.6801
-1,-1.2614
-1,-2.235
-1,-1.8463
-1,-3.188
-1,-1.97
-1,-0.050998
-1,-3.2482
-1,-2.3273
-1,-5.0246
-1,-2.5825
-1,-2.8332
-1,-3.8519
-1,-2.4275
-1,-1.0713
-1,-1.8636
-1,-3.5393
-1,-2.9489
-1,-4.6784
-1,-3.1352
-1,-1.8414
-1,-1.4221
-1,-2.2914
-1,-2.2283
-1,-1.094
-1,-5.5404
-1,-2.4547
-1,-2.7549
-1,-4.1484
-1,-3.9564
-1,-4.171
-1,-3.3456
-1,-4.0058
-1,-3.1896
-1,-3.668
-1,-3.777
-1,2.0525
-1,-0.65664
-1,-3.7308
-1,-1.9616
-1,-3.4314
-1,-3.5162
-1,-1.7416
-1,-1.7161
-1,-1.3209
-1,-2.1828
-1,-4.0208
-1,-4.2695
-1,-1.1593
-1,-0.92163
-1,-3.0684
-1,-2.1717
-1,-6.8185
-1,-3.0096
-1,-2.9309
-1,-2.7612
-1,-3.0254
-1,-2.0127
-1,-1.504
-1,-3.026
-1,-2.3466
-1,-3.6142
-1,-2.4061
-1,-2.7057
-1,-1.7125
-1,-0.72224
-1,-0.29277
-1,-2.04
-1,-2.663
-1,-2.2318
-1,-2.046
-1,-1.7645
-1,-3.1166
-1,-2.2622
-1,-2.9238
-1,-2.2619
-1,-2.5499
-1,-1.1
-1,-2.731
-1,0.24203
-1,-2.2425
-1,-2.7618
-1,-2.5492
-1,-3.9709
-1,-2.9413
-1,-0.717
-1,-3.1845
-1,-1.441
-1,-1.6231
-1,-2.8944
-1,-2.1433
-1,-2.9957
-1,-4.0194
-1,-4.2123
-1,-2.3068
-1,-1.7639
-1,-3.2842
-1,-2.9182
-1,-2.2604
-1,-2.7387
-1,-1.7013
-1,0.19043
-1,0.15514
-1,-2.0075
-1,-1.1136
-1,-3.5029
-1,-0.705
-1,-2.5204
-1,-3.6486
-1,-3.5239
-1,-2.2379
-1,-3.0552
-1,0.030428
-1,-1.9716
-1,-2.0176
-1,-3.6067
-1,-3.84
-1,-1.2257
-1,-3.5111
-1,-0.47375
-1,-3.6592
-1,-2.5442
-1,-1.74
-1,-0.85822
-1,-2.6091
-1,-2.8541
-1,-2.8238
-1,-2.9005
-1,-2.5596
-1,-1.3868
-1,5.0428
-1,-1.313
-1,-2.5216
-1,-3.1046
-1,-2.229
-1,-1.8448
-1,-1.926
-1,-2.2132
-1,-2.7983
-1,-3.0281
-1,-4.2345
-1,-0.74683
-1,-2.7083
-1,-0.28883
-1,-2.8657
-1,-2.1133
-1,-1.0463
-1,-3.7127
-1,-1.7246
-1,-2.9448
-1,-3.1019
-1,-2.0546
-1,-2.9893
-1,-1.6754
-1,-3.0022
-1,-3.8573
-1,-3.0489
-1,-1.9682
-1,-4.1409
-1,-1.3943
-1,-1.1239
-1,-2.2555
-1,-1.9028
-1,-1.8865
-1,-0.74964
-1,-1.6923
-1,-4.6767
-1,-3.0464
-1,-3.7655
-1,-2.6544
-1,-4.1577
-1,-0.39123
-1,-1.7889
-1,-4.6757
-1,-0.67333
-1,-1.3656
-1,-3.6715
-1,-2.6182
-1,-0.75579
-1,-3.9225
-1,-3.9983
-1,-2.1056
-1,-2.6977
-1,-2.2317
-1,1.9239
-1,-2.6346
-1,-0.80231
-1,-2.9137
-1,-2.0359
-1,-2.5569
-1,-2.8313
-1,-5.3071
-1,-4.6435
-1,-3.2874
-1,-2.3813
-1,-2.7765
-1,-2.7112
-1,-2.9202
-1,0.016897
-1,-2.0455
-1,-3.1221
-1,-2.5201
-1,-3.9615
-1,-0.73882
-1,-0.39929
-1,-2.7134
-1,-2.9311
-1,-4.2713
-1,-3.0619
-1,-2.8663
-1,-4.2027
-1,1.287
-1,-3.426
-1,0.11824
-1,-2.8981
-1,-2.7874
-1,-4.435
-1,-4.5462
-1,-2.2316
-1,-3.5439
-1,-3.6603
-1,-2.5568
-1,-1.0508
-1,-4.9256
-1,-3.6747
-1,-5.2239
-1,-1.2348
-1,-3.0393
-1,-0.73876
-1,-3.1692
-1,-1.1403
-1,-3.1768
-1,-3.0879
-1,-2.381
-1,-5.5508
-1,-2.8095
-1,-5.143
-1,-2.4655
-1,-1.1757
-1,-1.3431
-1,-1.5738
-1,-2.6698
-1,-2.7116
-1,-2.2406
-1,-1.5595
-1,-3.0131
-1,-2.7576
-1,-3.466
-1,-3.7453
-1,-3.1003
-1,-0.073727
-1,-1.8804
-1,-2.9368
-1,-3.4327
-1,-4.0091
-1,-4.1323
-1,-3.1105
-1,-1.7728
-1,-1.7741
-1,-1.6631
-1,-0.81665
-1,-2.3856
-1,-2.6769
-1,-4.2832
-1,-1.1409
-1,-2.8384
-1,-0.85672
-1,-2.3086
-1,-2.6325
-1,-1.28
-1,-2.5415
-1,-0.99981
-1,-1.1984
-1,-2.7012
-1,-2.507
-1,-0.55788
-1,-1.4044
-1,-3.6188
-1,-1.7806
-1,-2.6171
-1,-1.1017
-1,-2.2712
-1,-0.80477
-1,-2.3759
-1,-0.83791
-1,-1.4096
-1,-3.1756
-1,0.87596
-1,-2.4832
-1,-2.0736
-1,-1.9109
-1,-4.5445
-1,-4.0449
-1,-3.2252
-1,-4.4959
-1,-1.6403
-1,-2.7455
-1,-1.9183
-1,-2.5786
-1,-3.2438
-1,-2.4741
-1,-2.3128
-1,-2.5169
-1,-3.0426
-1,-3.7839
-1,-2.3283
-1,-2.2728
-1,-1.2499
-1,-1.2852
-1,-3.4424
-1,-3.1979
-1,-3.1321
-1,-5.3134
-1,-3.468
-1,-4.1833
-1,-4.2602
-1,-4.5683
-1,-2.8553
-1,-1.5885
-1,1.2899
-1,-0.039106
-1,-2.9037
-1,-2.3998
-1,-3.808
-1,-3.1473
-1,-0.024806
-1,-1.8211
-1,-2.2365
-1,-2.2175
-1,-3.0402
-1,-3.7015
-1,-1.5081
-1,-1.8868
-1,0.46008
-1,-4.5765
-1,-2.6016
-1,-1.6218
-1,-4.1088
-1,-4.1011
-1,-3.5651
-1,-1.4078
-1,-0.86367
-1,-2.2589
-1,-3.5914
-1,-3.6227
-1,-2.6293
-1,-1.7661
-1,-3.3852
-1,-2.5454
-1,-2.2009
-1,-2.6518
-1,-2.274
-1,-2.3282
-1,-2.7308
-1,-1.7725
-1,-0.71535
-1,-1.204
-1,-3.3912
-1,-3.173
-1,-3.024
-1,-2.2696
-1,-1.6519
-1,-5.3273
-1,-3.6374
-1,-3.619
-1,-5.0986
-1,-3.4493
-1,-3.8826
-1,-0.55119
-1,-3.8002
-1,-3.0585
-1,-4.5424
-1,-2.3904
-1,-1.8577
-1,-4.6637
-1,-3.2847
-1,-2.9094
-1,-2.4826
-1,-2.5252
-1,-1.3201
-1,-0.3266
-1,-2.224
-1,-2.1034
-1,-3.636
-1,-1.535
-1,-3.7342
-1,-2.568
-1,-0.77235
-1,-0.25678
-1,-2.2553
-1,-1.0615
-1,-2.7137
-1,-2.8445
-1,-0.6083
-1,-2.5745
-1,-2.4305
-1,-2.7145
-1,-3.7305
-1,-0.43674
-1,-2.497
-1,-2.74
-1,-2.6082
-1,-2.2598
-1,-1.753
-1,-4.4793
-1,-1.3875
-1,-2.708
-1,-5.1657
-1,-2.694
-1,-1.5116
-1,-2.2058
-1,-3.2298
-1,-3.7464
-1,-2.0483
-1,-3.3623
-1,-3.6702
-1,-2.9052
-1,-4.136
-1,-1.9563
-1,-2.9411
-1,-2.7715
-1,-1.1683
-1,-4.1852
-1,-3.7828
-1,-1.2792
-1,-5.7852
-1,-4.7179
-1,-2.0511
-1,-2.1374
-1,-3.6453
-1,-6.3379
-1,-3.0968
-1,-3.9136
-1,-3.6612
-1,-3.7492
-1,-4.1961
-1,-2.6236
-1,-5.549
-1,-4.57
-1,-0.66715
-1,-3.4567
-1,-1.3793
-1,-4.9498
-1,-6.3158
-1,-3.2065
-1,-3.6274
-1,-3.8136
-1,-3.814
-1,-3.2036
-1,-4.795
-1,-3.2482
-1,-4.5586
-1,-3.4962
-1,-4.2145
-1,-3.1661
-1,-3.7715
-1,-0.9312
-1,-4.7145
-1,-5.3903
-1,-2.2305
-1,-4.7543
-1,-2.9861
-1,-2.2555
-1,-1.0004
-1,-3.1421
-1,-4.4853
-1,-4.0261
-1,-2.3905
-1,-5.372
-1,-1.3543
-1,-5.1669
-1,-3.223
-1,-2.2125
-1,-2.8091
-1,-3.8591
-1,-0.86746
-1,-3.3262
-1,-1.623
-1,-4.689
-1,-4.0117
-1,-3.6086
-1,-2.6431
-1,-3.9107
-1,-2.756
-1,-2.7833
-1,-1.3772
-1,-2.2867
-1,-1.1626
-1,-2.6288
-1,-2.1261
-1,-5.5235
-1,-3.3184
-1,-1.8891
-1,-3.0457
-1,-4.7647
-1,-3.4467
-1,-4.2154
-1,-2.4958
-1,-4.2848
-1,-4.6728
-1,-1.7491
-1,-3.5207
-1,-2.124
-1,-2.2976
-1,-3.0548
-1,-2.2479
-1,-4.8227
-1,-1.9348
-1,-3.6811
-1,-2.4328
-1,-3.9301
-1,-2.8329
-1,-3.171
-1,-3.8183
-1,-1.7249
-1,-2.5748
-1,-0.96082
-1,-0.3938
-1,-2.4826
-1,-2.594
-1,-3.2988
-1,-1.0301
-1,-4.5528
-1,-3.6519
-1,-2.5334
-1,-1.1782
-1,-0.97972
-1,-2.3401
-1,-0.50663
-1,-1.402
-1,-2.2132
-1,-3.5643
-1,-1.7874
-1,-2.6257
-1,-1.6609
-1,-3.5554
-1,-1.4458
-1,-3.1727
-1,-4.3844
-1,-4.8803
-1,-3.3421
-1,-1.9867
-1,-4.3595
-1,-2.8585
-1,-4.676
-1,-2.8842
-1,-2.9737
-1,-3.2378
-1,-1.8825
-1,-3.1739
-1,-1.42
-1,-3.0312
-1,-2.3831
-1,-2.8511
-1,-0.14166
-1,-4.6357
-1,-3.1962
-1,-3.887
-1,-2.7121
-1,-2.2384
-1,-2.6162
-1,0.75461
-1,-1.1011
-1,-3.6019
-1,-3.2025
-1,-1.582
-1,-1.2431
-1,-4.191
-1,-2.3798
-1,-2.3348
-1,-3.6241
-1,-2.2446
-1,-3.2191
-1,-4.1362
-1,-1.8939
-1,-2.8467
-1,-2.171
-1,-3.6506
-1,-1.739
-1,-1.2621
-1,-1.2279
-1,-0.57985
-1,-4.1323
-1,-3.1051
-1,-1.51
-1,-1.6074
-1,-2.7624
-1,-2.9862
-1,-2.1761
-1,-0.58391
-1,-3.0137
-1,-3.6446
-1,-2.6283
-1,-2.6597
-1,-2.9786
-1,-2.9776
-1,-4.0579
-1,-2.4755
-1,-6.0972
-1,-1.4328
-1,-3.6601
-1,-2.819
-1,-2.5115
-1,-3.2483
-1,-1.4546
-1,-2.7735
-1,-3.2785
-1,-3.2314
-1,-2.8077
-1,-0.18573
-1,-0.94927
-1,-6.4086
-1,0.91228
-1,-2.7453
-1,-5.8062
-1,-2.9473
-1,-5.294
-1,-6.082
-1,-2.6648
-1,-4.5846
-1,-1.4594
-1,-1.8183
-1,-1.5366
-1,-4.0201
-1,-1.3541
-1,-2.1216
-1,-0.64757
-1,-1.7606
-1,-1.6043
-1,-2.1402
-1,-3.1967
-1,-3.5414
-1,-5.454
-1,-0.60942
-1,-2.284
-1,-1.5956
-1,-4.2741
-1,-3.0345
-1,-3.8841
-1,-4.4819
-1,-3.7878
-1,-2.5818
-1,-3.1077
-1,-6.1496
-1,-2.2504
-1,-2.4083
-1,-2.8606
-1,-2.2867
-1,-1.6783
-1,-2.6365
-1,-3.2714
-1,-3.3417
-1,-4.3476
-1,-2.5753
-1,-2.2443
-1,-3.5156
-1,-4.1155
-1,-1.6878
-1,-4.6349
-1,-2.4491
-1,-4.2725
-1,-2.8467
-1,-4.2614
-1,-2.939
-1,-1.7835
-1,-1.837
-1,-2.3984
-1,-4.0489
-1,-1.3884
-1,-3.4369
-1,-3.8562
-1,-3.8061
-1,-3.8465
-1,-1.5785
-1,-2.8539
-1,-4.7299
-1,-3.022
-1,-4.2418
-1,-3.9576
-1,-1.6772
-1,-2.7837
-1,-3.6647
-1,-3.7116
-1,-0.95925
-1,-4.1055
-1,-3.6885
-1,-4.7029
-1,-2.1723
-1,-3.6247
-1,-2.6236
-1,-2.4687
-1,-1.9837
-1,-3.0863
-1,-4.1881
-1,-4.291
-1,-1.8071
-1,-3.2566
-1,-1.9608
-1,-4.371
-1,4.5858
-1,-3.3988
-1,-2.6053
-1,-2.2811
-1,-3.3777
-1,-3.0691
-1,-2.306
-1,-0.68281
-1,-2.7281
-1,-4.3207
-1,-2.5548
-1,-1.3425
-1,-3.0359
-1,-2.7138
-1,-1.9391
-1,-2.683
-1,-3.8593
-1,-2.0186
-1,-1.2639
-1,-1.2242
-1,-3.0213
-1,-3.2418
-1,-0.82617
-1,-4.0725
-1,-3.6027
-1,-3.1682
-1,-0.32798
-1,-3.7964
-1,-1.7977
-1,-3.2798
-1,-3.1783
-1,-3.1007
-1,-2.1871
-1,-1.488
-1,-3.5205
-1,-2.5632
-1,-2.5016
-1,-3.2706
-1,-3.2827
-1,-2.3555
-1,-0.63949
-1,-2.8589
-1,-3.931
-1,-2.6531
-1,-2.4327
-1,-3.1805
-1,-3.0016
-1,-1.6434
-1,-1.6866
-1,-3.0093
-1,-2.4552
-1,-2.3518
-1,-1.8053
-1,-1.1391
-1,-0.27312
-1,-2.6862
-1,-1.061
-1,-2.5216
-1,-1.4624
-1,-2.1027
-1,-3.9513
-1,-1.9029
-1,-4.43
-1,-3.363
-1,-2.1624
-1,-2.3615
-1,-2.183
-1,-0.42492
-1,-3.2708
-1,-0.46719
-1,-0.72047
-1,-2.0177
-1,-3.6023
-1,-4.3806
-1,-3.8434
-1,-3.8924
-1,-1.8635
-1,-2.7587
-1,-2.8096
-1,-3.6297
-1,-0.86039
-1,-0.9998
-1,-3.6639
-1,-1.8967
-1,0.77589
-1,-2.1504
-1,-4.4341
-1,-2.5238
-1,-2.5079
-1,-2.3543
-1,-4.2274
-1,-4.0069
-1,-0.34174
-1,-2.8287
-1,-2.2763
-1,-4.1454
-1,-0.65339
-1,-5.0087
-1,-2.6825
-1,-1.6262
-1,-3.9901
-1,-0.57687
-1,-0.7364
-1,-2.8388
-1,-2.2056
-1,-2.6973
-1,-1.7788
-1,-0.68058
-1,-2.4908
-1,-3.1465
-1,-4.9689
-1,-2.3868
-1,-5.3922
-1,-4.1917
-1,-0.59768
-1,-2.9584
-1,-2.1088
-1,-2.714
-1,-4.0572
-1,-0.79459
-1,-1.9351
-1,-2.5091
-1,-3.6114
-1,-2.1004
-1,-3.1378
-1,-2.9962
-1,1.8264
-1,-3.2798
-1,-4.7246
-1,-3.2273
-1,-3.8902
-1,-2.5076
-1,-3.5829
-1,-3.2989
-1,-4.1831
-1,-5.5919
-1,-1.6196
-1,-1.6017
-1,-1.8495
-1,-3.4381
-1,-2.5302
-1,-2.6445
-1,-0.94395
-1,-1.8012
-1,-1.8907
-1,-1.3868
-1,-2.6433
-1,-4.0167
-1,-4.1065
-1,-1.8948
-1,-6.3248
-1,-1.2261
-1,-4.6048
-1,-2.0353
-1,-3.109
-1,-1.479
-1,-1.8248
-1,-4.5603
-1,-2.8621
-1,-3.0926
-1,-2.916
-1,-2.5229
-1,-2.1896
-1,-4.5672
-1,-3.5108
-1,-3.1914
-1,-2.0085
-1,-1.719
-1,-1.4563
-1,-3.2353
-1,-3.5671
-1,-4.9386
-1,-2.6623
-1,-1.9521
-1,-4.309
-1,-3.1046
-1,-4.1635
-1,-2.2016
-1,-5.1497
-1,-2.8487
-1,-4.3342
-1,-1.4596
-1,-1.7757
-1,-1.5298
-1,-2.8091
-1,-2.9455
-1,-1.975
-1,-2.9921
-1,-0.73329
-1,-3.304
-1,-1.8257
-1,-3.0122
-1,-4.7959
-1,-1.6816
-1,-1.4633
-1,-2.3795
-1,-3.211
-1,-3.0853
-1,-3.3735
-1,-2.8241
-1,-0.40451
-1,-1.7333
-1,-2.4248
-1,-4.019
-1,-3.171
-1,-2.1022
-1,1.136
-1,-4.2681
-1,-2.6552
-1,-1.7222
-1,-2.8364
-1,-1.7503
-1,-1.197
-1,-2.7282
-1,-2.9368
-1,-2.9198
-1,-2.4875
-1,-2.9435
-1,-3.7259
-1,-2.9671
-1,-1.4854
-1,-0.82649
-1,-3.1455
-1,-3.1778
-1,-3.835
-1,-4.079
-1,-3.0701
-1,0.31821
-1,-2.7639
-1,-6.1317
-1,-1.2813
-1,-3.7494
-1,-2.8278
-1,-2.9918
-1,-1.7621
-1,-4.0951
-1,-4.0755
-1,-0.17583
-1,-2.3544
-1,0.17546
-1,-2.8449
-1,-1.1355
-1,-1.4497
-1,-4.0167
-1,-1.5665
-1,-2.3724
-1,-3.2748
-1,-3.0817
-1,-2.7449
-1,-2.9411
-1,-1.3456
-1,-1.5959
-1,-5.3763
-1,-0.65449
-1,-0.73085
-1,-4.5408
-1,-2.7427
-1,-1.9897
-1,-3.5539
-1,-1.8487
-1,-1.7807
-1,-1.7814
-1,-4.0763
-1,-5.4466
-1,-2.635
-1,-3.3363
-1,-3.5211
-1,-2.0153
-1,-3.1037
-1,-2.6471
-1,-0.83238
-1,-2.6298
-1,-1.418
-1,-2.2611
-1,-3.543
-1,-1.4883
-1,-2.3691
-1,-2.5626
-1,-0.91951
-1,-2.3566
-1,-2.8449
-1,-2.4573
-1,-5.2063
-1,-4.49
-1,-4.1078
-1,-3.5208
-1,-1.1528
-1,-0.42883
-1,-0.98115
-1,-3.7953
-1,-3.7302
-1,-2.7797
-1,-1.6383
-1,-4.4061
-1,-1.192
-1,-4.0027
-1,-2.6629
-1,-2.8007
-1,-2.963
-1,-0.90276
-1,-4.2798
-1,-1.879
-1,-2.0774
-1,-1.3925
-1,-1.439
-1,-2.6299
-1,-3.622
-1,-2.9241
-1,0.39881
-1,-1.3187
-1,-3.4573
-1,-1.1779
-1,-2.2336
-1,-2.3196
-1,-2.9749
-1,-1.1028
-1,-2.4593
-1,1.0127
-1,0.34735
-1,-2.4697
-1,-2.1396
-1,-2.9937
-1,-6.0327
-1,-1.2295
-1,-0.020715
-1,-3.3003
-1,-1.5652
-1,-2.862
-1,-3.0215
-1,-2.3077
-1,-2.6665
-1,-2.9984
-1,-5.0801
-1,-5.0962
-1,-2.7674
-1,-2.2644
-1,-1.8367
-1,-2.7455
-1,-1.1506
-1,-1.0591
-1,-2.643
-1,-3.1409
-1,-2.5305
-1,-0.59489
-1,-3.7562
-1,-1.3575
-1,-2.4398
-1,-3.5407
-1,-3.554
-1,-1.955
-1,-1.6342
-1,-2.4514
-1,-2.1449
-1,-1.8104
-1,-2.6288
-1,-2.2337
-1,-1.9637
-1,-2.9068
-1,-3.0274
-1,-3.2826
-1,-1.8153
-1,-0.87546
-1,-5.986
-1,-2.3456
-1,-0.90056
-1,-2.5864
-1,-3.3078
-1,-3.0595
-1,-3.0459
-1,-2.8271
-1,-1.3294
-1,-2.328
-1,-3.777
-1,-1.0407
-1,1.0133
-1,-4.0055
-1,-3.7768
-1,-1.845
-1,-2.6031
-1,-1.1739
-1,-0.78843
-1,-3.3007
-1,-2.0464
-1,-2.2432
-1,-1.8044
-1,-3.8823
-1,-2.1876
-1,-1.1918
-1,-3.0062
-1,-1.5622
-1,-2.0896
-1,-1.742
-1,-1.4094
-1,-2.6636
-1,-1.1847
-1,-1.2321
-1,-2.9818
-1,-1.5941
-1,-2.6054
-1,-2.7479
-1,-2.186
-1,-1.5882
-1,-1.3277
-1,-1.5825
-1,-2.031
-1,-0.5623
-1,-2.7019
-1,-1.1944
-1,-1.8866
-1,-1.4546
-1,-3.0187
-1,-7.5675
-1,-2.5383
-1,-2.4112
-1,-2.8139
-1,-2.9695
-1,-1.4803
-1,-1.7058
-1,-4.0763
-1,-0.2058
-1,-1.1582
-1,-1.7628
-1,-3.1443
-1,0.54583
-1,2.637
-1,-1.6017
-1,-1.4045
-1,-6.4643
-1,-1.1367
-1,-2.1876
-1,-3.8521
-1,-1.9735
-1,-3.7399
-1,-2.2877
-1,-1.3661
-1,-1.9709
-1,-0.43591
-1,-1.173
-1,-2.2502
-1,-2.9442
-1,-4.3467
-1,-1.6416
-1,-2.6429
-1,-2.3301
-1,-1.4672
-1,-1.9141
-1,-2.219
-1,-2.4795
-1,-2.7456
-1,-2.092
-1,-1.8304
-1,-2.4889
-1,-4.7145
-1,-3.0816
-1,-1.5353
-1,-1.6764
-1,-2.6031
-1,-1.2665
-1,-3.0131
-1,-2.4644
-1,-3.2915
-1,-2.3843
-1,-4.8226
-1,-2.6405
-1,-3.8938
-1,-2.955
-1,-1.2725
-1,-2.8261
-1,-4.9667
-1,-3.5146
-1,-2.4824
-1,-4.0886
-1,-4.1494
-1,-4.7019
-1,-3.578
-1,-5.4773
-1,-2.7612
-1,-2.9864
-1,-5.3511
-1,-3.0593
-1,-2.9439
-1,-2.5398
-1,-3.8696
-1,-3.0757
-1,-4.3771
-1,-4.2664
-1,-2.8512
-1,-1.6135
-1,-1.9011
-1,-4.5548
-1,-2.5858
-1,-6.1246
-1,-3.976
-1,-6.4096
-1,-0.41977
-1,-4.1339
-1,-4.6733
-1,-2.8357
-1,-2.5877
-1,-4.3093
-1,-3.8299
-1,-3.7954
-1,-6.2303
-1,-3.1727
-1,-3.425
-1,-4.2227
-1,-4.0133
-1,-4.5149
-1,-2.1006
-1,-3.5767
-1,-4.9106
-1,1.1946
-1,-5.4703
-1,-0.82211
-1,-2.0466
-1,-1.8519
-1,-2.1069
-1,-2.8758
-1,-4.4119
-1,-5.3707
-1,-1.9054
-1,-3.5428
-1,-1.1587
-1,-2.7345
-1,-0.89066
-1,-3.2987
-1,-2.9882
-1,-3.2058
-1,-4.5965
-1,-6.0623
-1,-3.2106
-1,-2.2797
-1,-3.8268
-1,-2.0821
-1,-2.0874
-1,-3.9183
-1,-4.0229
-1,-1.7136
-1,-2.5755
-1,-1.5437
-1,-2.4987
-1,-0.41314
-1,-3.9828
-1,-0.80303
-1,-0.64282
-1,-2.0991
-1,-1.1584
-1,-1.2629
-1,-3.0642
-1,-3.4051
-1,-3.5743
-1,0.18258
-1,-2.514
-1,-2.2721
-1,-1.3174
-1,-2.3279
-1,-1.9234
-1,-3.7575
-1,0.66446
-1,-4.779
-1,-4.0157
-1,-0.14153
-1,-2.6007
-1,-2.5219
-1,-2.7086
-1,-1.3301
-1,-2.4447
-1,-2.2464
-1,-3.5424
-1,-0.85633
-1,-4.2661
-1,-1.2115
-1,-0.64353
-1,-3.3088
-1,-3.1597
-1,-3.6401
-1,-3.3344
-1,-2.7139
-1,-2.9943
-1,-2.6325
-1,-2.3555
-1,-4.099
-1,-3.9965
-1,-2.124
-1,-1.7749
-1,-1.6344
-1,-3.7909
-1,-3.5745
-1,-4.9799
-1,-0.75247
-1,-2.3229
-1,-4.3246
-1,-1.9583
-1,-3.5769
-1,-3.4895
-1,-3.0425
-1,-2.9988
-1,-2.3319
-1,-3.6009
-1,-3.2344
-1,-2.2079
-1,-1.5865
-1,-4.4868
-1,-5.2566
-1,-9.4064
-1,-5.9332
-1,-2.5717
-1,-3.616
-1,-4.3557
-1,-5.1012
-1,-2.6501
-1,-2.2368
-1,-2.1648
-1,-3.5907
-1,-2.5294
-1,-1.6855
-1,-1.6003
-1,0.23989
-1,-3.3064
-1,-4.713
-1,-5.6828
-1,-3.7907
-1,-1.4996
-1,-3.3327
-1,-2.631
-1,-3.6545
-1,-2.3884
-1,-2.7878
-1,-3.2723
-1,-3.7849
-1,-1.5594
-1,-0.5127
-1,-1.6104
-1,-2.7761
-1,-2.3693
-1,-6.0856
-1,-4.0759
-1,-3.2558
-1,-3.6868
-1,-3.981
-1,-4.7923
-1,-3.2597
-1,-3.484
-1,-1.4346
-1,-3.1931
-1,-2.2625
-1,-3.6142
-1,-3.5886
-1,-0.14906
-1,-1.6974
-1,-2.7035
-1,-1.9677
-1,-4.0629
-1,-2.8116
-1,-0.11542
-1,-1.5138
-1,-4.7323
-1,-5.5731
-1,-2.5868
-1,-2.5469
-1,-1.114
-1,-2.5604
-1,-4.7374
-1,-4.9277
-1,-2.6578
-1,-0.62993
-1,-4.697
-1,-3.5208
-1,-4.6728
-1,-3.1081
-1,-3.4283
-1,-4.2421
-1,-1.1201
-1,-2.4213
-1,-2.1749
-1,-4.1054
-1,-3.9464
-1,-3.5074
-1,-3.2494
-1,-1.7746
-1,-4.4936
-1,-4.5599
-1,-2.6042
-1,-4.7508
-1,-3.708
-1,-0.26681
-1,-1.3877
-1,-3.4963
-1,-1.8178
-1,-1.3669
-1,-2.7198
-1,-3.6898
-1,-1.6042
-1,-2.7724
-1,-2.129
-1,0.009968
-1,-1.1252
-1,-0.97518
-1,-2.8901
-1,-1.3819
-1,-4.5321
-1,-1.976
-1,-3.0004
-1,-4.5705
-1,-2.0391
-1,-1.596
-1,-2.7339
-1,-4.6248
-1,-2.4281
-1,-7.0325
-1,1.0269
-1,-0.67677
-1,-3.8288
-1,-1.7411
-1,-4.3459
-1,-1.5969
-1,-2.4816
-1,-1.9601
-1,-3.302
-1,-2.4747
-1,-2.8503
-1,-1.5006
-1,-2.6065
-1,-1.0845
-1,-2.7418
-1,-2.045
-1,-5.0532
-1,-2.0796
-1,-2.1907
-1,-1.8642
-1,-2.5114
-1,-1.4501
-1,-2.6515
-1,-3.3687
-1,-2.7766
-1,-3.689
-1,-3.6431
-1,-2.807
-1,-3.9774
-1,-3.0422
-1,-2.1761
-1,-2.7896
-1,-3.3196
-1,-2.5185
-1,-2.7887
-1,-3.1965
-1,-3.8349
-1,-1.6085
-1,-2.2519
-1,-2.1434
-1,-5.9805
-1,-0.40088
-1,-1.8916
-1,-3.3148
-1,-3.2069
-1,-3.0901
-1,-0.7908
-1,-3.0668
-1,-3.4643
-1,-2.5557
-1,-1.1832
-1,-1.5672
-1,-0.98004
-1,-1.9951
-1,-2.5608
-1,-4.0597
-1,-2.2841
-1,-1.407
-1,-0.3889
-1,-2.4226
-1,-2.4922
-1,-2.6136
-1,-2.6314
-1,-1.0417
-1,0.84111
-1,-3.6091
-1,-2.3203
-1,-1.4195
-1,-3.0952
-1,-3.6243
-1,-0.477
-1,-0.86934
-1,-3.1551
-1,-2.5311
-1,-1.7808
-1,-3.6663
-1,-1.7594
-1,-0.78389
-1,-2.9091
-1,-4.2919
-1,0.34073
-1,-1.9265
-1,-2.9654
-1,-3.2159
-1,-3.6242
-1,-1.6833
-1,-3.085
-1,-1.8218
-1,-0.15636
-1,-3.6765
-1,-3.883
-1,-4.2454
-1,-2.4968
-1,-3.4604
-1,-3.9781
-1,-7.5168
-1,-2.7209
-1,-2.7681
-1,-1.0064
-1,-2.9665
-1,-2.49
-1,-3.3347
-1,-5.1346
-1,-3.1404
-1,-2.9481
-1,-1.9927
-1,-1.7785
-1,-4.2157
-1,-2.4794
-1,-3.4356
-1,-2.3052
-1,-4.3021
-1,-2.8921
-1,-2.5932
-1,-4.7076
-1,-3.478
-1,-1.6749
-1,-3.5427
-1,-1.453
-1,-2.8269
-1,-1.9729
-1,-3.7721
-1,-4.0823
-1,-4.3338
-1,-0.71367
-1,-1.5259
-1,-3.0614
-1,-4.013
-1,-3.2132
-1,-1.7338
-1,-2.9806
-1,-2.5216
-1,-3.0588
-1,-1.5548
-1,-2.559
-1,-2.0584
-1,-1.7977
-1,-4.6505
-1,0.10766
-1,-1.9984
-1,-4.9227
-1,-0.25703
-1,-1.9427
-1,-0.71057
-1,-1.716
-1,-0.87534
-1,-2.7034
-1,-3.2705
-1,-3.234
-1,-5.3904
-1,-2.5378
-1,-0.56294
-1,-3.2434
-1,-2.0497
-1,-2.5614
-1,-2.289
-1,-3.8526
-1,-3.3462
-1,-1.4896
-1,-1.9954
-1,-4.6585
-1,-3.4318
-1,-1.961
-1,-1.6358
-1,-2.9883
-1,-2.5938
-1,-1.0713
-1,-2.3213
-1,-2.7232
-1,-2.6246
-1,-3.5901
-1,-2.416
-1,-3.9434
-1,-3.2963
-1,-2.0807
-1,-0.86247
-1,-3.6057
-1,-2.7698
-1,-2.5184
-1,-3.1892
-1,-2.0007
-1,-2.728
-1,-3.2222
-1,-1.4897
-1,-2.3779
-1,-4.0478
-1,-2.8839
-1,-1.2191
-1,-2.9418
-1,-1.9807
-1,-3.1683
-1,-1.9564
-1,-2.3278
-1,-1.954
-1,-1.848
-1,-1.5725
-1,-2.1558
-1,-4.2428
-1,-3.927
-1,-2.7697
-1,-1.6172
-1,-2.5453
-1,-2.1976
-1,-2.9883
-1,-2.7528
-1,-2.6022
-1,-1.7545
-1,-3.5896
-1,-1.6632
-1,-3.351
-1,-0.34357
-1,-1.6534
-1,-2.1084
-1,-1.9879
-1,-2.2358
-1,-2.85
-1,-2.6857
-1,-2.0342
-1,-2.1054
-1,-1.3993
-1,-2.0357
-1,-2.476
-1,-2.3179
-1,-3.1381
-1,-0.17941
-1,-3.8585
-1,-2.6457
-1,-2.9099
-1,-1.3912
-1,-0.68218
-1,2.3616
-1,-3.1807
-1,-0.30932
-1,-5.7213
-1,-2.7397
-1,-2.3145
-1,-2.8378
-1,-1.8974
-1,-2.1021
-1,-2.5008
-1,-3.1678
-1,-0.91541
-1,-2.2158
-1,-1.7985
-1,-1.1381
-1,-3.4038
-1,-1.1154
-1,3.318
-1,-0.67825
-1,-1.6402
-1,-2.2883
-1,-2.4932
-1,-0.58284
-1,-2.0522
-1,-0.37337
-1,-1.4378
-1,0.36774
-1,-1.9396
-1,-1.6407
-1,-3.0071
-1,-0.19911
-1,-3.0262
-1,-3.2885
-1,-1.5342
-1,-1.6068
-1,-2.6009
-1,-0.3351
-1,-2.088
-1,-0.20117
-1,-2.5703
-1,-0.22826
-1,-1.9227
-1,-3.3756
-1,-2.3845
-1,-2.4079
-1,-1.0367
-1,-1.8998
-1,-1.8124
-1,-3.7409
-1,-2.3876
-1,-3.2787
-1,-4.4983
-1,-0.42324
-1,-1.5274
-1,-2.4395
-1,-2.5984
-1,-3.9458
-1,-2.5736
-1,-1.4044
-1,-0.88353
-1,-2.3739
-1,-1.4149
-1,-2.3715
-1,-1.7364
-1,-2.192
-1,-2.6501
-1,-1.7691
-1,-1.2967
-1,-2.252
-1,-1.425
-1,-3.5742
-1,0.38263
-1,-1.0551
-1,-2.5479
-1,-3.4501
-1,-3.9105
-1,-1.8649
-1,-2.2045
-1,-0.021916
-1,-2.2457
-1,0.44409
-1,-1.8011
-1,-2.8174
-1,-2.2476
-1,-3.5922
-1,-1.7053
-1,-2.7227
-1,-4.4252
-1,-3.6719
-1,-1.9168
-1,-1.8064
-1,-2.356
-1,-1.8574
-1,-2.9735
-1,-2.3625
-1,-2.3126
-1,-6.3213
-1,-0.61001
-1,-2.4864
-1,-1.1665
-1,-1.5626
-1,-2.7661
-1,-3.4332
-1,-0.34766
-1,-1.2389
-1,-0.78237
-1,-2.5307
-1,-3.3959
-1,-2.3815
-1,-2.6421
-1,-0.76962
-1,-1.8223
-1,-1.0907
-1,-2.9791
-1,-3.0215
-1,0.28093
-1,-0.41687
-1,-1.5405
-1,-0.41811
-1,-1.7173
-1,-2.8161
-1,-1.1666
-1,0.40886
-1,-4.4926
-1,-1.6613
-1,-2.0138
-1,-1.3975
-1,-0.61729
-1,-0.087474
-1,-4.0311
-1,-2.2117
-1,-2.8463
-1,-1.9678
-1,-1.8876
-1,-2.0228
-1,-1.2268
-1,-1.1478
-1,-2.4994
-1,-0.8355
-1,-0.43955
-1,-2.7059
-1,0.16107
-1,-4.2955
-1,-1.5018
-1,-3.3077
-1,-3.085
-1,-2.8253
-1,-4.9933
-1,-1.9671
-1,-1.6165
-1,-2.3086
-1,-0.88928
-1,-1.0328
-1,-1.9932
-1,-2.9345
-1,-0.93854
-1,-2.8856
-1,-3.5881
-1,-2.0268
-1,-1.7534
-1,-2.8833
-1,-3.3454
-1,-4.5891
-1,-1.9038
-1,-2.0604
-1,-4.7029
-1,-1.9217
-1,-1.1753
-1,-2.6492
-1,-1.2208
-1,-2.4397
-1,-4.5477
-1,-0.63311
-1,-1.7265
-1,-2.1168
-1,-2.7086
-1,-1.5167
-1,-4.0361
-1,-3.5558
-1,-2.7474
-1,-2.406
-1,-0.81853
-1,-1.2919
-1,-4.3941
-1,-3.1081
-1,-2.8775
-1,-1.3201
-1,-4.78
-1,-1.8546
-1,-1.7514
-1,0.50916
-1,-4.5832
-1,-1.6034
-1,-1.9209
-1,-1.5993
-1,-2.5476
-1,-3.3272
-1,-2.9378
-1,-1.382
-1,-3.1446
-1,-2.2793
-1,-1.192
-1,-3.1389
-1,-3.4544
-1,-1.5162
-1,-1.6987
-1,2.5835
-1,-2.5863
-1,-2.8297
-1,-0.47471
-1,-0.81695
-1,-2.5595
-1,-3.4832
-1,-3.5131
-1,-1.7565
-1,-3.2254
-1,-1.3469
-1,-2.225
-1,-2.7067
-1,-0.8755
-1,-0.39109
-1,-5.0017
-1,-4.0333
-1,-4.6782
-1,-1.5266
-1,-1.7551
-1,-1.8191
-1,-4.3036
-1,-1.5684
-1,-2.4973
-1,-3.0149
-1,-1.4692
-1,-1.7517
-1,-2.3461
-1,-2.5036
-1,-3.2337
-1,-2.9641
-1,-4.1
-1,-0.77011
-1,-2.5692
-1,-2.2698
-1,-2.7196
-1,-3.0852
-1,-1.4188
-1,-3.0957
-1,-1.902
-1,-3.0485
-1,-3.164
-1,-2.4976
-1,-5.3968
-1,-1.2394
-1,-3.7796
-1,-0.81122
-1,-2.5438
-1,-2.9281
-1,-1.3285
-1,-2.464
-1,-2.4931
-1,-1.9564
-1,-3.7536
-1,-4.0775
-1,-4.5789
-1,-3.2193
-1,-1.0422
-1,-2.7634
-1,-3.9767
-1,-2.0007
-1,-3.37
-1,-4.3757
-1,-3.8334
-1,-1.3947
-1,-1.5453
-1,-2.1665
-1,-3.3864
-1,-4.2124
-1,-2.0069
-1,-1.9993
-1,-1.4224
-1,-2.1983
-1,-3.2033
-1,-1.3727
-1,0.038181
-1,-1.262
-1,-2.2745
-1,1.1744
-1,-1.309
-1,-1.4022
-1,-2.8801
-1,-2.1342
-1,-0.22543
-1,-1.8095
-1,-1.2342
-1,-3.7766
-1,-1.6107
-1,-2.6839
-1,-2.344
-1,-1.0816
-1,0.1192
-1,-0.7904
-1,-0.57179
-1,0.17423
-1,-1.7808
-1,-3.5778
-1,-0.24169
-1,-0.37514
-1,-1.9963
-1,-0.70463
-1,-2.6657
-1,-1.2001
-1,1.1411
-1,-2.1514
-1,-1.7192
-1,-1.7206
-1,-1.1481
-1,-1.1438
-1,0.71203
-1,-1.9021
-1,0.6095
-1,-1.2586
-1,-1.959
-1,-2.1613
-1,-0.092236
-1,-2.4597
-1,-0.10093
-1,1.1831
-1,0.083636
-1,-2.2252
-1,-2.161
-1,-1.8625
-1,0.84055
-1,-1.1726
-1,-1.4984
-1,-4.1588
-1,-0.35885
-1,-2.5283
-1,-1.11
-1,-1.8913
-1,-1.073
-1,-0.75674
-1,-2.6985
-1,-2.3287
-1,-3.4668
-1,2.4834
-1,-1.397
-1,-0.99972
-1,-0.054012
-1,-2.0449
-1,-3.1252
-1,-1.646
-1,-1.0422
-1,-2.2174
-1,-1.7639
-1,-1.262
-1,-3.1515
-1,-1.8388
-1,-0.36544
-1,-1.8295
-1,-2.5212
-1,-0.81878
-1,-2.2833
-1,-3.9524
-1,-2.9358
-1,-2.48
-1,-1.8922
-1,-2.8593
-1,-2.535
-1,-0.81443
-1,-4.0158
-1,-1.1856
-1,-2.655
-1,-2.0408
-1,-2.0464
-1,-1.8417
-1,1.8253
-1,-1.0011
-1,-3.6167
-1,-3.5803
-1,-1.4744
-1,-3.7411
-1,-1.7567
-1,-1.7805
-1,-0.79336
-1,-2.4281
-1,-2.4127
-1,-1.26
-1,-2.7016
-1,-2.3082
-1,-2.2371
-1,-1.8123
-1,-0.71591
-1,-1.925
-1,-2.8629
-1,-1.358
-1,-2.9263
-1,-3.9126
-1,-2.5823
-1,-3.7681
-1,-0.73088
-1,-1.5213
-1,-0.31778
-1,-2.1889
-1,-2.1252
-1,-1.8029
-1,-0.6539
-1,-2.2979
-1,-0.97698
-1,-1.1097
-1,0.055639
-1,-1.0947
-1,-1.2779
-1,-2.598
-1,-2.9887
-1,-0.66688
-1,-2.2527
-1,-2.7924
-1,-0.73765
-1,-4.3281
-1,-3.9907
-1,-2.2233
-1,-2.9978
-1,-2.9601
-1,-3.3492
-1,-3.0256
-1,-1.2522
-1,-3.3245
-1,-3.1426
-1,-3.7002
-1,-4.1787
-1,-3.5336
-1,-3.0598
-1,-3.5264
-1,-2.5379
-1,-1.5459
-1,-1.8629
-1,-0.66849
-1,-4.2428
-1,-1.0329
-1,-2.0146
-1,-2.8319
-1,-3.3213
-1,-2.4334
-1,-4.8063
-1,-2.4139
-1,-0.38164
-1,-0.31398
-1,-2.1465
-1,-1.8079
-1,-1.4581
-1,-2.5996
-1,-1.2655
-1,-1.3857
-1,-1.4089
-1,-3.2498
-1,-1.9609
-1,-3.1667
-1,-2.9171
-1,-2.5989
-1,-4.6957
-1,-2.664
-1,-2.1341
-1,-1.7066
-1,-3.3692
-1,-3.7691
-1,-4.4321
-1,-1.77
-1,-2.9618
-1,-3.3967
-1,-2.5384
-1,-0.29315
-1,-2.4764
-1,-2.6941
-1,-1.7558
-1,-2.0985
-1,2.8954
-1,-1.304
-1,-4.8498
-1,-3.0687
-1,-3.2892
-1,-2.3152
-1,-3.9699
-1,-1.486
-1,-1.8142
-1,-3.1264
-1,-1.9028
-1,-3.1985
-1,-2.4942
-1,-0.43501
-1,-3.2534
-1,-1.612
-1,-1.9435
-1,-2.5022
-1,-2.571
-1,-2.0413
-1,-2.0143
-1,-2.589
-1,-2.5356
-1,-4.8691
-1,-3.2799
-1,-4.0588
-1,-5.2984
-1,-3.3257
-1,-4.1993
-1,-2.3126
-1,-2.923
-1,-1.7886
-1,-2.9331
-1,-0.9646
-1,-2.973
-1,-1.8578
-1,-3.9873
-1,-1.9608
-1,-3.0504
-1,-2.2839
-1,-3.5951
-1,-4.1776
-1,-2.7576
-1,-7.1042
-1,-3.2455
-1,-2.9966
-1,-1.7829
-1,-0.67719
-1,-5.0269
-1,-0.76972
-1,-1.4372
-1,-5.2004
-1,-3.4978
-1,-1.951
-1,1.5987
-1,-2.5791
-1,-3.4224
-1,-4.419
-1,-3.4241
-1,-1.3972
-1,-4.3539
-1,-3.2789
-1,-5.5109
-1,-2.3138
-1,-2.0137
-1,-1.9481
-1,-3.7655
-1,-2.9832
-1,-1.7588
-1,-1.7754
-1,-2.3626
-1,-1.5443
-1,-2.3353
-1,-3.436
-1,-3.3672
-1,-4.1372
-1,-4.8771
-1,-2.1871
-1,-5.7672
-1,-2.8708
-1,-1.7764
-1,-1.3163
-1,-1.6047
-1,-5.8926
-1,-3.3781
-1,-4.6216
-1,-4.2779
-1,-3.3054
-1,-3.4986
-1,-3.4672
-1,-2.4032
-1,-5.5184
-1,-2.5738
-1,-3.5316
-1,-2.6942
-1,-3.388
-1,-2.9939
-1,-2.554
-1,-4.5006
-1,-3.5673
-1,-3.4329
-1,-5.5241
-1,2.5666
-1,-3.8084
-1,-2.5266
-1,-2.2943
-1,-0.87269
-1,-1.9967
-1,-4.5321
-1,-2.8338
-1,-1.8298
-1,-2.9763
-1,-1.9316
-1,-5.0329
-1,-2.9507
-1,-3.1456
-1,-2.6234
-1,-2.7342
-1,-1.6952
-1,-2.294
-1,-1.6744
-1,-1.8961
-1,-2.9562
-1,-1.7012
-1,-4.5273
-1,-4.0102
-1,-3.8708
-1,-4.1919
-1,-4.4056
-1,-2.5267
-1,-3.6282
-1,-1.8497
-1,-3.5574
-1,0.67485
-1,-3.8007
-1,-3.178
-1,-3.7371
-1,-3.5635
-1,-0.36625
-1,-4.5852
-1,-2.0008
-1,-2.6248
-1,-5.8812
-1,-4.6279
-1,-4.6564
-1,-1.4213
-1,-0.65162
-1,-0.80532
-1,-1.7285
-1,-2.9069
-1,-5.3215
-1,-2.4213
-1,-4.0583
-1,-2.1794
-1,-3.1852
-1,-4.7799
-1,-4.0433
-1,-3.3911
-1,-1.3862
-1,-2.4468
-1,-2.4467
-1,-1.7225
-1,-4.0433
-1,-0.97581
-1,-2.7485
-1,-3.162
-1,-2.4151
-1,-2.5887
-1,-1.5484
-1,-0.53114
-1,-2.4863
-1,-4.5087
-1,-4.4147
-1,-2.3651
-1,-2.4641
-1,-3.2653
-1,-4.0788
-1,-0.88339
-1,-1.8346
-1,-2.8096
-1,-3.1492
-1,-3.9842
-1,-0.8732
-1,-2.8035
-1,-3.8613
-1,-4.8739
-1,-2.7712
-1,-0.98869
-1,-2.0148
-1,-1.1462
-1,-2.2383
-1,-3.2135
-1,-4.0586
-1,-2.8678
-1,-2.541
-1,-3.1415
-1,-2.4489
-1,-2.533
-1,-1.2728
-1,-2.7752
-1,-2.0846
-1,-0.28438
-1,-1.268
-1,-3.6707
-1,-2.6419
-1,-3.7935
-1,-2.2285
-1,-2.445
-1,-4.2676
-1,-1.5818
-1,-3.3942
-1,-2.5892
-1,-2.9701
-1,-2.6951
-1,-1.4008
-1,-1.5636
-1,-3.5275
-1,-4.2026
-1,-5.1737
-1,-3.1966
-1,0.23277
-1,-1.0461
-1,-2.4249
-1,-4.1508
-1,-3.6531
-1,-4.4246
-1,-1.0324
-1,-3.1696
-1,-3.0775
-1,-3.9735
-1,-1.9799
-1,-2.5862
-1,-2.1989
-1,-4.7053
-1,-2.9857
-1,-3.035
-1,-2.9194
-1,-4.5063
-1,-3.3592
-1,-1.8493
-1,-3.2736
-1,-3.6212
-1,-3.5684
-1,-6.4562
-1,-2.8006
-1,-3.2331
-1,-3.5338
-1,-3.2134
-1,-3.1576
-1,-1.3179
-1,-3.082
-1,-2.0176
-1,-3.4737
-1,-4.7653
-1,-3.3773
-1,-1.3664
-1,-5.1111
-1,-2.5862
-1,-2.307
-1,-3.0038
-1,-4.1029
-1,-6.2798
-1,-2.5976
-1,-1.4577
-1,-2.5275
-1,-3.1951
-1,-3.0897
-1,0.044
-1,-1.6653
-1,-2.5828
-1,-2.5971
-1,-0.27
-1,-2.6416
-1,-2.6898
-1,-1.8837
-1,-3.7481
-1,-3.9271
-1,-1.5392
-1,-3.4496
-1,-2.5666
-1,-0.79343
-1,-3.0626
-1,-1.0124
-1,-3.9741
-1,-1.9286
-1,-6.2356
-1,-1.6434
-1,-2.6675
-1,-7.6903
-1,-3.6121
-1,-1.7514
-1,-2.3708
-1,-3.118
-1,-3.2564
-1,-5.1102
-1,-3.956
-1,-5.836
-1,-2.9901
-1,-2.393
-1,-4.9993
-1,-1.5443
-1,-1.8346
-1,-1.5863
-1,-2.3323
-1,-5.0556
-1,-3.0708
-1,-4.2638
-1,-2.5295
-1,-4.9421
-1,-3.047
-1,-4.2643
-1,-3.1226
-1,-1.8267
-1,-3.2169
-1,-3.2261
-1,-3.4772
-1,-4.0861
-1,-4.9546
-1,-3.1957
-1,-1.7035
-1,-1.5129
-1,-2.2992
-1,-2.0546
-1,-0.92444
-1,-0.86996
-1,-1.7713
-1,-3.6279
-1,-1.5602
-1,-0.89198
-1,-3.1428
-1,-3.6267
-1,-2.3113
-1,-1.9164
-1,-2.5312
-1,-3.5922
-1,-1.7678
-1,-4.1585
-1,-1.8639
-1,-2.2873
-1,-4.1938
-1,-1.9072
-1,-1.7494
-1,-2.9825
-1,-1.1667
-1,-3.1773
-1,-1.3905
-1,-2.7638
-1,-0.77002
-1,-3.8251
-1,-3.185
-1,-1.1921
-1,-1.8116
-1,-1.3022
-1,-3.3739
-1,-0.20284
-1,-3.2215
-1,-3.1297
-1,-1.9845
-1,-3.386
-1,-3.0288
-1,-2.4373
-1,-1.124
-1,-2.1482
-1,-2.9193
-1,-3.1039
-1,-3.6196
-1,-1.6937
-1,-2.4647
-1,-2.9823
-1,-0.74167
-1,-2.9643
-1,-0.89967
-1,-0.43913
-1,-0.5268
-1,-2.7774
-1,-3.0259
-1,-1.3271
-1,0.061044
-1,-2.7542
-1,-3.1572
-1,-1.7197
-1,-2.9429
-1,-1.514
-1,2.3171
-1,-2.4507
-1,-3.0697
-1,-0.29734
-1,-1.9733
-1,-3.0401
-1,-2.4592
-1,-2.7468
-1,-2.7467
-1,-2.5366
-1,-2.0918
-1,-1.8214
-1,-0.82794
-1,-2.6805
-1,-3.4582
-1,-1.7034
-1,-3.2584
-1,-1.813
-1,-1.1606
-1,-2.147
-1,-1.9679
-1,-3.7768
-1,-2.0121
-1,-2.974
-1,-0.14015
-1,-4.3075
-1,-1.8929
-1,-2.7854
-1,-3.6255
-1,-2.817
-1,-1.5105
-1,-6.2303
-1,-4.34
-1,-2.9396
-1,-1.4418
-1,-3.0205
-1,-2.7905
-1,-1.6537
-1,-2.3852
-1,-3.8755
-1,-0.9768
-1,-0.49745
-1,-2.6688
-1,-2.5446
-1,-3.8485
-1,-2.5988
-1,-2.0794
-1,-3.3114
-1,-1.7906
-1,-2.3424
-1,-3.6299
-1,-4.7987
-1,-3.5569
-1,-3.3007
-1,-1.8486
-1,-3.3828
-1,-1.8438
-1,-3.4984
-1,-3.8733
-1,-2.7637
-1,-4.0173
-1,-3.8248
-1,-5.3589
-1,-1.2431
-1,-3.4626
-1,-2.218
-1,-1.7561
-1,-2.2443
-1,-2.1764
-1,-2.1538
-1,-0.9432
-1,-1.5036
-1,-4.5434
-1,-3.5612
-1,-1.4536
-1,-1.2252
-1,-3.8129
-1,-3.5694
-1,-2.5105
-1,-2.3229
-1,-2.9668
-1,-1.8161
-1,-1.6798
-1,-5.1043
-1,-2.5404
-1,-1.8422
-1,-1.8068
-1,-1.4214
-1,-1.2092
-1,-3.4268
-1,-2.739
-1,-2.428
-1,-2.7335
-1,-3.7119
-1,-2.4609
-1,-6.3219
-1,-3.0155
-1,-2.5997
-1,-0.96328
-1,-2.1409
-1,-3.1649
-1,-4.5412
-1,-2.4411
-1,-2.0436
-1,-3.066
-1,0.75805
-1,-2.9601
-1,-1.7867
-1,-2.0152
-1,-4.2825
-1,-1.8532
-1,-2.0516
-1,-3.3581
-1,-2.7185
-1,-2.527
-1,-4.1165
-1,-1.1453
-1,-1.0775
-1,-1.9155
-1,-1.9476
-1,-2.3997
-1,-3.1098
-1,-1.8668
-1,-1.99
-1,-2.3176
-1,-2.0797
-1,-1.411
-1,-0.25119
-1,-1.2645
-1,0.25123
-1,-0.5865
-1,-1.9568
-1,-1.7405
-1,-2.8593
-1,-0.19499
-1,-1.339
-1,-1.4751
-1,-1.8525
-1,-4.6481
-1,-2.1549
-1,-1.0239
-1,-2.1661
-1,-2.2307
-1,-2.1406
-1,-0.67278
-1,-3.324
-1,-1.885
-1,-1.7463
-1,-3.1268
-1,-2.108
-1,-1.308
-1,-1.5336
-1,-2.8209
-1,-1.4933
-1,-2.489
-1,-1.7558
-1,-3.4916
-1,-2.2902
-1,-3.7241
-1,-3.8916
-1,-3.1762
-1,-4.1631
-1,-2.4556
-1,-1.3624
-1,-1.3585
-1,-2.7297
-1,-3.8426
-1,-1.9389
-1,-3.7732
-1,-4.0312
-1,-3.3859
-1,-0.99927
-1,-0.77437
-1,-2.6597
-1,-2.0893
-1,-2.4121
-1,-1.7713
-1,-2.1143
-1,-2.4984
-1,-1.9079
-1,-3.4447
-1,-2.0769
-1,-2.2402
-1,-1.6806
-1,-1.3567
-1,-2.7332
-1,0.42551
-1,-4.078
-1,-3.0487
-1,-1.5573
-1,-3.436
-1,-3.3239
-1,0.21309
-1,-3.0422
-1,-2.372
-1,-3.8307
-1,-3.9738
-1,-2.7131
-1,-2.3221
-1,-2.0179
-1,-1.2123
-1,-0.28246
-1,-2.7018
-1,-2.5939
-1,-1.0411
-1,-2.6329
-1,-2.0594
-1,-2.1871
-1,-4.8529
-1,-2.1424
-1,-0.27489
-1,-1.0804
-1,-2.6146
-1,-2.6984
-1,-1.6246
-1,-2.7566
-1,-2.7022
-1,-2.3987
-1,-2.331
-1,-1.2713
-1,-2.7599
-1,-1.4399
-1,-2.3165
-1,-3.4187
-1,-3.0802
-1,-2.2461
-1,-1.4329
-1,-2.3547
-1,-4.0563
-1,-2.186
-1,-0.98571
-1,-3.3954
-1,-1.0053
-1,-4.2399
-1,-0.63194
-1,-3.3555
-1,-1.7079
-1,-3.3838
-1,-1.2023
-1,-3.4703
-1,-2.889
-1,-1.0655
-1,-2.7462
-1,-3.3326
-1,-0.49497
-1,-2.8592
-1,-2.7439
-1,-2.6438
-1,-1.5397
-1,-1.8692
-1,-1.5696
-1,-2.4885
-1,-1.7136
-1,-2.1787
-1,-3.2098
-1,-3.5876
-1,-1.8394
-1,-5.7257
-1,-4.3871
-1,-0.88328
-1,-1.8143
-1,-4.3213
-1,-2.2633
-1,-2.2551
-1,-5.209
-1,-2.2871
-1,-3.9732
-1,-2.8028
-1,-3.2064
-1,-2.4239
-1,-2.9319
-1,-2.3518
-1,-3.3719
-1,-1.2957
-1,-2.6392
-1,-2.5973
-1,-3.3881
-1,-3.905
-1,-2.7375
-1,-5.2248
-1,-2.4754
-1,-2.9259
-1,-4.2887
-1,-4.8112
-1,-1.8975
-1,-1.9528
-1,-3.2485
-1,-2.717
-1,-3.103
-1,-3.2428
-1,-3.3554
-1,-4.0478
-1,-5.3475
-1,-1.7704
-1,-0.58262
-1,-2.6136
-1,-3.0254
-1,-0.70883
-1,-0.92869
-1,-1.5342
-1,-4.7117
-1,-1.5923
-1,-3.6199
-1,-2.5383
-1,-3.4124
-1,-1.4877
-1,2.8319
-1,-1.7841
-1,-2.4832
-1,-3.4026
-1,-1.344
-1,-1.7141
-1,-2.5708
-1,-2.8906
-1,-2.8227
-1,-1.5066
-1,-2.8519
-1,-4.6507
-1,-1.3884
-1,-4.2363
-1,-3.6719
-1,-1.0203
-1,-1.6772
-1,-1.9505
-1,-2.943
-1,-1.8253
-1,-4.7586
-1,-0.82226
-1,-3.3671
-1,-3.0291
-1,-1.3107
-1,-6.001
-1,-1.1471
-1,-3.6145
-1,-2.9805
-1,-2.5519
-1,-3.9761
-1,-1.5697
-1,-2.238
-1,-1.888
-1,-2.7134
-1,-2.6574
-1,-4.0907
-1,-2.4193
-1,-3.9914
-1,-2.607
-1,-4.9725
-1,-2.358
-1,-2.7375
-1,-1.8426
-1,-0.93136
-1,-3.0197
-1,-2.166
-1,-4.6556
-1,-2.8379
-1,-1.8948
-1,-1.5223
-1,-4.3905
-1,-3.4812
-1,-0.36721
-1,-1.9618
-1,-5.2657
-1,-1.9877
-1,-1.5814
-1,-2.0453
-1,-4.6703
-1,-2.0312
-1,-2.8171
-1,-1.7736
-1,-2.71
-1,-1.0751
-1,-4.4195
-1,-2.7408
-1,-1.942
-1,-3.0219
-1,-4.6063
-1,-3.2044
-1,-2.4253
-1,-4.0083
-1,-2.2228
-1,-2.0699
-1,-3.3648
-1,-2.9233
-1,-4.8067
-1,-1.9031
-1,-4.5833
-1,-2.1126
-1,-3.2698
-1,-2.0241
-1,-2.3881
-1,-1.1558
-1,-1.0661
-1,-2.6082
-1,-5.0028
-1,-3.9866
-1,-3.5269
-1,0.18307
-1,-2.6635
-1,-2.7092
-1,-2.9389
-1,-2.528
-1,-2.6018
-1,-2.3494
-1,-2.9113
-1,-2.2121
-1,-6.4159
-1,-1.8363
-1,-2.5022
-1,-2.3329
-1,-3.5287
-1,-3.7906
-1,-2.1521
-1,-3.8346
-1,-3.2802
-1,-4.1042
-1,-3.0632
-1,-2.9035
-1,-3.0675
-1,-3.5382
-1,-2.0258
-1,-2.6402
-1,-2.0529
-1,-2.1644
-1,-3.2499
-1,-3.1341
-1,-3.2656
-1,-3.2714
-1,-2.6788
-1,-3.7033
-1,-0.79432
-1,-3.2548
-1,-3.9314
-1,-0.4382
-1,-2.1163
-1,-1.1712
-1,-3.7894
-1,-4.1989
-1,-2.048
-1,-2.1446
-1,-3.8134
-1,-2.1262
-1,-2.891
-1,-1.5948
-1,-1.7164
-1,-1.1515
-1,-1.2023
-1,-1.9397
-1,-3.6374
-1,0.0054306
-1,-2.143
-1,-2.3693
-1,-1.279
-1,-1.367
-1,-0.52761
-1,-1.1364
-1,-2.4271
-1,-2.4662
-1,-2.2852
-1,-1.7586
-1,-1.3462
-1,-0.14355
-1,-1.103
-1,-2.4826
-1,-2.7867
-1,-2.1958
-1,0.84984
-1,-2.6329
-1,-1.2724
-1,-3.8177
-1,-2.1816
-1,-1.3285
-1,-2.3528
-1,-1.1519
-1,-3.0444
-1,-3.4738
-1,-3.9404
-1,-1.5162
-1,-2.0203
-1,-1.1902
-1,-1.3936
-1,-2.9334
-1,-1.6454
-1,0.0071717
-1,-3.4174
-1,-2.2571
-1,-2.7821
-1,-1.6346
-1,-1.9159
-1,-1.1534
-1,-1.5378
-1,-1.5728
-1,-3.5572
-1,-2.5285
-1,-2.4122
-1,-1.6477
-1,-1.2068
-1,-2.5142
-1,-3.9447
-1,-2.1827
-1,-0.30244
-1,-2.9545
-1,-5.7223
-1,-1.5047
-1,-3.9093
-1,-6.5855
-1,-2.5375
-1,-0.99823
-1,-1.722
-1,0.3862
-1,-0.40563
-1,-3.0346
-1,-1.6734
-1,-2.434
-1,-3.5016
-1,-1.1398
-1,-2.8011
-1,-1.4821
-1,-3.0973
-1,-4.4086
-1,-0.5329
-1,-1.5244
-1,-0.52029
-1,-4.4664
-1,-2.0706
-1,-1.2898
-1,-0.5426
-1,0.61354
-1,-3.0736
-1,-2.9644
-1,-3.7534
-1,-3.4574
-1,-2.7869
-1,-2.3113
-1,-1.8615
-1,-2.7973
-1,-4.2508
-1,-2.0384
-1,-2.2757
-1,-1.0555
-1,-2.1709
-1,-1.2543
-1,-2.7076
-1,-3.2477
-1,-2.2601
-1,-2.5648
-1,-2.3693
-1,-1.7757
-1,-1.9137
-1,-1.616
-1,-2.8277
-1,-3.2599
-1,-1.0419
-1,-3.24
-1,-2.932
-1,-1.6582
-1,-2.2284
-1,-3.5954
-1,-4.834
-1,-1.542
-1,-3.0345
-1,-2.6892
-1,-4.104
-1,-0.51044
-1,1.2047
-1,-3.9965
-1,-2.474
-1,-2.8418
-1,-2.0468
-1,-1.0718
-1,-2.9561
-1,-2.5897
-1,-3.0874
-1,-2.9754
-1,-0.73001
-1,-3.0149
-1,-2.2156
-1,-3.1339
-1,-1.3103
-1,-3.0837
-1,-1.4448
-1,-2.7465
-1,-3.988
-1,-4.3504
-1,-3.9464
-1,-2.4514
-1,-2.375
-1,-1.7755
-1,-4.8258
-1,-1.647
-1,-3.0378
-1,-4.3278
-1,-2.4425
-1,-0.84033
-1,-3.3176
-1,-2.0666
-1,-3.0141
-1,-2.959
-1,-1.088
-1,-1.4
-1,-2.8886
-1,-2.0969
-1,-2.3076
-1,-2.5207
-1,-0.34929
-1,-2.4426
-1,-2.0019
-1,-1.3382
-1,-1.8405
-1,-1.7372
-1,-3.5076
-1,-2.8369
-1,-3.5469
-1,-2.9036
-1,-3.3485
-1,-6.8735
-1,-3.13
-1,-2.1325
-1,-2.8044
-1,-1.6683
-1,-4.4036
-1,-2.4714
-1,-1.001
-1,-4.431
-1,-2.3796
-1,-3.1943
-1,-1.1188
-1,-1.9617
-1,-2.0117
-1,-2.8122
-1,-4.8204
-1,-1.5506
-1,-3.1231
-1,-3.7488
-1,-3.0734
-1,-1.31
-1,-3.1597
-1,-3.7914
-1,-2.5589
-1,-3.3978
-1,-3.9977
-1,-4.2712
-1,-3.5704
-1,-3.5718
-1,-2.0362
-1,-4.4515
-1,-2.201
-1,-1.6891
-1,-3.8674
-1,-3.4781
-1,-3.6654
-1,-0.53426
-1,-0.92378
-1,-1.7568
-1,-2.9412
-1,-0.90743
-1,-3.0376
-1,-1.091
-1,-3.5334
-1,-0.83968
-1,-2.6834
-1,-2.2584
-1,-3.6452
-1,-4.312
-1,-2.4873
-1,-3.2037
-1,-1.7694
-1,-4.2843
-1,0.59862
-1,-2.3668
-1,-3.019
-1,-3.0597
-1,-0.15993
-1,-2.5143
-1,-1.8507
-1,-3.9916
-1,-3.3421
-1,-3.0434
-1,-3.4085
-1,-1.6581
-1,-0.94609
-1,-3.1053
-1,-3.9337
-1,-2.453
-1,-3.3395
-1,-0.44427
-1,-2.9624
-1,-3.0048
-1,-0.6191
-1,-2.9826
-1,-2.3751
-1,-3.379
-1,-0.42007
-1,-4.392
-1,-1.7012
-1,-2.7008
-1,-4.0308
-1,-2.7159
-1,-1.796
-1,-1.9337
-1,-1.2883
-1,-0.21387
-1,-2.1826
-1,-0.74167
-1,-3.3209
-1,-0.38858
-1,-1.2984
-1,-0.12185
-1,-1.8088
-1,-2.9915
-1,-3.0652
-1,-2.4336
-1,-2.8873
-1,-2.2188
-1,-3.1237
-1,-3.5186
-1,-0.24857
-1,-0.63402
-1,-4.0064
-1,-0.077507
-1,-1.6926
-1,-1.0124
-1,-0.053009
-1,-3.1417
-1,-2.7109
-1,-1.278
-1,-3.7404
-1,-2.3038
-1,-3.6864
-1,-1.1344
-1,-1.4894
-1,-2.6575
-1,-0.14261
-1,-3.7601
-1,-3.4959
-1,-4.7458
-1,-2.5763
-1,-2.9678
-1,-3.8532
-1,-2.1802
-1,-0.60086
-1,-2.1786
-1,-1.8567
-1,-1.9988
-1,-0.97527
-1,-2.5985
-1,-0.52129
-1,-1.9987
-1,-3.527
-1,-1.6676
-1,-1.1681
-1,-1.4909
-1,-2.9965
-1,-1.9925
-1,-3.6131
-1,-2.733
-1,-1.3911
-1,-2.4938
-1,-2.7518
-1,-1.9125
-1,-0.55788
-1,-4.6136
-1,-2.6611
-1,-3.3925
-1,-3.403
-1,-1.7772
-1,-3.1092
-1,-2.8449
-1,-2.882
-1,-2.8784
-1,-3.401
-1,-3.8102
-1,-4.5066
-1,-3.4772
-1,-2.7671
-1,-3.6012
-1,-3.4112
-1,-2.1831
-1,-1.4835
-1,-2.9024
-1,-1.0463
-1,-3.6461
-1,-3.2238
-1,-1.4262
-1,-4.5323
-1,-1.9349
-1,-0.72844
-1,-2.3132
-1,-4.04
-1,-2.6875
-1,-2.2994
-1,-3.207
-1,-1.9797
-1,-0.88565
-1,-2.189
-1,-2.8935
-1,-1.0375
-1,-1.9031
-1,-2.99
-1,-1.3923
-1,-2.1498
-1,-3.0145
-1,-0.59956
-1,-1.3635
-1,-2.4249
-1,-2.9523
-1,-1.4569
-1,-3.1134
-1,-5.2596
-1,-2.7532
-1,-2.9942
-1,-3.0974
-1,-3.0132
-1,-2.4287
-1,-1.0818
-1,-2.5567
-1,-4.2505
-1,-2.7914
-1,-1.7843
-1,-2.4324
-1,-1.8093
-1,-1.5379
-1,-3.1703
-1,-1.5072
-1,-3.5642
-1,-3.4681
-1,-3.8428
-1,-0.72076
-1,-1.3031
-1,-1.3723
-1,-4.1538
-1,-3.2235
-1,-2.2582
-1,0.65963
-1,-1.7629
-1,-1.3475
-1,-1.0305
-1,-2.6285
-1,-0.81949
-1,-3.3733
-1,-2.0847
-1,-0.46431
-1,-2.8102
-1,-1.5531
-1,-1.4456
-1,-3.4555
-1,-1.9701
-1,-2.1659
-1,-2.3037
-1,-3.0465
-1,-2.8596
-1,-2.1039
-1,-3.9659
-1,-2.6539
-1,-1.1527
-1,-2.5334
-1,-2.0224
-1,-0.93634
-1,-2.1941
-1,-3.2401
-1,-0.71155
-1,-3.7245
-1,-2.3031
-1,-1.6405
-1,-2.2856
-1,-2.5157
-1,-1.0414
-1,-2.7049
-1,-2.2358
-1,-1.0668
-1,-0.66688
-1,-2.5342
-1,-1.3609
-1,-0.96
-1,-3.7146
-1,-3.3722
-1,-2.5145
-1,-3.131
-1,-2.3107
-1,-2.1101
-1,-0.77477
-1,-3.2688
-1,-2.2556
-1,-2.7192
-1,-3.8185
-1,-2.8002
-1,0.36948
-1,-4.265
-1,-2.2674
-1,-3.585
-1,-1.5237
-1,-1.2443
-1,-2.8945
-1,-2.027
-1,-2.3476
-1,-5.2402
-1,-3.9273
-1,-3.582
-1,-1.9647
-1,-1.9814
-1,-2.5909
-1,-2.2055
-1,-2.4882
-1,-2.4902
-1,-2.376
-1,-5.2316
-1,-1.8046
-1,-2.6278
-1,-1.9593
-1,-3.7486
-1,0.12212
-1,-3.5371
-1,-2.2875
-1,-2.3572
-1,1.2916
-1,-2.1582
-1,-3.6917
-1,-2.9907
-1,-1.933
-1,-2.2449
-1,-2.2596
-1,-0.42327
-1,-1.8462
-1,-0.19836
-1,-2.4054
-1,-1.5769
-1,-3.5292
-1,-2.1917
-1,-2.1144
-1,-2.4872
-1,-2.858
-1,-1.3391
-1,-1.3456
-1,-3.0924
-1,-2.6688
-1,-2.7523
-1,-3.1074
-1,-2.1709
-1,-0.21136
-1,-0.30068
-1,-1.2144
-1,-2.3505
-1,-1.7644
-1,-3.9204
-1,-2.0061
-1,-2.4839
-1,-0.86015
-1,-1.8939
-1,-0.17674
-1,-1.2086
-1,-1.3452
-1,-2.2691
-1,-0.84579
-1,-2.9287
-1,-1.3967
-1,-2.6254
-1,-3.0099
-1,-1.7111
-1,-3.9533
-1,-1.506
-1,-2.2028
-1,-2.388
-1,-5.2858
-1,-3.2841
-1,-0.15392
-1,-2.3982
-1,-3.3377
-1,-2.3729
-1,-2.4087
-1,-3.4805
-1,-1.13
-1,-1.3354
-1,-3.1007
-1,-2.8679
-1,-1.8918
-1,-1.6378
-1,0.062841
-1,-0.71218
-1,-2.1769
-1,-1.4135
-1,-2.2993
-1,-2.9575
-1,-4.65
-1,-2.1503
-1,-1.9484
-1,2.5975
-1,-3.9278
-1,-1.4955
-1,-2.1257
-1,-0.93257
-1,-2.9888
-1,-0.63047
-1,-1.8496
-1,-1.87
-1,-3.1742
-1,-0.66473
-1,-2.8486
-1,-2.3419
-1,-1.191
-1,-3.0494
-1,-3.623
-1,-1.9773
-1,-3.0859
-1,-2.1818
-1,-2.9445
-1,-2.9747
-1,-3.9109
-1,-1.4727
-1,-1.0246
-1,-3.4939
-1,-2.151
-1,-2.0021
-1,-3.2579
-1,-2.1514
-1,-2.3645
-1,-1.8432
-1,-1.9018
-1,-3.0303
-1,-2.5089
-1,-3.7154
-1,-2.2035
-1,-3.1304
-1,0.37823
-1,-2.2734
-1,-1.8535
-1,-2.6241
-1,-0.96239
-1,-1.5608
-1,-2.9977
-1,-1.8708
-1,-3.0208
-1,-1.2663
-1,-2.046
-1,-2.3847
-1,-1.8331
-1,-1.9415
-1,-2.09
-1,-3.8399
-1,-0.47232
-1,-0.10439
-1,-1.4322
-1,-2.6369
-1,-2.7048
-1,-3.3873
-1,-3.1622
-1,-3.8142
-1,-2.7222
-1,-4.2985
-1,0.16564
-1,-3.2357
-1,-1.4572
-1,-4.4079
-1,-0.19119
-1,-2.5121
-1,-1.9338
-1,-3.0972
-1,-0.96692
-1,-1.9754
-1,-1.0636
-1,-0.53253
-1,-2.416
-1,-3.4462
-1,-3.986
-1,3.6466
-1,-1.6596
-1,-3.9666
-1,-2.9133
-1,-3.7416
-1,-2.3331
-1,-2.5022
-1,-1.7859
-1,-3.8446
-1,-0.024226
-1,-2.9908
-1,-1.9607
-1,-1.8719
-1,-3.8169
-1,-3.13
-1,-2.906
-1,-1.1214
-1,-3.6378
-1,-1.1905
-1,-1.9231
-1,-1.1485
-1,-2.6798
-1,-1.5196
-1,-0.97514
-1,-2.1734
-1,-1.9651
-1,-2.4211
-1,-2.8563
-1,-1.561
-1,-2.5504
-1,-3.6565
-1,-2.0838
-1,-3.9607
-1,-2.6168
-1,-0.74671
-1,-3.6267
-1,-3.3245
-1,-1.5418
-1,-2.489
-1,-1.3281
-1,-3.6906
-1,-0.49519
-1,-0.805
-1,-1.5347
-1,-2.1335
-1,0.73409
-1,-0.75216
-1,-2.2263
-1,-4.0924
-1,1.0326
-1,-3.201
-1,-0.62918
-1,-2.34
-1,-1.691
-1,-0.74345
-1,-0.94419
-1,-3.3468
-1,-4.0578
-1,-3.084
-1,-3.8157
-1,-0.53584
-1,-2.1216
-1,-2.3533
-1,-2.0961
-1,-2.3192
-1,-2.6591
-1,-4.0665
-1,0.1227
-1,-3.8482
-1,-0.41171
-1,-2.8754
-1,-2.0718
-1,-4.9251
-1,-3.5076
-1,-2.2651
-1,-3.6735
-1,-1.357
-1,-1.9014
-1,-4.1587
-1,-3.9983
-1,-2.2884
-1,-3.3546
-1,-1.1677
-1,-2.8461
-1,0.28991
-1,-2.6585
-1,-2.2808
-1,-2.4944
-1,-1.9229
-1,-3.5043
-1,-1.8987
-1,-3.1115
-1,-2.7744
-1,-3.3958
-1,-2.0189
-1,-4.8734
-1,-2.871
-1,-3.8235
-1,-3.9806
-1,-3.2002
-1,-5.0133
-1,-4.9324
-1,-3.4697
-1,-2.9217
-1,-4.3949
-1,-4.1243
-1,-2.7286
-1,-1.5895
-1,-2.8113
-1,-2.0799
-1,-1.4055
-1,-3.7521
-1,-2.3465
-1,-1.8564
-1,-1.2535
-1,-3.2438
-1,-2.8382
-1,-5.0618
-1,-3.6946
-1,0.24065
-1,-3.1678
-1,-2.4552
-1,-2.213
-1,-3.0673
-1,-1.8314
-1,-2.6861
-1,-2.3248
-1,-2.9231
-1,-0.12439
-1,-2.7179
-1,-3.4495
-1,-1.4904
-1,-3.0942
-1,-2.3306
-1,-1.3616
-1,-2.3734
-1,-3.5228
-1,-2.0713
-1,-1.1537
-1,-2.3811
-1,-2.4054
-1,-1.9603
-1,-3.1059
-1,-3.5875
-1,-3.8534
-1,-5.356
-1,-4.0656
-1,-2.5064
-1,-2.2626
-1,-2.7704
-1,-2.821
-1,-3.7915
-1,-2.3837
-1,-3.2595
-1,-0.51137
-1,-0.10996
-1,-2.2642
-1,-3.5513
-1,-1.7679
-1,-3.3528
-1,-1.5981
-1,-3.5326
-1,-0.8553
-1,-0.48985
-1,-1.4499
-1,-2.0715
-1,-1.126
-1,-2.2131
-1,-1.902
-1,-4.0004
-1,-2.5887
-1,-1.607
-1,-2.1275
-1,-2.6544
-1,-2.0052
-1,-2.4714
-1,-2.0457
-1,-2.9956
-1,-1.856
-1,-3.2202
-1,-2.7785
-1,-2.6307
-1,-4.4137
-1,-4.9246
-1,-4.0606
-1,-1.9601
-1,-2.0586
-1,-2.6304
-1,-0.98547
-1,-1.9231
-1,-2.7949
-1,-5.5665
-1,-2.5529
-1,-0.63392
-1,-0.97285
-1,-3.9281
-1,-3.596
-1,-2.4773
-1,-4.0975
-1,-4.6813
-1,-2.2658
-1,-3.7309
-1,-2.424
-1,-4.246
-1,-2.8964
-1,-3.6584
-1,-0.98634
-1,-5.2724
-1,-2.8854
-1,-4.3234
-1,-4.3437
-1,-6.9132
-1,-4.0037
-1,-2.8004
-1,-3.1586
-1,-3.6656
-1,-2.4877
-1,-1.6417
-1,-3.9783
-1,-7.5417
-1,-2.5744
-1,-3.9356
-1,-1.0797
-1,-4.9974
-1,-1.7391
-1,-0.94257
-1,-5.5432
-1,-2.7837
-1,-1.7809
-1,-2.5566
-1,-3.2335
-1,-3.378
-1,-5.3623
-1,-2.4697
-1,-2.9998
-1,-2.0359
-1,-1.8308
-1,-0.67437
-1,-0.86749
-1,-4.8295
-1,-2.7379
-1,-3.7877
-1,-3.5697
-1,-3.0907
-1,-1.8409
-1,-5.1975
-1,-5.6925
-1,-3.6336
-1,-4.8257
-1,-3.0028
-1,-4.708
-1,-2.0367
-1,-2.84
-1,-1.7254
-1,-4.9468
-1,-2.7927
-1,-3.7608
-1,-2.9074
-1,-2.4562
-1,-1.6509
-1,-1.8322
-1,-2.0555
-1,-2.0186
-1,-3.4644
-1,-3.2401
-1,-2.8232
-1,-1.9876
-1,-4.0253
-1,-3.802
-1,-2.0273
-1,-4.9168
-1,-5.2075
-1,-3.1445
-1,-2.7676
-1,-2.5059
-1,-0.067094
-1,-3.6111
-1,-2.9111
-1,-3.2628
-1,-1.6819
-1,-1.3691
-1,-3.5403
-1,-2.9502
-1,-2.389
-1,-4.0176
-1,-2.4033
-1,-1.6853
-1,-3.6048
-1,-3.3196
-1,-4.5718
-1,-3.593
-1,-3.0881
-1,-4.0219
-1,-2.3217
-1,-3.3815
-1,-2.4564
-1,-3.6415
-1,-2.7343
-1,-2.0791
-1,-3.4318
-1,-1.9028
-1,-2.4128
-1,-0.83623
-1,-3.8213
-1,-3.6834
-1,-0.13499
-1,-2.3588
-1,-3.5471
-1,-0.011221
-1,-1.2873
-1,-1.9119
-1,-1.1951
-1,-2.289
-1,-1.7348
-1,-2.1816
-1,-2.2528
-1,0.41095
-1,-4.833
-1,-3.756
-1,-1.9006
-1,-0.56852
-1,-2.3581
-1,-2.6798
-1,-4.5392
-1,-1.3326
-1,-4.3382
-1,-1.6976
-1,-0.58236
-1,-0.48441
-1,-2.0691
-1,-2.5651
-1,-1.0475
-1,1.5059
-1,-3.2848
-1,-2.4696
-1,-2.2276
-1,-1.9181
-1,-1.4838
-1,0.61654
-1,-1.3649
-1,-2.1779
-1,-3.4593
-1,-2.9463
-1,-2.2984
-1,-1.661
-1,-3.4971
-1,-2.949
-1,-3.5343
-1,-1.2709
-1,-6.5951
-1,-1.4577
-1,-2.8353
-1,-2.3699
-1,-4.8076
-1,-3.9868
-1,-1.7616
-1,-1.9657
-1,-2.2232
-1,-0.60201
-1,-3.0019
-1,-4.7228
-1,-1.53
-1,-1.5432
-1,-1.8898
-1,2.6093
-1,-2.8656
-1,-4.3716
-1,-2.9999
-1,-3.0916
-1,-3.616
-1,-3.6702
-1,-2.856
-1,-2.4115
-1,-4.1016
-1,-3.0878
-1,-3.2509
-1,-1.5209
-1,-3.432
-1,0.47571
-1,-1.5169
-1,-0.10704
-1,-0.69764
-1,-2.025
-1,-1.4472
-1,-3.2247
-1,-3.1948
-1,-2.8809
-1,-0.6036
-1,-3.8428
-1,-2.5441
-1,-3.4593
-1,-2.7505
-1,-3.5447
-1,-2.4282
-1,-1.4771
-1,-1.4717
-1,-3.1482
-1,-1.9847
-1,-1.2651
-1,-3.9258
-1,-3.4613
-1,-0.64044
-1,-0.51944
-1,-1.3667
-1,-3.0092
-1,-0.5819
-1,-3.4309
-1,-2.4684
-1,-2.2316
-1,-0.51564
-1,-2.2443
-1,-0.30695
-1,-1.1007
-1,-0.66333
-1,-2.2043
-1,-2.2465
-1,-2.181
-1,-1.1524
-1,-2.3727
-1,-1.2731
-1,-0.95946
-1,0.29727
-1,0.64191
-1,-4.3728
-1,-3.0498
-1,-0.93917
-1,1.6662
-1,-0.2732
-1,-2.5928
-1,-3.0455
-1,-2.7852
-1,-2.6732
-1,1.86
-1,-4.1788
-1,-0.068497
-1,-1.6008
-1,-1.0859
-1,-2.6624
-1,-2.0004
-1,-2.533
-1,1.1859
-1,-2.0981
-1,-2.5244
-1,-2.2551
-1,-4.7062
-1,-3.2505
-1,-2.4697
-1,-2.6827
-1,-3.0964
-1,-3.7072
-1,-4.2093
-1,-0.90032
-1,0.93462
-1,-2.6157
-1,-3.23
-1,-0.70445
-1,-1.9841
-1,-3.3477
-1,-2.8463
-1,0.068231
-1,-1.3021
-1,-2.1659
-1,-1.2952
-1,-0.26495
-1,-3.4833
-1,-1.168
-1,-3.6929
-1,-2.7032
-1,-2.4176
-1,-3.0021
-1,-2.6809
-1,-1.0667
-1,-1.669
-1,-4.739
-1,-1.344
-1,-1.1641
-1,-2.1239
-1,0.27901
-1,-0.57899
-1,-0.23541
-1,-3.055
-1,-3.8121
-1,-0.61898
-1,-6.797
-1,-2.0183
-1,-3.6244
-1,-3.7057
-1,-2.0115
-1,-1.9979
-1,-1.4062
-1,-3.5196
-1,-3.0886
-1,-1.0824
-1,-6.3873
-1,-0.63726
-1,-2.1928
-1,-2.2418
-1,-2.4036
-1,-3.0981
-1,-1.7946
-1,-1.7026
-1,-3.9108
-1,-2.8894
-1,-3.0933
-1,-2.5001
-1,-0.27241
-1,-2.8031
-1,-2.512
-1,-1.3483
-1,-2.9339
-1,-1.4787
-1,-3.3179
-1,-3.3358
-1,-1.856
-1,-2.9995
-1,-3.8729
-1,-2.0256
-1,-1.236
-1,-3.6403
-1,-3.1795
-1,-1.8607
-1,-2.4186
-1,-3.007
-1,-2.5396
-1,-1.2771
-1,-3.5884
-1,-3.7534
-1,-2.0074
-1,-1.5465
-1,-3.1506
-1,-3.9138
-1,-2.497
-1,-1.9702
-1,-2.9814
-1,-2.1339
-1,-2.8723
-1,-4.9554
-1,-2.5225
-1,-2.1845
-1,-4.3782
-1,-1.4395
-1,-2.8935
-1,-4.69
-1,-2.7469
-1,-3.1009
-1,-2.7243
-1,-0.88651
-1,-3.4319
-1,-2.45
-1,-3.3071
-1,-3.3884
-1,-1.7262
-1,-3.3901
-1,-3.6285
-1,-2.3546
-1,-1.0167
-1,-1.6808
-1,-2.7384
-1,-3.596
-1,-1.9606
-1,-1.6692
-1,-0.86352
-1,-2.2662
-1,-5.3981
-1,-2.7567
-1,-5.4726
-1,-2.9233
-1,-1.9187
-1,-3.7557
-1,-2.6925
-1,-3.6154
-1,-3.3262
-1,-2.6966
-1,-0.8194
-1,-2.4951
-1,-2.2747
-1,-2.1151
-1,-2.0231
-1,-1.5399
-1,-2.4807
-1,-2.8513
-1,-1.4807
-1,-1.5734
-1,-0.87612
-1,-2.2487
-1,-1.4222
-1,-2.4983
-1,-2.5758
-1,-2.0211
-1,-3.9609
-1,-2.0272
-1,-4.2371
-1,-4.1892
-1,-3.4537
-1,-0.98521
-1,-4.6555
-1,-0.3171
-1,-3.5151
-1,-3.4249
-1,-1.6726
-1,-1.5767
-1,-4.6464
-1,-1.1251
-1,-2.8237
-1,-1.9973
-1,-2.7978
-1,-3.8955
-1,0.39495
-1,-1.6252
-1,-2.0523
-1,-2.0149
-1,-0.78388
-1,-4.7447
-1,-2.8483
-1,-0.82971
-1,-1.3358
-1,-3.0066
-1,-1.2305
-1,-4.035
-1,-3.5439
-1,-3.4425
-1,-2.2624
-1,-1.8431
-1,-5.0332
-1,-1.9874
-1,-1.2472
-1,-1.3211
-1,-1.5489
-1,-1.4632
-1,-2.5467
-1,-4.4315
-1,-0.92107
-1,-3.7969
-1,-4.6023
-1,-7.2333
-1,-3.2827
-1,-2.3812
-1,-2.1625
-1,-2.5213
-1,-1.2097
-1,-1.5402
-1,-1.9698
-1,0.26099
-1,-3.1681
-1,-3.4065
-1,-1.9016
-1,-2.6025
-1,-2.3657
-1,-1.867
-1,-3.3243
-1,-4.1365
-1,-3.607
-1,-1.3338
-1,-7.8361
-1,-4.9137
-1,-1.71
-1,-3.7795
-1,-1.7131
-1,-3.2422
-1,-2.9473
-1,-3.0836
-1,-2.4252
-1,-2.0044
-1,-2.0563
-1,-3.5681
-1,-2.6247
-1,-2.4669
-1,-1.5464
-1,-3.0009
-1,-1.3429
-1,-1.8365
-1,-3.4344
-1,-0.63377
-1,-1.4923
-1,-1.5819
-1,-1.7656
-1,-3.7409
-1,-1.7996
-1,-3.7664
-1,-4.6053
-1,-3.4152
-1,-4.4737
-1,-3.4721
-1,-5.8088
-1,-2.6642
-1,-2.4342
-1,-3.3438
-1,-2.2023
-1,-2.9063
-1,-3.4704
-1,-1.0291
-1,-4.4756
-1,-0.56097
-1,-3.3179
-1,-4.1121
-1,-4.823
-1,-2.9489
-1,-3.8172
-1,-4.6608
-1,-3.3841
-1,-3.3724
-1,-4.1189
-1,-4.0972
-1,-4.2477
-1,-2.3724
-1,-3.6638
-1,-4.6138
-1,-4.4961
-1,-5.4303
-1,-3.5445
-1,-3.0165
-1,-2.8238
-1,-1.136
-1,0.73754
-1,-2.7799
-1,-2.1503
-1,-3.1963
-1,4.2756
-1,-1.77
-1,-2.8873
-1,-2.575
-1,-1.799
-1,0.36099
-1,-1.992
-1,-2.1818
-1,-3.3244
-1,-2.3566
-1,-1.3085
-1,0.38115
-1,-1.8723
-1,-3.0665
-1,-5.8515
-1,-1.44
-1,-1.5422
-1,-0.27129
-1,-1.3678
-1,-4.0523
-1,-1.5161
-1,-2.6203
-1,-2.6785
-1,-3.593
-1,-1.8249
-1,-1.6014
-1,-0.50672
-1,-1.5193
-1,-2.2176
-1,-0.69579
-1,-0.11373
-1,-1.8795
-1,-2.1464
-1,0.52475
-1,-1.9894
-1,-2.7891
-1,0.42621
-1,-1.0482
-1,-2.2908
-1,-0.66629
-1,-2.5301
-1,-3.8673
-1,-1.9108
-1,-2.3393
-1,2.4182
-1,-2.3131
-1,-1.9462
-1,-3.3766
-1,-0.84623
-1,-3.9179
-1,-3.3461
-1,-4.5573
-1,-2.9644
-1,-2.6411
-1,-0.73923
-1,-0.24164
-1,-3.4816
-1,-1.0322
-1,-2.4073
-1,-2.3777
-1,-0.36623
-1,-1.9675
-1,1.1084
-1,-2.6372
-1,-3.5372
-1,-5.4545
-1,-3.1693
-1,-1.1587
-1,-3.1644
-1,-2.6582
-1,-2.7416
-1,-0.97383
-1,-3.4981
-1,-2.3159
-1,-0.13648
-1,-1.9549
-1,-3.2598
-1,-3.6361
-1,-1.2967
-1,1.7837
-1,-2.2011
-1,-3.0398
-1,-0.45306
-1,-1.223
-1,-1.1329
-1,-0.63129
-1,-2.7877
-1,-0.53292
-1,-0.1222
-1,-2.0088
-1,-2.1635
-1,0.16539
-1,-2.9425
-1,-0.31321
-1,-1.687
-1,0.30848
-1,-3.2773
-1,-3.03
-1,-2.9833
-1,-1.9074
-1,-2.9048
-1,-2.2521
-1,-4.4889
-1,-4.4678
-1,-0.70427
-1,-0.070837
-1,-0.20916
-1,-3.3753
-1,-2.2757
-1,-0.095678
-1,-2.1723
-1,-2.462
-1,-2.9558
-1,-1.2461
-1,1.282
-1,-1.2887
-1,-2.1402
-1,-2.6573
-1,-3.3676
-1,0.36731
-1,-2.7435
-1,-1.2618
-1,-2.8591
-1,-2.4302
-1,-1.893
-1,-2.5056
-1,-2.6088
-1,-1.8693
-1,-1.1287
-1,-3.1824
-1,-0.076291
-1,-2.5733
-1,0.98907
-1,-1.5867
-1,1.1931
-1,-1.7381
-1,0.10092
-1,-3.141
-1,-2.2285
-1,-2.6276
-1,-1.5703
-1,-0.78411
-1,-1.3386
-1,-1.4345
-1,-1.9268
-1,-2.8821
-1,-0.74973
-1,-3.0518
-1,-4.4667
-1,-1.6757
-1,-2.7652
-1,-2.2776
-1,-1.5858
-1,-0.18146
-1,-1.6861
-1,2.9136
-1,-2.0211
-1,-1.8808
-1,-2.0733
-1,-3.0931
-1,-2.5034
-1,-1.0351
-1,-1.1558
-1,-3.3419
-1,-1.8836
-1,-2.4581
-1,-3.9728
-1,1.0454
-1,-2.2308
-1,-1.8326
-1,-2.5262
-1,-4.1919
-1,-3.0948
-1,-2.2327
-1,-3.6944
-1,-6.229
-1,-1.5651
-1,-3.7957
-1,-1.8851
-1,-3.6883
-1,-1.8149
-1,-3.4042
-1,-3.5733
-1,-0.35495
-1,-2.6248
-1,-2.1795
-1,-1.5944
-1,-2.2729
-1,-1.3419
-1,-2.5819
-1,-2.9636
-1,-2.9094
-1,-1.3359
-1,-6.3014
-1,-2.2372
-1,-2.5674
-1,-1.0001
-1,-3.1679
-1,0.68833
-1,-2.0683
-1,-2.2989
-1,-1.8638
-1,-3.326
-1,-2.1458
-1,-2.9971
-1,-5.062
-1,-1.3688
-1,-2.8981
-1,-2.2595
-1,-2.5405
-1,-4.4275
-1,-2.8316
-1,-0.53543
-1,-1.0841
-1,-1.5333
-1,-2.7212
-1,-3.4871
-1,-3.1519
-1,-2.1748
-1,-2.0651
-1,-3.8994
-1,-2.7169
-1,-4.5798
-1,-3.1937
-1,0.075467
-1,-3.8045
-1,-0.98614
-1,-2.722
-1,-2.9879
-1,-2.2654
-1,-0.56002
-1,-3.6822
-1,-4.8627
-1,-3.832
-1,-0.66963
-1,-3.7844
-1,-1.6701
-1,-1.3462
-1,-0.27844
-1,-3.0986
-1,-0.81273
-1,-1.1242
-1,-2.304
-1,-2.0706
-1,-2.3873
-1,-1.6453
-1,-1.498
-1,-4.9577
-1,-2.0342
-1,-3.4471
-1,-2.0414
-1,-1.6914
-1,-1.4219
-1,-1.4279
-1,-3.0043
-1,-3.8024
-1,-2.4765
-1,-2.1508
-1,-1.4869
-1,-2.1608
-1,-0.38487
-1,0.18852
-1,-2.7342
-1,-3.097
-1,0.64169
-1,-3.2844
-1,-1.2623
-1,-5.0021
-1,-2.4608
-1,-3.5651
-1,-1.3999
-1,-4.5426
-1,-1.2815
-1,-2.2802
-1,-1.0054
-1,0.0284
-1,0.46319
-1,-0.87699
-1,-1.7929
-1,-3.8653
-1,-4.2758
-1,-1.8158
-1,-2.6889
-1,-1.3813
-1,3.4132
-1,-0.30719
-1,-1.2298
-1,-4.2465
-1,-3.9899
-1,-2.7464
-1,-1.8126
-1,-1.6255
-1,-3.0384
-1,-0.91094
-1,-2.9487
-1,-1.6849
-1,-4.2588
-1,-1.452
-1,-2.8912
-1,-1.2644
-1,-1.8649
-1,-4.8554
-1,2.342
-1,-3.5382
-1,-3.6111
-1,-2.4973
-1,-0.39336
-1,-0.96106
-1,-1.5716
-1,-3.4062
-1,-2.9522
-1,-2.017
-1,-3.6751
-1,-2.3675
-1,-3.2525
-1,-0.88727
-1,-2.3836
-1,-1.8472
-1,-4.9396
-1,-3.8898
-1,-1.3928
-1,-6.9714
-1,-2.6661
-1,-4.0433
-1,-2.1682
-1,-2.3264
-1,-2.7358
-1,-2.4306
-1,-1.6553
-1,-1.2657
-1,-6.1962
-1,-2.4179
-1,-4.1558
-1,-4.0165
-1,-3.6699
-1,-2.193
-1,0.75713
-1,-2.1575
-1,-0.74819
-1,-1.8327
-1,-0.71254
-1,-3.5545
-1,0.92036
-1,-2.4795
-1,1.1784
-1,-1.8452
-1,-3.2463
-1,-0.17929
-1,-0.14854
-1,-0.99063
-1,-3.5382
-1,-2.1752
-1,-1.8572
-1,-4.0607
-1,-3.3957
-1,-2.8491
-1,-0.65214
-1,-1.7862
-1,-2.5513
-1,-0.94854
-1,-2.3398
-1,-2.7743
-1,-3.2374
-1,-1.058
-1,-1.4091
-1,-1.0879
-1,-0.69613
-1,-1.3097
-1,-0.10778
-1,-1.3667
-1,-3.7444
-1,-2.9355
-1,-3.5278
-1,-2.3481
-1,-3.3918
-1,-2.1006
-1,-2.4306
-1,-2.0648
-1,-1.2049
-1,-2.729
-1,-3.3419
-1,-2.2249
-1,-1.8174
-1,-2.391
-1,-3.5234
-1,-1.4652
-1,-0.90134
-1,-1.5932
-1,0.41618
-1,-4.238
-1,-1.0489
-1,-0.12644
-1,-0.23858
-1,-1.4983
-1,0.86713
-1,-1.0616
-1,-0.90425
-1,-2.5694
-1,-3.1111
-1,-2.4646
-1,-2.5859
-1,-4.3305
-1,-3.3718
-1,-1.9922
-1,-2.026
-1,-3.5683
-1,-2.1886
-1,-3.6302
-1,-2.6275
-1,-2.8588
-1,-1.8079
-1,-2.8405
-1,-0.94039
-1,-1.3136
-1,-4.0508
-1,-2.7872
-1,-1.0649
-1,-2.058
-1,-1.5065
-1,-2.4818
-1,-4.3236
-1,-5.5994
-1,-5.0856
-1,-2.0859
-1,-1.3054
-1,-2.6048
-1,-1.1334
-1,-3.3778
-1,-1.3593
-1,-4.5031
-1,-2.8021
-1,-2.5772
-1,-2.7529
-1,2.1518
-1,-3.4614
-1,-2.2507
-1,-2.0648
-1,-4.5966
-1,-1.7642
-1,-1.4153
-1,-2.7716
-1,-1.4701
-1,-2.3928
-1,-3.2144
-1,-1.2487
-1,-1.4115
-1,-1.5696
-1,-0.33638
-1,-1.6294
-1,-4.0925
-1,-2.9588
-1,-0.59848
-1,-1.6012
-1,-0.63649
-1,-2.0225
-1,-1.433
-1,-2.4067
-1,-2.8756
-1,-2.7118
-1,0.66425
-1,-1.5771
-1,-2.2067
-1,-2.585
-1,-2.003
-1,-4.2012
-1,-1.0758
-1,-1.1719
-1,-1.0003
-1,0.52475
-1,-3.4726
-1,-1.5016
-1,-0.8564
-1,-0.86342
-1,-2.1046
-1,-1.1105
-1,-2.9891
-1,-2.9311
-1,-2.0977
-1,-2.2601
-1,-2.6634
-1,-1.0368
-1,-1.0868
-1,-4.5336
-1,-0.72143
-1,-2.1003
-1,-1.4374
-1,-1.4376
-1,-2.0236
-1,-5.1293
-1,-1.5124
-1,-2.3003
-1,-2.6279
-1,-4.0528
-1,-0.85157
-1,0.99523
-1,-2.3317
-1,-3.3406
-1,-1.4361
-1,-2.3758
-1,-1.7808
-1,-2.5473
-1,-1.4432
-1,-1.6755
-1,-2.4702
-1,-3.4179
-1,-1.4702
-1,-0.91811
-1,-3.2396
-1,-2.8588
-1,-1.6042
-1,0.065203
-1,-1.478
-1,-4.5494
-1,-2.5714
-1,-1.9286
-1,0.27657
-1,-1.4457
-1,-0.32112
-1,-0.88424
-1,-0.81452
-1,-3.3189
-1,-2.8003
-1,-1.2034
-1,-1.4469
-1,-0.94629
-1,0.28198
-1,-2.8229
-1,-1.4642
-1,-1.9911
-1,-2.0899
-1,-0.45444
-1,-0.79094
-1,-1.7134
-1,-1.0116
-1,-2.7397
-1,-2.5875
-1,-2.7027
-1,-1.6742
-1,-0.3854
-1,-2.739
-1,-0.052213
-1,-0.72666
-1,-1.6333
-1,-1.5106
-1,0.43561
-1,1.0211
-1,-2.568
-1,-2.0283
-1,-3.1859
-1,-3.3183
-1,-1.9694
-1,-3.8655
-1,-3.6802
-1,-3.198
-1,-3.8452
-1,-0.82787
-1,-1.5489
-1,-1.0928
-1,-0.89668
-1,-2.7235
-1,-2.8112
-1,-3.5605
-1,-2.4819
-1,-2.6496
-1,-3.0959
-1,-2.1474
-1,-1.4954
-1,-0.98329
-1,0.19554
-1,-2.8015
-1,-0.95787
-1,-1.6908
-1,-0.31852
-1,-1.1476
-1,-2.0894
-1,-4.1338
-1,-1.8746
-1,-3.2454
-1,-3.0854
-1,-2.5132
-1,-2.1499
-1,-3.1552
-1,-1.9997
-1,-0.8685
-1,-1.4842
-1,-2.5584
-1,-1.4787
-1,-3.1087
-1,-3.9388
-1,-0.59354
-1,0.27621
-1,-0.66505
-1,-2.9432
-1,1.0623
-1,-3.1767
-1,-3.4062
-1,-1.2125
-1,-0.31916
-1,-1.4187
-1,-1.3845
-1,-1.6164
-1,-1.8504
-1,-2.7124
-1,-3.4291
-1,0.70882
-1,-2.9696
-1,-1.3651
-1,-0.65535
-1,-4.3423
-1,-3.0537
-1,-0.68785
-1,-3.7154
-1,-3.9736
-1,-1.7653
-1,-2.9753
-1,-0.62804
-1,-2.4219
-1,-0.25216
-1,-1.7375
-1,-0.83607
-1,-2.0768
-1,-0.27967
-1,-3.9462
-1,-3.7901
-1,-3.1289
-1,-1.8399
-1,-1.0394
-1,-0.6021
-1,0.30586
-1,-1.8133
-1,-2.205
-1,-1.5587
-1,-2.6071
-1,-6.1212
-1,-1.4976
-1,-3.7547
-1,-2.7893
-1,-3.8497
-1,-0.64039
-1,-1.5093
-1,-1.1899
-1,-1.7894
-1,-3.3224
-1,1.4201
-1,-2.9287
-1,0.36277
-1,-3.3321
-1,-1.9493
-1,0.16996
-1,-0.82129
-1,-2.9877
-1,-1.0997
-1,-2.3424
-1,-1.3148
-1,-2.6261
-1,-2.2366
-1,-3.8469
-1,-3.9747
-1,0.64869
-1,-3.6478
-1,-0.69931
-1,-1.1753
-1,-1.494
-1,-2.3178
-1,-1.1231
-1,-0.70701
-1,-1.8317
-1,-4.2068
-1,-2.1857
-1,-2.7582
-1,-2.3521
-1,0.10097
-1,-1.0709
-1,-3.4501
-1,0.75374
-1,-1.4026
-1,-1.0905
-1,-2.9808
-1,-2.1984
-1,-1.4855
-1,-1.9968
-1,-2.3735
-1,-3.105
-1,-1.1251
-1,-2.762
-1,-2.264
-1,-1.6565
-1,-2.497
-1,-4.341
-1,-2.5647
-1,-0.9049
-1,-2.7158
-1,-1.7185
-1,-0.13771
-1,1.0116
-1,-1.5409
-1,0.1765
-1,-2.5629
-1,-2.269
-1,-0.03856
-1,-0.54019
-1,-2.5871
-1,-2.6543
-1,-3.0339
-1,-4.3361
-1,-2.5301
-1,-0.94897
-1,-1.9543
-1,-0.75432
-1,-0.3386
-1,-1.9532
-1,-2.7979
-1,-3.4577
-1,-2.0462
-1,-2.5531
-1,-4.1744
-1,-1.4322
-1,-2.9169
-1,-3.2421
-1,-1.3427
-1,0.59682
-1,-1.9188
-1,-2.2598
-1,-1.4423
-1,-2.5556
-1,-0.82228
-1,-1.9491
-1,-2.5184
-1,-3.2543
-1,-3.0696
-1,-2.0753
-1,-4.2931
-1,-2.0288
-1,-2.5312
-1,0.71729
-1,-0.23762
-1,-3.0747
-1,0.37114
-1,-3.211
-1,-5.6916
-1,0.0021449
-1,-3.1177
-1,-1.1298
-1,-4.668
-1,0.28875
-1,0.51409
-1,-2.7243
-1,-2.2235
-1,-1.4351
-1,0.75435
-1,-2.7551
-1,0.21577
-1,-3.3136
-1,-3.551
-1,-1.896
-1,-1.134
-1,-3.1403
-1,-3.1224
-1,-0.47294
-1,-2.5293
-1,-0.38109
-1,-1.0997
-1,-2.5133
-1,-1.42
-1,-2.0129
-1,-2.415
-1,-1.9493
-1,-2.025
-1,-1.8621
-1,-2.9104
-1,1.7166
-1,-2.511
-1,-3.1986
-1,-0.39021
-1,-1.2089
-1,-1.9585
-1,-3.2759
-1,-3.8757
-1,-5.3463
-1,-0.75942
-1,-0.14156
-1,-1.3777
-1,-1.6251
-1,-2.9345
-1,1.1988
-1,0.68856
-1,-4.2762
-1,-1.8933
-1,-1.163
-1,-3.8153
-1,-2.7629
-1,0.017059
-1,1.2382
-1,0.52695
-1,-1.8822
-1,-1.7546
-1,-2.9123
-1,-1.2524
-1,-0.68683
-1,-1.8813
-1,-2.4508
-1,-2.5166
-1,-1.1682
-1,-2.6328
-1,-2.8097
-1,-1.7135
-1,-1.4749
-1,-1.9892
-1,-1.993
-1,-3.6474
-1,0.90341
-1,-0.98932
-1,-0.4135
-1,-2.5109
-1,-1.5976
-1,-4.3435
-1,-1.2938
-1,-3.5151
-1,-0.97185
-1,-2.3434
-1,-3.4489
-1,-3.6187
-1,1.4577
-1,-3.0772
-1,-5.1899
-1,-2.8628
-1,-3.4412
-1,-2.2264
-1,-1.9346
-1,-1.2556
-1,-3.0963
-1,-2.1657
-1,-3.2859
-1,-3.024
-1,0.21074
-1,-2.1404
-1,0.72338
-1,-3.5342
-1,-0.93182
-1,2.5334
-1,-1.9689
-1,-0.39728
-1,-2.261
-1,-1.6312
-1,1.6968
-1,-1.0768
-1,-1.4501
-1,0.16058
-1,-1.824
-1,0.76232
-1,-0.63767
-1,-0.15098
-1,-2.138
-1,-3.6285
-1,-3.0946
-1,-1.767
-1,-3.4715
-1,-1.8543
-1,-3.037
-1,-0.85637
-1,-0.24179
-1,-0.88844
-1,-5.0579
-1,-1.188
-1,-0.99988
-1,0.2132
-1,-3.7774
-1,-1.1718
-1,-1.6332
-1,-2.4848
-1,-1.2985
-1,-1.4896
-1,-2.8963
-1,-1.0104
-1,0.30551
-1,-4.1479
-1,-2.9962
-1,-2.3134
-1,-0.44906
-1,-1.6572
-1,-3.4093
-1,-1.7027
-1,-2.3364
-1,-2.3592
-1,-1.8717
-1,-2.5488
-1,-1.5027
-1,-0.40331
-1,-0.82966
-1,-0.47981
-1,-2.255
-1,-2.913
-1,-1.3053
-1,-2.182
-1,-0.38098
-1,-1.0002
-1,3.1311
-1,0.24662
-1,-3.4327
-1,-2.7248
-1,-0.69927
-1,-1.3807
-1,-2.3214
-1,-0.89528
-1,-2.0478
-1,-0.229
-1,-1.394
-1,-1.4412
-1,-1.428
-1,0.12713
-1,-2.5437
-1,-1.4901
-1,0.54601
-1,-2.5349
-1,-1.2047
-1,-3.3582
-1,-1.4022
-1,-0.99426
-1,-1.1613
-1,-1.2143
-1,0.24999
-1,-2.6395
-1,-0.82117
-1,-1.8012
-1,-1.1891
-1,-0.63027
-1,-1.051
-1,-2.7784
-1,0.16189
-1,-0.73321
-1,-2.6794
-1,-4.8347
-1,-1.1941
-1,0.82219
-1,-2.5997
-1,-0.41484
-1,0.97509
-1,-4.2157
-1,-0.8948
-1,-1.7703
-1,-3.5839
-1,-3.6952
-1,-1.2177
-1,-2.5955
-1,-2.7369
-1,-4.2814
-1,-1.1717
-1,0.63271
-1,-0.30615
-1,-1.8606
-1,-0.49833
-1,-1.6481
-1,-4.2923
-1,-2.3155
-1,-0.95718
-1,-4.2768
-1,-2.5864
-1,1.7042
-1,1.2989
-1,-1.3327
-1,-0.93208
-1,-0.75703
-1,-1.3076
-1,-1.9223
-1,-0.04364
-1,-2.6956
-1,-1.9869
-1,-1.4938
-1,-3.5273
-1,-1.4741
-1,-0.51445
-1,-1.2932
-1,-2.7023
-1,-2.8429
-1,-3.1792
-1,-2.7041
-1,-1.4256
-1,-2.3456
-1,-2.7839
-1,-1.7187
-1,-2.2098
-1,-1.8259
-1,-2.6588
-1,-4.2648
-1,-1.2743
-1,-0.74614
-1,0.96932
-1,-1.5246
-1,-1.3634
-1,-3.9662
-1,-0.27546
-1,-2.7461
-1,-0.48169
-1,-1.7145
-1,-0.05972
-1,-1.8772
-1,-0.88998
-1,-3.1059
-1,-2.2107
-1,-3.2269
-1,-1.9413
-1,-0.71055
-1,-2.2978
-1,-2.3058
-1,0.15795
-1,-1.0279
-1,-5.2162
-1,-3.3643
-1,-0.63073
-1,-0.34506
-1,-1.818
-1,-1.6754
-1,-3.1816
-1,-1.1204
-1,-3.5584
-1,-2.4859
-1,-3.2649
-1,-2.6756
-1,-3.2146
-1,-1.2303
-1,-0.37534
-1,-2.6086
-1,-2.5678
-1,-2.9471
-1,-3.1436
-1,-1.2787
-1,-3.3345
-1,-3.0495
-1,-1.6174
-1,-0.50783
-1,1.1007
-1,-2.2164
-1,-3.149
-1,-1.4062
-1,-1.7301
-1,-0.084924
-1,-2.1196
-1,-2.2876
-1,0.29705
-1,-2.3524
-1,-2.4389
-1,-2.3346
-1,-1.7545
-1,-1.4603
-1,-0.55087
-1,-2.6827
-1,-2.78
-1,-3.7442
-1,-1.5076
-1,-1.7537
-1,-2.5583
-1,-2.0364
-1,-4.0786
-1,-2.3059
-1,-1.9256
-1,-3.0992
-1,-2.4464
-1,-3.8286
-1,-2.5329
-1,0.74795
-1,-3.8992
-1,-2.2036
-1,-1.5096
-1,-1.6564
-1,-0.82455
-1,-4.0018
-1,0.97765
-1,-2.3782
-1,-2.2046
-1,-2.2747
-1,-3.4259
-1,-2.8165
-1,-3.0422
-1,-1.5632
-1,-1.149
-1,-2.6895
-1,-1.9546
-1,-3.7187
-1,-3.0755
-1,-2.9699
-1,-2.3106
-1,-1.8865
-1,1.0321
-1,-1.2765
-1,-1.5843
-1,-0.56628
-1,2.5795
-1,-0.40408
-1,-1.5731
-1,-0.8312
-1,-6.2483
-1,-2.9634
-1,-1.403
-1,-1.4348
-1,-1.6523
-1,-2.1488
-1,0.96743
-1,-0.5919
-1,-3.3913
-1,-2.4914
-1,-3.8328
-1,-0.74529
-1,-2.2059
-1,-1.572
-1,-0.2108
-1,-1.6463
-1,-3.6007
-1,-2.6312
-1,-1.6272
-1,-1.9433
-1,-1.3021
-1,-0.98259
-1,-1.7109
-1,-1.2882
-1,-1.1343
-1,-1.6868
-1,-1.5959
-1,-1.8356
-1,-2.2812
-1,-1.6299
-1,-1.7076
-1,-2.6365
-1,-0.31658
-1,-3.2663
-1,-1.7598
-1,-1.1888
-1,-0.60225
-1,-0.40169
-1,-0.76195
-1,-2.9507
-1,-1.9494
-1,-0.8937
-1,-0.61478
-1,-2.4767
-1,-1.0568
-1,-1.3762
-1,-1.4177
-1,-0.17512
-1,-0.34355
-1,-1.6312
-1,-1.0148
-1,0.35307
-1,-2.0942
-1,-2.4609
-1,-2.3656
-1,-1.3684
-1,-3.2216
-1,-0.88039
-1,-2.5615
-1,-2.4073
-1,-1.2864
-1,0.070581
-1,-0.77932
-1,-2.3658
-1,-1.1566
-1,-0.52836
-1,-2.3678
-1,-0.61717
-1,-1.4376
-1,-1.3223
-1,0.03168
-1,-2.5506
-1,-2.0917
-1,2.0127
-1,-0.35699
-1,-1.6405
-1,0.92617
-1,-3.5901
-1,-5.3635
-1,-1.3541
-1,-0.83686
-1,-0.68237
-1,-1.4198
-1,-2.7194
-1,-3.6844
-1,-1.2371
-1,-4.3615
-1,-0.85903
-1,-1.8404
-1,-2.3112
-1,-2.7882
-1,-2.0003
-1,-2.4232
-1,-2.2455
-1,-1.5365
-1,-2.5554
-1,-1.997
-1,-2.9742
-1,-1.3196
-1,-1.4231
-1,1.0962
-1,-1.6143
-1,-3.5308
-1,-2.7546
-1,-0.33785
-1,-1.7268
-1,-2.3463
-1,-1.177
-1,-1.4112
-1,-1.1009
-1,0.54349
-1,-1.6181
-1,-0.25005
-1,-2.2648
-1,-1.2958
-1,-2.6578
-1,-1.5612
-1,-0.85394
-1,-1.1142
-1,-3.8829
-1,-0.27589
-1,-2.1491
-1,-2.2301
-1,-1.2429
-1,-0.46226
-1,-1.943
-1,0.13638
-1,-2.0875
-1,-2.6549
-1,-0.10673
-1,-2.1022
-1,-2.4973
-1,-3.1214
-1,0.17568
-1,-2.5697
-1,-1.9052
-1,0.3763
-1,-0.29918
-1,-0.70614
-1,-2.3495
-1,1.1993
-1,0.68412
-1,-1.376
-1,-1.739
-1,-0.92684
-1,-1.1823
-1,1.0395
-1,-0.70948
-1,-0.49655
-1,-1.6678
-1,-0.67359
-1,0.36418
-1,-1.33
-1,-0.99264
-1,-0.31598
-1,-1.7624
-1,-2.7619
-1,-0.15747
-1,-1.7128
-1,-2.7699
-1,-1.7807
-1,-1.6886
-1,-3.5215
-1,-0.47039
-1,0.18473
-1,-0.60779
-1,1.7322
-1,-1.9717
-1,-2.4585
-1,1.6005
-1,-2.5919
-1,-2.3604
-1,0.067181
-1,-0.31223
-1,-0.95541
-1,-2.5148
-1,-0.21678
-1,-0.72407
-1,-0.72037
-1,-2.5967
-1,-1.9297
-1,-0.6972
-1,-2.7532
-1,-1.2628
-1,-1.8791
-1,-2.9891
-1,-1.8924
-1,-1.4759
-1,-1.2803
-1,-1.4962
-1,-4.7763
-1,-0.44512
-1,-0.32931
-1,-2.7448
-1,-1.7931
-1,-2.0434
-1,-1.6837
-1,-3.7366
-1,-1.7939
-1,-2.7051
-1,-0.7678
-1,-1.6586
-1,-1.2705
-1,0.19523
-1,-0.62862
-1,-3.2867
-1,-0.65171
-1,-2.4225
-1,2.3151
-1,-1.6305
-1,0.29132
-1,-2.7127
-1,-0.53412
-1,-1.9851
-1,-2.1222
-1,-1.6961
-1,-0.33599
-1,-3.8275
-1,-2.5426
-1,-1.33
-1,-1.7685
-1,-0.2906
-1,-2.6061
-1,-2.4473
-1,-1.9897
-1,-0.45891
-1,-1.2321
-1,-2.0543
-1,-1.5492
-1,-2.4337
-1,-2.7123
-1,-1.1856
-1,0.017592
-1,-1.5008
-1,-1.0821
-1,-1.7411
-1,-0.21948
-1,-0.67354
-1,-0.24756
-1,-2.8711
-1,-2.3298
-1,-0.021508
-1,-2.5991
-1,-2.6957
-1,0.194
-1,-0.94747
-1,-0.82637
-1,0.23061
-1,1.5498
-1,-1.8267
-1,-2.6353
-1,-1.9412
-1,-0.36861
-1,0.23205
-1,-3.0965
-1,-1.1042
-1,-4.6486
-1,-0.12778
-1,-1.3743
-1,-1.0541
-1,-2.2534
-1,-1.3737
-1,-2.1729
-1,-1.9468
-1,-3.1913
-1,-1.8829
-1,-2.4754
-1,-4.4158
-1,-3.1132
-1,-2.4528
-1,-2.5913
-1,-1.2894
-1,-1.1338
-1,-1.4263
-1,-1.4981
-1,-1.648
-1,-1.9879
-1,-0.95871
-1,-2.2182
-1,-0.85704
-1,-2.2107
-1,-2.3526
-1,-0.97028
-1,-1.8742
-1,-0.68504
-1,-1.7947
-1,-1.1818
-1,-1.522
-1,-2.342
-1,-2.4336
-1,0.65367
-1,-3.7813
-1,-2.2698
-1,-1.3248
-1,-1.5624
-1,-1.6496
-1,-0.047072
-1,-0.65896
-1,-1.0912
-1,-1.0001
-1,1.1174
-1,-1.3219
-1,-1.1395
-1,-1.3017
-1,-2.055
-1,-1.234
-1,-1.2204
-1,0.097959
-1,0.07099
-1,-0.9998
-1,-3.3521
-1,-3.1768
-1,-3.8185
-1,-2.1589
-1,-3.8201
-1,-0.47424
-1,-2.3866
-1,-0.56986
-1,-3.6646
-1,-0.98815
-1,-1.9741
-1,-0.69831
-1,-2.0422
-1,-1.0207
-1,-2.2896
-1,-2.2204
-1,-0.871
-1,-0.38876
-1,-4.2498
-1,-2.8617
-1,-1.3612
-1,-2.7776
-1,-1.2007
-1,-1.9736
-1,-0.47568
-1,-1.7475
-1,-3.0037
-1,-1.9632
-1,-5.8788
-1,-1.3061
-1,-3.1084
-1,-1.82
-1,-0.38569
-1,-2.8931
-1,-2.4781
-1,-2.2462
-1,-2.3293
-1,-2.2478
-1,-3.2404
-1,-2.6444
-1,-1.276
-1,0.46439
-1,-1.4736
-1,-0.97505
-1,-0.47364
-1,-0.58791
-1,-4.2134
-1,-1.6897
-1,-2.8502
-1,-1.177
-1,-2.0287
-1,-2.8356
-1,-2.786
-1,-2.233
-1,0.39921
-1,-0.14859
-1,-1.1542
-1,-4.7236
-1,-2.0766
-1,6.4872
-1,-1.8068
-1,-3.2802
-1,0.17253
-1,-0.88976
-1,-1.487
-1,1.3284
-1,-0.70935
-1,-2.2702
-1,-1.1284
-1,-0.66408
-1,-3.5915
-1,-1.3764
-1,-1.3778
-1,1.1182
-1,1.4048
-1,-1.0283
-1,-2.5067
-1,-2.6477
-1,-0.2539
-1,-0.94857
-1,-1.0187
-1,-0.31099
-1,-2.0055
-1,-1.0116
-1,-2.205
-1,-2.7142
-1,-2.9894
-1,-3.7358
-1,-0.41373
-1,-1.577
-1,-2.85
-1,-2.1405
-1,-0.81718
-1,-0.22478
-1,-1.9271
-1,-3.3781
-1,0.50831
-1,-2.077
-1,-3.3939
-1,-2.9375
-1,-0.27303
-1,-1.3141
-1,-3.0966
-1,-1.3582
-1,-4.068
-1,-0.70297
-1,-1.8699
-1,-0.38435
-1,-2.3735
-1,-0.2596
-1,-1.3819
-1,-1.692
-1,-3.4289
-1,0.15527
-1,2.1882
-1,-0.29209
-1,-3.6577
-1,-0.72783
-1,-5.0885
-1,-1.6701
-1,-0.9972
-1,-2.6178
-1,-3.1282
-1,2.9879
-1,-3.0405
-1,-2.681
-1,-0.23343
-1,-2.6514
-1,-1.53
-1,-2.9201
-1,-1.3854
-1,-3.0944
-1,-0.86188
-1,-1.5461
-1,-1.0001
-1,-0.84203
-1,-4.0205
-1,-0.86054
-1,-2.2021
-1,-2.8409
-1,-1.519
-1,-0.99985
-1,-0.052757
-1,-1.9292
-1,-1.9367
-1,-3.5091
-1,-4.3839
-1,-2.1396
-1,-3.0396
-1,-0.45896
-1,-1.9558
-1,-0.77921
-1,-3.0161
-1,-3.3448
-1,-1.6946
-1,-2.9202
-1,-3.8388
-1,3.1693
-1,-1.7683
-1,-3.038
-1,-2.5265
-1,-0.43853
-1,-2.1151
-1,-0.62875
-1,-4.3828
-1,-2.2074
-1,-1.3854
-1,-5.6841
-1,-2.1529
-1,-3.4794
-1,-3.5074
-1,-1.9942
-1,-2.4979
-1,-1.5695
-1,-2.4723
-1,-1.5196
-1,-2.4946
-1,-0.28282
-1,-2.0401
-1,-2.5017
-1,1.2051
-1,-3.1251
-1,0.11975
-1,-2.4287
-1,-2.0725
-1,-2.6831
-1,-2.6438
-1,-0.78328
-1,-0.66972
-1,-2.2117
-1,-1.063
-1,-4.5412
-1,-2.4422
-1,-3.664
-1,-1.6109
-1,-2.8761
-1,-4.0457
-1,-2.4695
-1,-2.766
-1,-2.6549
-1,-1.6465
-1,-1.681
-1,3.3604
-1,-1.7614
-1,-1.2258
-1,-3.0734
-1,-3.4137
-1,-1.7877
-1,-1.0175
-1,-2.793
-1,-3.2801
-1,-3.3094
-1,-3.8136
-1,-3.2951
-1,1.143
-1,-3.1326
-1,-0.62873
-1,-2.0316
-1,-3.6612
-1,-4.8367
-1,-0.53295
-1,-2.6356
-1,-2.3108
-1,-3.4337
-1,-0.074451
-1,-2.6014
-1,-2.1058
-1,-2.1705
-1,-3.0201
-1,0.54305
-1,-1.4562
-1,-3.385
-1,-1.2923
-1,-2.2687
-1,0.047558
-1,-3.1263
-1,-4.8943
-1,0.30849
-1,-2.2902
-1,-3.1161
-1,-0.31897
-1,-4.908
-1,-3.1092
-1,-3.3392
-1,-1.5827
-1,-1.7212
-1,-1.7612
-1,-0.59186
-1,-3.2263
-1,-0.49069
-1,-1.4534
-1,-3.1344
-1,-2.2883
-1,-4.0614
-1,-0.50148
-1,-1.1539
-1,-2.4247
-1,-1.7369
-1,-2.8186
-1,-2.6601
-1,0.66476
-1,0.22679
-1,-0.7459
-1,-2.9936
-1,-1.3206
-1,-1.998
-1,-0.53553
-1,-3.5145
-1,-2.0974
-1,-2.0001
-1,-2.4748
-1,-1.3369
-1,-3.4128
-1,-0.90602
-1,-1.2026
-1,-2.5232
-1,-1.8754
-1,-1.3128
-1,-2.7974
-1,-2.0668
-1,-1.7473
-1,-0.76175
-1,-0.61821
-1,-2.7563
-1,-1.2062
-1,-1.158
-1,-0.049665
-1,-1.9202
-1,-0.57692
-1,-0.39306
-1,-3.0805
-1,-1.7786
-1,-3.2342
-1,-0.25446
-1,-1.6842
-1,-2.7682
-1,-4.0395
-1,-1.6125
-1,-1.6316
-1,-1.2111
-1,-1.3289
-1,-2.6906
-1,-1.5788
-1,0.16557
-1,-0.64016
-1,-1.2331
-1,-2.037
-1,-1.1253
-1,-1.9984
-1,-0.099925
-1,-3.5697
-1,-0.80332
-1,-2.6491
-1,-1.0056
-1,-0.80596
-1,-4.1176
-1,-3.6201
-1,-2.4092
-1,-4.3534
-1,-1.7222
-1,-0.81168
-1,-4.1129
-1,0.42188
-1,-2.0946
-1,-2.0921
-1,-1.1878
-1,-1.3679
-1,-2.6194
-1,-2.1763
-1,-2.1234
-1,-2.814
-1,-1.8954
-1,-0.59604
-1,-2.8719
-1,-3.1389
-1,-2.6455
-1,-2.5575
-1,-3.1721
-1,-4.3072
-1,-1.6011
-1,-2.9895
-1,-2.1893
-1,-2.0158
-1,-2.6289
-1,-1.4389
-1,-2.042
-1,-1.4454
-1,-2.4733
-1,-3.1665
-1,-1.3932
-1,-1.0868
-1,-3.5813
-1,0.047517
-1,-2.5728
-1,-0.87776
-1,-2.4022
-1,-1.9571
-1,-1.8115
-1,-2.0443
-1,-1.5687
-1,-4.3238
-1,-2.41
-1,-2.8881
-1,-2.8663
-1,-2.1797
-1,-2.2769
-1,-3.4073
-1,-4.0166
-1,-5.5597
-1,-3.2407
-1,-1.5504
-1,-1.6922
-1,-1.8143
-1,0.67232
-1,0.0074365
-1,-2.9563
-1,-4.187
-1,-3.5305
-1,-0.97202
-1,-1.819
-1,-2.4781
-1,-0.98083
-1,1.0546
-1,-3.1511
-1,-4.4434
-1,-4.0382
-1,-4.9082
-1,-3.8222
-1,-2.3929
-1,0.046583
-1,-1.7602
-1,-1.6022
-1,-2.8947
-1,-3.7566
-1,-3.2804
-1,-1.5249
-1,-5.0199
-1,-0.4675
-1,-1.6931
-1,-2.1705
-1,-1.0969
-1,-2.3329
-1,-1.8317
-1,-2.3808
-1,-4.0469
-1,-3.1345
-1,-3.14
-1,-3.1001
-1,-1.7679
-1,-2.6687
-1,-0.71984
-1,-2.0031
-1,-1.7613
-1,-2.1649
-1,-3.0805
-1,-0.24127
-1,-1.5895
-1,-3.2578
-1,-0.40372
-1,-2.8134
-1,-2.5698
-1,-1.8602
-1,-2.4883
-1,-1.84
-1,-0.70838
-1,-0.75116
-1,-1.6441
-1,0.48087
-1,-3.4226
-1,-3.9924
-1,-0.95018
-1,-2.0027
-1,-2.1302
-1,0.12771
-1,0.52428
-1,-3.1376
-1,-2.4629
-1,-1.5376
-1,-2.2128
-1,-3.2561
-1,-3.0628
-1,-0.84693
-1,-3.0421
-1,-1.7402
-1,-1.9569
-1,-2.0722
-1,-2.7438
-1,-1.4727
-1,-1.6283
-1,-1.8016
-1,-2.8483
-1,-1.8123
-1,0.36631
-1,-1.6393
-1,-3.2386
-1,-3.5729
-1,-3.658
-1,-1.6554
-1,-1.3713
-1,-1.8042
-1,-1.316
-1,-2.5206
-1,-3.4378
-1,-2.5533
-1,-2.3344
-1,-3.3407
-1,-1.0836
-1,-1.3494
-1,-4.1121
-1,-2.6022
-1,-3.4286
-1,-3.6198
-1,-2.9901
-1,0.57006
-1,-3.1867
-1,-1.0949
-1,-0.64353
-1,-3.5595
-1,-4.412
-1,-2.9727
-1,-3.6846
-1,0.17165
-1,-3.7113
-1,-0.79695
-1,-1.8025
-1,-0.84317
-1,-3.7497
-1,-3.3121
-1,-0.71906
-1,-1.3997
-1,-3.1832
-1,-3.522
-1,-2.5435
-1,-2.1466
-1,-2.8309
-1,-3.6275
-1,-1.8938
-1,-2.7572
-1,-0.99668
-1,-2.5735
-1,-2.3783
-1,-2.1939
-1,-2.5593
-1,-3.2274
-1,-2.24
-1,-2.4611
-1,-2.5063
-1,-3.7156
-1,-3.1672
-1,-1.9945
-1,-3.0444
-1,-2.4189
-1,-2.4702
-1,-1.3179
-1,-1.4852
-1,-2.0472
-1,-1.6546
-1,-1.8741
-1,-0.55773
-1,-1.6218
-1,-2.2278
-1,-2.5455
-1,-4.4953
-1,-1.8904
-1,-0.31967
-1,-1.8898
-1,-2.2983
-1,-1.2223
-1,-4.5985
-1,-3.4574
-1,-3.0223
-1,-0.27826
-1,0.74144
-1,-3.0423
-1,-2.3111
-1,-1.8647
-1,-2.9103
-1,-2.7201
-1,-3.0313
-1,-1.5876
-1,-2.9281
-1,-2.6137
-1,-2.5072
-1,-2.4278
-1,-3.6465
-1,-3.9664
-1,-2.1964
-1,-1.5378
-1,-3.3818
-1,0.81586
-1,-2.3299
-1,-1.0151
-1,-1.7801
-1,2.7347
-1,-3.7993
-1,1.0907
-1,-5.6569
-1,-4.2275
-1,-2.728
-1,0.3393
-1,-0.27667
-1,-0.70978
-1,-1.1889
-1,-2.7271
-1,0.075473
-1,-2.9852
-1,-0.091887
-1,-2.1241
-1,-3.5494
-1,-3.9761
-1,-4.4576
-1,-3.2114
-1,-2.3792
-1,-1.3998
-1,-2.1279
-1,-1.6903
-1,-3.8883
-1,1.535
-1,-0.85776
-1,-5.2677
-1,-2.5136
-1,-1.6589
-1,-5.3384
-1,-0.45487
-1,-1.103
-1,-1.9209
-1,-1.083
-1,-3.5905
-1,0.022514
-1,-1.4957
-1,-1.0053
-1,-2.2483
-1,-2.3252
-1,-1.9625
-1,-4.0474
-1,0.43664
-1,-3.5664
-1,-3.1613
-1,-3.303
-1,-4.0121
-1,-2.1892
-1,-3.5698
-1,-1.1006
-1,-1.3439
-1,-2.1947
-1,-0.31053
-1,-2.4018
-1,0.31876
-1,-1.2954
-1,-2.5734
-1,-2.063
-1,-1.4615
-1,-3.9038
-1,-3.725
-1,-2.0334
-1,-2.458
-1,-1.0304
-1,-2.3761
-1,-2.5455
-1,-1.9437
-1,-1.1675
-1,-1.7902
-1,-1.0772
-1,-1.7455
-1,-4.1655
-1,-3.078
-1,-1.9627
-1,-3.3953
-1,-3.5279
-1,-0.6455
-1,-3.1137
-1,-2.3547
-1,-0.27819
-1,-2.1616
-1,-0.24098
-1,-1.2521
-1,-1.716
-1,-1.5139
-1,-1.9267
-1,-0.86675
-1,-1.9942
-1,-2.0408
-1,-1.6341
-1,-1.2414
-1,-2.9331
-1,-3.8175
-1,-3.3367
-1,-2.2938
-1,-2.4633
-1,-0.96341
-1,-3.1453
-1,-4.6626
-1,-1.4528
-1,-1.1752
-1,-2.568
-1,-0.33455
-1,-3.1044
-1,-1.587
-1,-3.2696
-1,1.0199
-1,-0.45259
-1,-1.9118
-1,-3.0921
-1,-0.35171
-1,-2.7104
-1,-0.5957
-1,0.071986
-1,-2.2881
-1,-4.2481
-1,-2.1843
-1,-2.3595
-1,-2.99
-1,0.2453
-1,-0.87915
-1,-2.8676
-1,-0.9105
-1,-2.2213
-1,-1.4795
-1,-1.0258
-1,-0.31714
-1,-1.9041
-1,-0.75815
-1,-0.27506
-1,-1.2178
-1,-2.3337
-1,-1.8083
-1,-1.5275
-1,-2.3979
-1,1.7565
-1,-2.7403
-1,-2.3493
-1,-1.0121
-1,-2.6579
-1,-4.5639
-1,-1.7211
-1,-1.6308
-1,-0.74082
-1,-3.2239
-1,-3.991
-1,-0.29904
-1,-1.3904
-1,-1.1375
-1,-1.7502
-1,-2.5605
-1,-1.5276
-1,-1.9559
-1,-1.6006
-1,-2.3627
-1,-5.2895
-1,-0.31607
-1,-1.0001
-1,-0.84347
-1,-1.242
-1,-2.4763
-1,-0.1478
-1,-1.149
-1,-2.6477
-1,-0.50151
-1,-2.6315
-1,-1.885
-1,-2.0416
-1,0.67621
-1,-1.3283
-1,-0.91323
-1,-1.8742
-1,-2.6474
-1,-1.7813
-1,-3.207
-1,0.82281
-1,-1.3042
-1,-2.6929
-1,-1.1544
-1,-0.81967
-1,-2.2851
-1,-1.1333
-1,-1.5552
-1,-0.93098
-1,0.76422
-1,-1.1581
-1,0.43951
-1,-1.1088
-1,-2.0235
-1,-2.4829
-1,-2.7592
-1,1.5901
-1,-1.2216
-1,-3.1048
-1,-1.7372
-1,-3.2209
-1,-1.3531
-1,1.192
-1,-2.1156
-1,-1.0294
-1,-1.6078
-1,0.26877
-1,-2.1727
-1,-0.71622
-1,-2.7324
-1,-5.2987
-1,-2.4712
-1,-1.2903
-1,-1.7375
-1,-2.1006
-1,-1.8343
-1,-2.1408
-1,-1.9973
-1,-3.0623
-1,-5.2095
-1,-1.4464
-1,0.98482
-1,-0.50949
-1,-3.0387
-1,-1.9728
-1,-0.34652
-1,-1.3033
-1,-4.4082
-1,-3.0948
-1,-1.4176
-1,-3.0575
-1,-1.1365
-1,-3.3943
-1,-0.8802
-1,-1.7962
-1,-2.7793
-1,-1.5495
-1,-3.1871
-1,-2.4097
-1,-2.7182
-1,-1.4182
-1,-0.19817
-1,-2.3133
-1,-3.6538
-1,-2.1135
-1,-1.0221
-1,-1.0713
-1,-1.9405
-1,-3.4049
-1,-1.927
-1,-1.9149
-1,-1.8077
-1,-0.016125
-1,-2.6863
-1,-1.3029
-1,1.0503
-1,-1.0541
-1,-1.8713
-1,-3.4967
-1,-2.4681
-1,-1.7001
-1,-0.78638
-1,-3.339
-1,-4.1054
-1,-2.2543
-1,-3.6742
-1,-2.6127
-1,-1.1764
-1,-1.3857
-1,-1.5611
-1,-1.6986
-1,-0.53115
-1,-0.36814
-1,-0.41142
-1,-0.48682
-1,-1.5258
-1,-1.1425
-1,-1.5189
-1,-1.9597
-1,-1.0291
-1,-1.4289
-1,-3.6229
-1,-1.6839
-1,-2.4814
-1,-1.4387
-1,0.29206
-1,-0.99408
-1,0.52701
-1,-3.0478
-1,-3.3952
-1,-1.9457
-1,-0.18716
-1,-1.9093
-1,-2.7342
-1,-2.6683
-1,0.26455
-1,-1.9417
-1,-0.59428
-1,-3.2455
-1,-2.1902
-1,0.084231
-1,-1.0036
-1,-2.7489
-1,-1.9698
-1,-5.8065
-1,-0.71431
-1,0.18262
-1,-1.7486
-1,-2.5094
-1,-1.4965
-1,-2.3599
-1,-0.92471
-1,-1.3707
-1,-2.4863
-1,1.2401
-1,-3.1245
-1,-1.5153
-1,-2.7803
-1,-1.013
-1,-2.2897
-1,-2.0196
-1,-2.7639
-1,-3.1314
-1,-1.9043
-1,-0.25346
-1,0.6953
-1,-0.78346
-1,-1.0563
-1,-0.73949
-1,-2.4362
-1,-2.0701
-1,-0.6125
-1,-0.11988
-1,-2.99
-1,-4.1112
-1,-1.3108
-1,-3.289
-1,-2.3201
-1,0.52393
-1,-0.87977
-1,-0.90487
-1,-2.8784
-1,1.1993
-1,-2.5256
-1,-2.5582
-1,-2.7162
-1,-2.7038
-1,-1.9465
-1,-3.2963
-1,-2.2451
-1,-0.2672
-1,-3.2105
-1,-0.34599
-1,0.23423
-1,0.58987
-1,-1.0527
-1,-3.0029
-1,-0.13882
-1,-3.0137
-1,-2.3432
-1,-1.3973
-1,-1.9464
-1,-0.41026
-1,-1.9972
-1,-1.8255
-1,-2.5686
-1,-1.0969
-1,-0.38309
-1,-4.3202
-1,-3.1329
-1,-1.1534
-1,-2.9457
-1,-1.2843
-1,-2.8311
-1,-1.7523
-1,-0.99693
-1,-0.96475
-1,-1.7625
-1,-1.9392
-1,-2.198
-1,-3.1103
-1,-1.629
-1,-2.3632
-1,-3.4138
-1,-1.8131
-1,-2.2731
-1,-1.0005
-1,-3.5009
-1,-3.1154
-1,-1.647
-1,-1.5137
-1,-2.9341
-1,-3.1489
-1,-0.32411
-1,-3.751
-1,-3.6929
-1,-1.9011
-1,0.39674
-1,-1.2913
-1,-1.9581
-1,-2.8646
-1,-2.0204
-1,-1.3482
-1,-1.8845
-1,-3.5766
-1,-2.8918
-1,1.8166
-1,-1.2786
-1,-3.5436
-1,-0.92083
-1,-1.4967
-1,-1.0056
-1,-2.578
-1,0.59764
-1,-1.9421
-1,0.71268
-1,-1.4076
-1,-1.0227
-1,-6.97
-1,-1.2609
-1,-3.0829
-1,-1.0181
-1,-4.6644
-1,-2.2385
-1,-1.1713
-1,-2.783
-1,-4.421
-1,-0.05299
-1,-3.67
-1,-5.6073
-1,-2.0369
-1,-2.8085
-1,-2.8964
-1,-2.3707
-1,-1.4624
-1,-2.7047
-1,-0.10219
-1,-3.4048
-1,-2.7081
-1,-0.68929
-1,-0.78541
-1,-3.8837
-1,-4.6199
-1,-2.5561
-1,-2.3334
-1,-1.7018
-1,-2.7406
-1,-3.2347
-1,-1.7144
-1,-2.4984
-1,-1.5559
-1,0.0017943
-1,-1.188
-1,-2.1307
-1,-0.58544
-1,-1.201
-1,-1.4385
-1,-2.5417
-1,-0.94017
-1,-1.5365
-1,-2.1841
-1,-1.7192
-1,-1.7734
-1,-3.261
-1,-0.11759
-1,-2.8291
-1,-2.7789
-1,-1.6673
-1,-2.6401
-1,-2.67
-1,-5.8561
-1,-2.1712
-1,-0.98278
-1,-2.6211
-1,-3.7646
-1,-2.5888
-1,-1.6576
-1,-2.419
-1,-1.7162
-1,-0.26376
-1,-1.5804
-1,-0.67503
-1,-1.1146
-1,-4.1596
-1,-3.0833
-1,-2.0067
-1,-4.8319
-1,-2.0462
-1,-2.5708
-1,-1.5908
-1,-2.4936
-1,-4.1977
-1,-0.67108
-1,-2.9049
-1,-2.862
-1,-0.97121
-1,-1.1039
-1,0.020643
-1,-2.5072
-1,-0.78218
-1,-2.9857
-1,-4.103
-1,-0.65535
-1,-1.0426
-1,-2.9246
-1,0.10274
-1,-2.5119
-1,0.26875
-1,-4.4728
-1,-1.2774
-1,-3.03
-1,-3.9024
-1,-2.6802
-1,-3.3113
-1,-2.7793
-1,-1.1559
-1,-3.1769
-1,-0.51487
-1,-1.9486
-1,-3.3053
-1,-3.0353
-1,-2.5622
-1,-1.7036
-1,0.46131
-1,-1.8896
-1,-2.4157
-1,-0.84123
-1,-0.44467
-1,-1.8853
-1,-1.4456
-1,-2.7939
-1,-2.5445
-1,0.040221
-1,-3.4967
-1,-3.6415
-1,-1.4285
-1,-0.79294
-1,-4.4939
-1,-0.40755
-1,-1.7298
-1,0.10201
-1,-2.9747
-1,-4.3028
-1,-2.8669
-1,-0.43918
-1,-2.1358
-1,-3.8601
-1,-2.1751
-1,-3.8447
-1,-0.445
-1,1.2969
-1,-2.8403
-1,-3.7445
-1,-1.9972
-1,-3.3979
-1,-1.9073
-1,-3.8022
-1,-1.2885
-1,-0.96419
-1,-3.7629
-1,-3.8124
-1,-1.3678
-1,-2.5692
-1,-0.75676
-1,-0.43706
-1,-2.346
-1,-2.6666
-1,-1.1419
-1,-1.4816
-1,-3.6265
-1,-3.2878
-1,-2.8803
-1,-1.1952
-1,-2.0837
-1,-2.6418
-1,-2.6045
-1,-2.5359
-1,-1.1985
-1,-2.353
-1,-4.1525
-1,-2.2701
-1,-1.1291
-1,-2.5026
-1,-2.3223
-1,-2.2288
-1,-2.6181
-1,-2.4732
-1,-3.9151
-1,-3.477
-1,-2.8067
-1,-1.581
-1,-5.3224
-1,-3.0299
-1,-2.9658
-1,-2.9377
-1,-4.4531
-1,-3.8213
-1,-1.8086
-1,-2.0027
-1,-2.0819
-1,-2.0566
-1,-3.003
-1,-3.3018
-1,-2.106
-1,-3.3516
-1,-2.3362
-1,-3.0597
-1,-4.6863
-1,-1.9932
-1,-3.3809
-1,-2.8572
-1,-4.3072
-1,0.022454
-1,-1.0635
-1,-1.5519
-1,-3.1881
-1,-3.5114
-1,-3.4814
-1,-4.0691
-1,-3.8868
-1,-2.5366
-1,-1.7715
-1,-2.5705
-1,-2.908
-1,-3.3852
-1,-1.7928
-1,-3.2067
-1,-1.7509
-1,-3.5918
