1,1.036
1,1.0083
1,1.0003
1,1.0278
1,1.0524
1,1.3939
1,1.0036
1,1.2958
1,1.0316
1,1.0555
1,1.0003
1,1.0212
1,1.1536
1,1.0367
1,1.0318
1,1.043
1,1.0565
1,1.1279
1,1.0441
1,1.1338
1,1.0068
1,1.047
1,1.0545
1,1.0681
1,1.1581
1,1.0403
1,1.4335
1,1.0515
1,1.0366
1,1.0002
1,1.0557
1,1.0907
1,1.113
1,1.0509
1,1.0058
1,1.0885
1,1.0002
1,1.0316
1,1.166
1,1.0182
1,1.1892
1,1.2118
1,1.0303
1,1
1,1.0082
1,0.99952
1,1.1092
1,1.0476
1,1.0213
1,1.0596
1,1.0623
1,1.0109
1,1.0887
1,1.0338
1,1.0001
1,0.99977
1,1.0837
1,0.99955
1,1.0584
1,1.0654
1,1.2158
1,1.0821
1,1.0361
1,0.9998
1,1.1959
1,1.1347
1,0.99954
1,1.0036
1,1.0634
1,1.0621
1,1.0355
1,1.0593
1,1.0563
1,1.0701
1,1.0002
1,1.073
1,1.0281
1,1.0151
1,1
1,1.1956
1,1.0585
1,1.0547
1,1.0011
1,1.0382
1,1.0236
1,1.035
1,1.0304
1,1.0564
1,1.0456
1,0.99987
1,1.0936
1,1.0593
1,1.0377
1,1.0972
1,1.0024
1,1.0018
1,1.2167
1,1.0118
1,1.0777
1,0.99963
1,1.0833
1,1.0003
1,1.0667
1,1.0733
1,1.1339
1,1.3418
1,0.99949
1,1.0709
1,1.0529
1,1.0121
1,1.1387
1,1.0004
1,1.0234
1,1.0003
1,1.0429
1,1.0807
1,1.0002
1,1.0504
1,1.0495
1,1.091
1,1.0001
1,1.0545
1,0.99962
1,1.1167
1,1.087
1,1.1037
1,1.0711
1,1.0444
1,1.1858
1,1.0133
1,1.0303
1,0.99965
1,1.0652
1,1.1226
1,1.1854
1,1.2028
1,0.99964
1,1.0388
1,1.0576
1,0.99983
1,1.0182
1,1.003
1,1.0442
1,1.1043
1,0.99999
1,1.0425
1,1.0004
1,1.1092
1,1.0223
1,1.073
1,1.0335
1,1.0002
1,1.0768
1,1.063
1,1.0514
1,1.0791
1,1.0416
1,1.0579
1,1.2318
1,1.2399
1,1.0618
1,1.0004
1,1.0266
1,1.0158
1,1.1222
1,1.08
1,1.0327
1,1.0357
1,1.1446
1,1.0576
1,1.0714
1,1.0421
1,1.0515
1,1.0231
1,1.0463
1,1.1129
1,0.99975
1,1.1152
1,1.0655
1,1.0688
1,1.2056
1,1.0958
1,1.0987
1,1.1851
1,1.0713
1,1.0668
1,1.1846
1,1.0001
1,1.0041
1,1.1138
1,1.1967
1,1.0551
1,1.08
1,1
1,1.1886
1,1.0306
1,1.0416
1,1.0723
1,1.0215
1,1.216
1,1.0402
1,1.0642
1,1.1155
1,1.0751
1,1.0598
1,1.065
1,1.0838
1,1.1276
1,1.0606
1,0.99998
1,1.044
1,0.99973
1,1.0003
1,1.1138
1,0.99977
1,1.0507
1,1.0458
1,1.1374
1,1.07
1,1.0524
1,1.0177
1,1.2192
1,1.0021
1,1.0838
1,1.0559
1,1.1233
1,1.0386
1,1.1161
1,1.0887
1,1.0762
1,1.1217
1,1.039
1,1.0424
1,1.077
1,1.0671
1,1.0419
1,1.0147
1,1.085
1,1.071
1,1.0646
1,1.0082
1,1.0361
1,1.2422
1,1.0157
1,1.0377
1,1.0393
1,1.0896
1,1.0368
1,1.1058
1,1.1671
1,1.0476
1,1.1336
1,1.0046
1,1.0217
1,1.1377
1,1.0258
1,1.0194
1,1.0281
1,1.0876
1,1.0462
1,1.1077
1,1.0416
1,1
1,1.0391
1,1.0905
1,1.2378
1,1.0543
1,1.1325
1,0.99996
1,1.0189
1,1.0063
1,1.1048
1,1.0321
1,0.99972
1,1.0701
1,1.0726
1,1.0825
1,1.0001
1,1.0768
1,1.1097
1,1.1196
1,1.0616
1,1.1399
1,1.1227
1,1.025
1,1.0281
1,1.003
1,1.0327
1,1.0216
1,1
1,1.0002
1,1.0002
1,1.0239
1,1.0751
1,1.0331
1,1.0517
1,1.0418
1,1.2078
1,1.0542
1,1.0106
1,0.99982
1,1.1147
1,1.2033
1,1.0125
1,1.0432
1,1.0547
1,1.0772
1,1.0152
1,1.0433
1,1.0473
1,1.2758
1,1.1078
1,1.0042
1,1.1886
1,1.0104
1,1.0163
1,1.1821
1,1.0657
1,1.0515
1,1.0676
1,1.236
1,1.102
1,1.0432
1,1.0727
1,1.0002
1,1.0423
1,1.1731
1,1.0458
1,1.0615
1,1.08
1,1.037
1,1.1467
1,1.1888
1,1.1132
1,1.053
1,1.1873
1,1.2764
1,1.0695
1,1.0479
1,1.082
1,1.0193
1,1.1616
1,1.0662
1,1.0806
1,1.2218
1,1.0001
1,1.0614
1,1.1088
1,1.0379
1,1.088
1,1.231
1,1.0235
1,1.0858
1,0.99977
1,1.1065
1,1.0794
1,1.0119
1,1.0168
1,0.9997
1,1.0393
1,1.1548
1,1.1231
1,1.054
1,0.99971
1,1.1683
1,0.99996
1,1.0002
1,1.1106
1,1.054
1,1.1498
1,1.0587
1,1.1372
1,1.0827
1,1.1023
1,1.1671
1,1.0033
1,1.0072
1,1.2244
1,1.1643
1,1.5505
1,1.452
1,1.0778
1,1.1542
1,1.0864
1,1.0002
1,1.0308
1,1.1428
1,1.8891
1,1.1132
1,1.1167
1,1.1068
1,1.1757
1,1.1292
1,0.99965
1,1.0121
1,1.0149
1,1.1068
1,1.3841
1,1.1166
1,1.0013
1,1.1219
1,1.0311
1,1.1095
1,1.1587
1,1.0122
1,1.2961
1,1.155
1,1.169
1,1.0736
1,1.3574
1,1.1373
1,1.0498
1,1.0615
1,1.0768
1,1.0638
1,1.1109
1,1.1019
1,1.1874
1,1.1397
1,1.0819
1,1.0433
1,1.0555
1,1.4309
1,1.1683
1,1.143
1,1.0367
1,1.1414
1,1.0404
1,1.1896
1,1.1121
1,1.1221
1,1.1801
1,1.0171
1,1.16
1,1.3997
1,1.2529
1,1.2017
1,1.1106
1,1.3065
1,1.0003
1,1.4099
1,1.1133
1,1.2864
1,1.0522
1,1.144
1,1.1001
1,1.3957
1,1.008
1,1.0221
1,0.99993
1,1.0419
1,1.6412
1,1.2115
1,1.0366
1,1.1131
1,1.2194
1,1.1925
1,1.3292
1,1.2113
1,1.2148
1,1.0263
1,1.1549
1,1.0869
1,1.1374
1,1.2784
1,1.0897
1,1.0001
1,1.1324
1,1.0869
1,1.01
1,0.99965
1,1.1462
1,1.0989
1,1.551
1,1.1028
1,1.1139
1,1.2181
1,1.0002
1,1.0202
1,1.1068
1,1.097
1,1.0754
1,1.167
1,1.0954
1,1.0852
1,1.0785
1,1.0792
1,1.0262
1,1.0005
1,1.2177
1,1.0606
1,1.0278
1,1.199
1,1.1453
1,1.0526
1,1.0585
1,1.1044
1,0.99981
1,1.0742
1,1.1251
1,1.1016
1,1.2249
1,1.039
1,1.0426
1,1.1739
1,1.0171
1,1.1216
1,1.1246
1,1.221
1,1.0929
1,1.2394
1,0.99972
1,1.084
1,1.0609
1,1.0187
1,1.2114
1,1.2042
1,1.1035
1,1.0894
1,1.226
1,1.2786
1,1.0959
1,1.0615
1,1.049
1,1.0848
1,1.0952
1,1.1294
1,1.0301
1,1.062
1,1.1023
1,1.039
1,1.1498
1,1.111
1,0.99991
1,1.1679
1,1.0695
1,1.0587
1,1.2351
1,1.1083
1,1.1036
1,1.0346
1,1.1268
1,1.0001
1,1.1185
1,1.0785
1,1.0922
1,1.2836
1,1.1772
1,1.3409
1,1.0838
1,1.4685
1,1.0289
1,1.1728
1,1.081
1,1.1155
1,1.0818
1,1.1146
1,1.1292
1,1.0916
1,1.0901
1,1.0757
1,1.2897
1,1.0561
1,1.0174
1,1.0308
1,1.2104
1,1.2677
1,1.1971
1,1.0002
1,1.2892
1,1.0785
1,1.0312
1,1.0584
1,1.0003
1,1.1206
1,1.6132
1,1.0807
1,1.0703
1,1.0504
1,1.413
1,1.1936
1,1.0708
1,1.2429
1,1.206
1,1.0316
1,1.0443
1,1.1528
1,1.1268
1,1.0218
1,1.1491
1,1.0534
1,1.2697
1,1.112
1,1.1016
1,1.1085
1,1.1453
1,1.0815
1,1.0557
1,1.1532
1,1.0586
1,1.029
1,1.2035
1,1.1727
1,1.3963
1,1.07
1,1.3838
1,0.99994
1,1.1546
1,1.4653
1,1.4376
1,1.1809
1,1.3469
1,1.2761
1,1.0796
1,1.2813
1,1.1229
1,1.2088
1,1.1586
1,1.37
1,1.1266
1,1.1117
1,1.1032
1,1.221
1,1.0696
1,1.1305
1,1.0697
1,1.2181
1,1.0863
1,1.1407
1,0.99997
1,1.3202
1,1.0821
1,1.1006
1,1.0406
1,1.078
1,1.0003
1,1.0414
1,1.0858
1,1.0103
1,1.0359
1,1.1169
1,1.2373
1,1.0308
1,1.0552
1,1.0114
1,1.0831
1,1.1608
1,1.148
1,1.2538
1,1.194
1,1.0387
1,1.1517
1,1.1841
1,1.0565
1,1.1188
1,1.0104
1,1.2327
1,1.2459
1,1.0931
1,1.1544
1,1.1064
1,1.1402
1,1.0971
1,1.183
1,1.0296
1,0.99998
1,1.245
1,1.1142
1,1.0301
1,1.0657
1,1.3622
1,1.357
1,1.059
1,1.1402
1,1.1096
1,1.2737
1,1.2465
1,1.0061
1,1.0973
1,1.1616
1,1.5906
1,1.3881
1,1.1563
1,1.31
1,1.0871
1,1.2435
1,1.2277
1,1.1142
1,1.0757
1,1.2812
1,1.2555
1,1.1539
1,1.0593
1,1.153
1,1.1436
1,1.0845
1,1.2482
1,1.1397
1,1.075
1,1.0941
1,1.0841
1,1.0528
1,1.1489
1,1.2223
1,1.0472
1,1.0968
1,1.2155
1,1.1089
1,1.1505
1,1.2138
1,1.1184
1,1.4112
1,1.104
1,1.1043
1,1.2097
1,1.3033
1,1.119
1,1.0928
1,1.0732
1,1.1048
1,1.3915
1,1.1332
1,1.072
1,1.5406
1,1.4864
1,1.1043
1,1.1171
1,1.1478
1,1.1331
1,1.0713
1,1.1407
1,1.1107
1,1.1599
1,1.1813
1,1.0832
1,1.1054
1,1.1554
1,1.1074
1,1.0188
1,0.99995
1,1.1567
1,1.1016
1,1.0749
1,1.2064
1,1.1009
1,1.2792
1,1.0873
1,1.0232
1,1.0567
1,1.2427
1,1.1444
1,1.2239
1,1.1192
1,1.1821
1,1.2003
1,1.0822
1,1.2118
1,1.1675
1,1.0025
1,1.3732
1,1.1611
1,1.1106
1,1.1074
1,1.2134
1,1.1134
1,1.0374
1,1.1472
1,1.0385
1,1.1817
1,1.1294
1,1.0247
1,1.0311
1,1.0062
1,1.1901
1,1.0389
1,1.1494
1,1.0817
1,1.2013
1,1.0374
1,1.1287
1,1.1596
1,1.2075
1,1.1954
1,1.1358
1,1.0154
1,1.1655
1,1.176
1,1.1023
1,1.116
1,1.1168
1,1.2697
1,1.1245
1,1.149
1,1.1566
1,1.0198
1,1.1065
1,1.0806
1,1.3228
1,1.0529
1,1.1477
1,1.1955
1,1.1863
1,1.1059
1,1.0726
1,1.1749
1,1.1839
1,1.0794
1,1.1104
1,1.0865
1,1.1994
1,1.1795
1,1.051
1,1.0639
1,1.1557
1,1.2211
1,1.2449
1,1.1344
1,1.0698
1,1.0064
1,1.173
1,1.2786
1,1.1914
1,1.0652
1,1.1018
1,1.13
1,1.1048
1,1.1515
1,1.1108
1,1.1412
1,1.1611
1,1.1205
1,1.1498
1,1.1732
1,1.2046
1,1.0712
1,1.1046
1,1.1267
1,1.0002
1,1.2733
1,1.1534
1,1.1358
1,1.1885
1,1.1119
1,1.1986
1,1.7087
1,1.1718
1,1.1344
1,1.0829
1,1.2221
1,1.1804
1,1.2075
1,1.4149
1,1.0103
1,1.0392
1,1.1886
1,1.3386
1,1.1605
1,1.2316
1,1.0844
1,1.1741
1,1.1594
1,1.1703
1,1.3151
1,1.135
1,1.2606
1,1.3886
1,1.2057
1,1.3978
1,1.1577
1,1.2381
1,1.2132
1,1.1268
1,1.1661
1,1.0225
1,1.2012
1,1.0917
1,1.1697
1,1.0186
1,1.051
1,1.1716
1,1.1865
1,1.196
1,1.144
1,1.7623
1,1.1489
1,1.0429
1,1.1111
1,1.2
1,1.2883
1,1.2221
1,1.2007
1,1.1246
1,1.1111
1,1.24
1,1.1263
1,1.0885
1,1.2215
1,1.1614
1,1.271
1,1.0637
1,1.2472
1,1.0557
1,1.1959
1,1.1581
1,1.1054
1,1.0816
1,1.1775
1,1.0686
1,1.3241
1,1.2138
1,1.3367
1,1.0765
1,1.3975
1,1.2697
1,1.0554
1,1.0369
1,1.1169
1,1.1975
1,1.2515
1,1.0796
1,1.1678
1,1.0004
1,1.1853
1,1.1417
1,1.156
1,1.0586
1,1.3311
1,1.6858
1,1.1449
1,1.1521
1,1.1137
1,1.1752
1,1.1054
1,1.2508
1,1.0828
1,1.0721
1,1.054
1,1.0606
1,1.0775
1,1.1185
1,1.1849
1,1.179
1,1.0876
1,1.0504
1,1.2676
1,1.0925
1,1.037
1,1.0428
1,1.0981
1,1.1614
1,1.1856
1,1.0352
1,1.0761
1,1.2015
1,1.0878
1,1.1303
1,1.1071
1,1.1544
1,1.1005
1,1.1404
1,1.0888
1,1.1075
1,1.1577
1,1.0849
1,1.192
1,1.0152
1,1.1478
1,1.1487
1,1.1114
1,1.0957
1,1.1408
1,1.0491
1,1.1916
1,1.018
1,1.1063
1,1.0264
1,1.4105
1,1.3374
1,1.0065
1,1.111
1,1.1016
1,1.0219
1,1.0943
1,1.2298
1,1.0791
1,1.0001
1,1.0598
1,1.1653
1,1.0942
1,1.039
1,1.1952
1,1.0133
1,1.0795
1,1.1435
1,1.0853
1,1.066
1,1.0947
1,1.0581
1,1.0504
1,1.1357
1,1.0931
1,1.3651
1,1.1605
1,1.2126
1,1.0276
1,1.1374
1,1.3707
1,1.189
1,1.2315
1,1.0944
1,1.2954
1,1.1005
1,1.1739
1,1.0887
1,1.0498
1,1.3527
1,1.0142
1,1.181
1,1.0828
1,1.0471
1,1.3244
1,1.1794
1,1.1802
1,1.347
1,1.2439
1,1.0717
1,1.0889
1,1.0906
1,1.1699
1,1.1397
1,1.222
1,1.2828
1,1.1276
1,1.3699
1,1.0809
1,1.1773
1,1.0248
1,1.2213
1,1.1099
1,1.0447
1,1.0296
1,1.0591
1,1.1316
1,1.0703
1,1.1322
1,1.0419
1,1.0802
1,1.1415
1,1.1144
1,1.0003
1,1.3403
1,1.0478
1,1.1362
1,1.0626
1,1.0835
1,1.1291
1,1.1824
1,1.4125
1,1.1201
1,1.0759
1,1.2104
1,0.99974
1,1.0175
1,1.0606
1,1.0839
1,1.2809
1,1.0764
1,1.1263
1,1.1592
1,1.0077
1,1.1587
1,1.0428
1,1.2223
1,1.3724
1,1.1444
1,1.1771
1,1.1344
1,1.3164
1,1.1302
1,1.1239
1,1.2023
1,1.0624
1,1.429
1,1.1656
1,1.0739
1,1.1352
1,1.115
1,1.2098
1,1.1322
1,1.2019
1,1.0198
1,1.3025
1,1.0328
1,1.3949
1,1.0609
1,1.1354
1,1.0084
1,1.1098
1,1.0549
1,1.0229
1,1.2591
1,1.0809
1,1.0518
1,1.1243
1,1.1343
1,1.1119
1,1.2474
1,1.0627
1,1.0844
1,1.2777
1,1.0985
1,1.0742
1,1.3155
1,1.0571
1,0.99997
1,1.1163
1,1.047
1,1.0788
1,0.99972
1,1.0268
1,1.1772
1,1.0746
-1,1.0069
-1,0.8903
-1,0.96961
-1,1.0588
-1,1.012
-1,0.98885
-1,1.0126
-1,0.97088
-1,0.94551
-1,0.84066
-1,0.90778
-1,0.92825
-1,1.0326
-1,0.99232
-1,1.0055
-1,0.99262
-1,0.9784
-1,0.95141
-1,0.97058
-1,0.96085
-1,0.97685
-1,0.9734
-1,0.9692
-1,1.0163
-1,0.98222
-1,0.98858
-1,0.98203
-1,0.93847
-1,0.98614
-1,0.98463
-1,0.97352
-1,1.0152
-1,0.98737
-1,1.0437
-1,0.90731
-1,1.0346
-1,0.93815
-1,0.99292
-1,1.0779
-1,0.99529
-1,1.0612
-1,0.94852
-1,0.99924
-1,0.98585
-1,0.95905
-1,0.94222
-1,0.96761
-1,1.04
-1,0.99785
-1,0.87188
-1,0.86173
-1,1.0229
-1,0.95632
-1,0.97456
-1,0.97485
-1,0.94101
-1,0.93432
-1,1.025
-1,1.0179
-1,0.91423
-1,1.0161
-1,0.98236
-1,1.0334
-1,0.98691
-1,1.0088
-1,0.96665
-1,0.99147
-1,1.0089
-1,0.9739
-1,0.96572
-1,0.951
-1,0.99428
-1,0.99552
-1,0.99369
-1,0.98785
-1,0.96392
-1,0.97482
-1,1.0289
-1,0.94575
-1,0.99408
-1,0.90311
-1,1.0277
-1,1.0244
-1,0.94044
-1,0.97915
-1,1.0416
-1,0.9756
-1,0.96987
-1,1.0334
-1,0.96372
-1,0.96105
-1,0.97993
-1,1.023
-1,0.99459
-1,0.94998
-1,0.95646
-1,1.0649
-1,0.93339
-1,0.96791
-1,1.0587
-1,0.94693
-1,0.98011
-1,0.99344
-1,1.1002
-1,1.0558
-1,1.0389
-1,0.97858
-1,0.9662
-1,1.0312
-1,0.97634
-1,1.0632
-1,0.98566
-1,1.0588
-1,1.0002
-1,0.993
-1,1.0319
-1,0.81219
-1,1.0429
-1,1.1106
-1,0.91619
-1,1.0575
-1,0.93227
-1,0.99752
-1,1.1365
-1,0.98913
-1,0.9133
-1,1.1217
-1,0.86572
-1,0.97378
-1,1.0678
-1,1.0001
-1,1.0729
-1,0.90327
-1,0.98933
-1,0.99252
-1,0.99725
-1,1.0919
-1,0.96821
-1,1.0298
-1,0.96992
-1,0.99021
-1,0.94249
-1,0.99993
-1,0.92314
-1,0.97861
-1,0.997
-1,0.93587
-1,1.0408
-1,1.0425
-1,1.0671
-1,0.89834
-1,1.0463
-1,1.0721
-1,1.0771
-1,0.984
-1,0.96077
-1,1.0041
-1,0.99638
-1,0.98208
-1,1.0453
-1,1.0523
-1,0.9707
-1,0.99114
-1,0.9646
-1,0.92466
-1,1.0159
-1,1.0045
-1,1.0323
-1,1.0105
-1,0.97008
-1,0.98241
-1,0.97023
-1,0.99892
-1,0.96961
-1,1.0218
-1,1.0209
-1,1.0286
-1,1.0309
-1,1.0128
-1,1.0261
-1,0.99504
-1,1.0313
-1,1.0621
-1,0.9927
-1,1.0196
-1,0.91814
-1,0.9854
-1,0.95992
-1,1.006
-1,1.0209
-1,0.97466
-1,0.99669
-1,1.0048
-1,1.0405
-1,0.96312
-1,1.0224
-1,1.041
-1,1.0404
-1,0.98715
-1,1.001
-1,1.0464
-1,1.053
-1,0.98049
-1,1.0032
-1,1.016
-1,1.0162
-1,0.97354
-1,1.0422
-1,0.98519
-1,1.0088
-1,1.0061
-1,1.0193
-1,0.9535
-1,1.0274
-1,0.90024
-1,0.99785
-1,1.0027
-1,1.0512
-1,1.0376
-1,1.008
-1,0.99746
-1,1.0321
-1,1.0434
-1,0.98771
-1,1.0071
-1,0.93975
-1,0.99384
-1,0.90365
-1,0.97943
-1,0.80785
-1,0.9989
-1,1.008
-1,0.98865
-1,1.0166
-1,1.0214
-1,0.99615
-1,0.80337
-1,1.0094
-1,0.94129
-1,1.0143
-1,1.0344
-1,1.04
-1,1.0339
-1,0.98607
-1,0.84811
-1,0.95439
-1,1.0087
-1,0.98104
-1,1.0081
-1,0.88339
-1,1.0007
-1,1.0483
-1,0.97944
-1,1.0465
-1,0.93637
-1,0.87637
-1,0.97108
-1,0.99064
-1,0.97077
-1,0.97057
-1,0.99458
-1,1.0457
-1,1.0594
-1,1.0108
-1,1.2091
-1,1.02
-1,1.001
-1,0.93012
-1,1.0058
-1,0.96388
-1,0.97619
-1,1.007
-1,0.94565
-1,0.97737
-1,1.0097
-1,1.0254
-1,1.039
-1,0.81259
-1,0.99332
-1,0.92884
-1,0.97629
-1,0.94302
-1,0.93595
-1,1.0843
-1,1.0237
-1,1.083
-1,0.97949
-1,1.0411
-1,1.0062
-1,0.99405
-1,1.0257
-1,0.99646
-1,0.95055
-1,0.99769
-1,1.0158
-1,1.0454
-1,1.014
-1,1.0448
-1,1.0146
-1,1.0185
-1,0.99812
-1,0.94885
-1,1.0191
-1,1.0306
-1,1.0394
-1,0.97817
-1,1.0232
-1,0.91722
-1,1.051
-1,1.0007
-1,1.0385
-1,1.0689
-1,0.998
-1,1.0603
-1,1.041
-1,1.001
-1,0.96596
-1,0.98683
-1,0.96564
-1,1.0338
-1,0.94921
-1,0.98601
-1,0.99278
-1,0.97472
-1,0.98767
-1,1.0283
-1,1.0366
-1,1.023
-1,0.96247
-1,0.76678
-1,1.0662
-1,0.98308
-1,0.81509
-1,0.91474
-1,0.98107
-1,0.98145
-1,1.1025
-1,1.0201
-1,0.96726
-1,0.96238
-1,0.98535
-1,0.97736
-1,0.89302
-1,0.95467
-1,0.99173
-1,0.99398
-1,0.99791
-1,0.89822
-1,0.9564
-1,1.013
-1,1.0239
-1,1.0045
-1,1.0074
-1,1.1107
-1,0.95605
-1,1.0411
-1,0.99844
-1,1.0309
-1,0.9854
-1,0.93249
-1,0.98147
-1,0.98749
-1,1.0449
-1,1.0233
-1,0.90995
-1,0.98228
-1,1.0431
-1,0.94749
-1,1.0123
-1,0.96074
-1,0.99914
-1,0.90589
-1,0.99639
-1,0.90035
-1,0.98134
-1,0.93669
-1,0.96612
-1,1.0683
-1,1.0005
-1,0.86068
-1,1.0001
-1,0.97714
-1,0.96721
-1,0.94989
-1,0.99046
-1,0.89395
-1,0.99657
-1,0.97193
-1,0.88281
-1,1.0454
-1,1.0018
-1,0.92245
-1,1.013
-1,0.98199
-1,1.0321
-1,0.94586
-1,0.90735
-1,0.98463
-1,1.0614
-1,0.93698
-1,1.0276
-1,0.96268
-1,0.95012
-1,1.0257
-1,0.93125
-1,0.9734
-1,1.0193
-1,0.99915
-1,1.0033
-1,1.042
-1,0.97869
-1,0.99636
-1,1.0317
-1,0.99307
-1,0.98961
-1,0.89863
-1,1.0344
-1,0.97922
-1,0.99607
-1,1.0286
-1,0.93701
-1,1.0041
-1,0.96096
-1,0.99171
-1,1.0201
-1,1.0191
-1,1.0105
-1,1.035
-1,1.0134
-1,1.0384
-1,0.99661
-1,0.82043
-1,0.9139
-1,1.0285
-1,0.89141
-1,1.0276
-1,0.95923
-1,0.97854
-1,1.0111
-1,0.91526
-1,0.95938
-1,0.98457
-1,0.99529
-1,0.95972
-1,0.94083
-1,0.98305
-1,0.90102
-1,0.98863
-1,0.95745
-1,0.9842
-1,0.9878
-1,1.0272
-1,0.97904
-1,1.0209
-1,1.005
-1,0.90966
-1,1.0065
-1,0.97377
-1,0.93363
-1,1.0271
-1,1.0209
-1,1.0324
-1,0.98182
-1,1.0299
-1,1.1044
-1,0.93159
-1,0.97782
-1,1.008
-1,1.015
-1,0.99409
-1,0.98763
-1,1.0518
-1,0.93626
-1,0.98919
-1,1.0415
-1,1.0507
-1,0.9926
-1,0.94122
-1,0.91667
-1,1.1165
-1,1.0068
-1,1.0153
-1,0.99492
-1,0.96322
-1,1.0131
-1,0.91525
-1,0.97209
-1,1.1103
-1,0.97228
-1,0.97772
-1,1.0131
-1,0.90669
-1,0.99291
-1,0.99008
-1,1.0086
-1,1.0555
-1,1.004
-1,1.0334
-1,1.0042
-1,1.0115
-1,1.0184
-1,0.85351
-1,0.92179
-1,0.99122
-1,1.0062
-1,1.0063
-1,1.0089
-1,0.97151
-1,1.0065
-1,1.0315
-1,0.99076
-1,1.0001
-1,1.0313
-1,0.99358
-1,0.97965
-1,1.012
-1,0.95942
-1,1.0188
-1,0.97096
-1,1.0129
-1,1.0246
-1,0.94045
-1,0.88336
-1,0.92573
-1,0.99285
-1,0.906
-1,1.0654
-1,0.92192
-1,0.92723
-1,0.91846
-1,1.0478
-1,1.0339
-1,0.98023
-1,1.0119
-1,0.92787
-1,0.93374
-1,0.99631
-1,0.96579
-1,0.99046
-1,0.96239
-1,0.93198
-1,0.92113
-1,0.97422
-1,0.98868
-1,0.95248
-1,0.91889
-1,0.98534
-1,0.9909
-1,1.0069
-1,1.046
-1,0.97199
-1,1.0302
-1,0.87534
-1,1.0191
-1,1.0054
-1,1.0092
-1,0.97485
-1,1.0423
-1,0.99157
-1,0.98647
-1,0.99847
-1,0.92752
-1,0.95232
-1,1.0417
-1,0.99018
-1,1.0519
-1,0.941
-1,1.0581
-1,1.0018
-1,1.0147
-1,1.0017
-1,0.97396
-1,1.0444
-1,1.0337
-1,0.97959
-1,0.99385
-1,1.0122
-1,0.98941
-1,0.99453
-1,0.98631
-1,1.0242
-1,0.973
-1,0.97993
-1,0.9037
-1,0.95065
-1,1.005
-1,0.95813
-1,1.0419
-1,0.95905
-1,1.0178
-1,1.0036
-1,1.0076
-1,0.95868
-1,1.0145
-1,0.9939
-1,1.048
-1,1.0184
-1,0.98011
-1,0.94359
-1,1.0131
-1,0.99939
-1,0.90356
-1,0.94505
-1,0.99296
-1,1.0188
-1,1.0203
-1,0.98462
-1,0.98207
-1,0.97396
-1,0.94217
-1,0.99043
-1,1.0055
-1,1.0058
-1,1.0179
-1,1.0325
-1,0.91214
-1,1.036
-1,0.94652
-1,0.99633
-1,0.95892
-1,1.0154
-1,0.96094
-1,0.87163
-1,0.95443
-1,0.89103
-1,1.0458
-1,0.98932
-1,1.0006
-1,0.97889
-1,0.9735
-1,1.0188
-1,0.99971
-1,0.93552
-1,1.0273
-1,0.9399
-1,1.0355
-1,0.99993
-1,1.0344
-1,0.99128
-1,1.0548
-1,1.0278
-1,1.0465
-1,1.0641
-1,0.95809
-1,1.0605
-1,0.92976
-1,1.0235
-1,1.0501
-1,1.035
-1,1.0044
-1,1.0226
-1,0.95185
-1,1.0248
-1,0.98218
-1,1.0242
-1,1.0641
-1,0.99646
-1,0.99051
-1,1.0037
-1,0.98632
-1,0.9548
-1,0.97159
-1,0.99439
-1,1.0259
-1,1.1146
-1,1.0229
-1,0.95395
-1,0.99741
-1,0.98178
-1,0.88096
-1,1.0288
-1,1.0565
-1,0.97973
-1,0.95147
-1,1.0116
-1,0.9579
-1,0.95229
-1,1.0554
-1,1.0207
-1,0.9023
-1,1.005
-1,1.0106
-1,0.94976
-1,0.95997
-1,1.0028
-1,0.97781
-1,0.96665
-1,0.90636
-1,0.98554
-1,0.99855
-1,0.97963
-1,1.03
-1,1.0097
-1,1.0072
-1,1.0407
-1,1.0208
-1,1.0079
-1,0.93168
-1,1.063
-1,1.0258
-1,0.93711
-1,1.0116
-1,0.98371
-1,1.0207
-1,0.93428
-1,1.1231
-1,1.0229
-1,0.956
-1,0.9691
-1,1.0175
-1,1.0258
-1,0.88654
-1,1.0502
-1,1.0088
-1,1.0456
-1,1.0093
-1,0.94437
-1,0.99069
-1,0.91879
-1,1.0285
-1,1.0023
-1,1.0463
-1,0.9945
-1,1.0953
-1,1.0175
-1,0.96832
-1,0.97741
-1,1.0355
-1,0.98648
-1,0.95218
-1,0.97712
-1,0.98541
-1,0.97527
-1,0.91347
-1,0.99919
-1,1.0171
-1,0.99938
-1,0.96752
-1,1.0915
-1,0.97492
-1,0.99113
-1,0.97682
-1,0.95702
-1,1.0154
-1,0.88974
-1,1.0561
-1,0.99898
-1,0.92383
-1,0.98011
-1,0.98847
-1,0.99324
-1,0.93616
-1,0.96318
-1,0.93584
-1,1.0473
-1,1.0372
-1,1.0637
-1,1.0308
-1,1.0078
-1,0.97987
-1,1.0389
-1,0.98156
-1,1.0382
-1,1.0142
-1,0.95488
-1,0.94064
-1,1.0001
-1,1.0129
-1,1.0355
-1,1.0205
-1,0.89785
-1,1.0342
-1,0.86713
-1,0.99105
-1,0.98218
-1,0.99924
-1,1.051
-1,1.0138
-1,0.93987
-1,0.99248
-1,1.0168
-1,0.98666
-1,0.98333
-1,0.94677
-1,0.92282
-1,0.97426
-1,0.99183
-1,0.9436
-1,0.92304
-1,0.94266
-1,1.0698
-1,1.0575
-1,1.0058
-1,0.98417
-1,0.87673
-1,1.019
-1,0.9929
-1,1.0256
-1,1.0057
-1,0.9915
-1,0.91916
-1,0.99352
-1,0.97974
-1,0.97729
-1,0.96062
-1,0.89571
-1,1.0563
-1,0.86493
-1,0.97137
-1,0.97133
-1,1.0527
-1,1.0219
-1,0.88491
-1,0.97555
-1,1.0221
-1,0.95179
-1,1.0497
-1,1.0133
-1,0.99587
-1,0.94803
-1,1.0399
-1,0.91574
-1,1.0795
-1,1.0161
-1,0.98803
-1,1.028
-1,1.0212
-1,0.93336
-1,0.86495
-1,0.94351
-1,1.0142
-1,0.88898
-1,0.83166
-1,1.0515
-1,1.0297
-1,0.81536
-1,1.0189
-1,0.98303
-1,1.005
-1,0.94933
-1,0.87812
-1,0.99738
-1,0.9297
-1,0.98113
-1,0.97493
-1,0.95996
-1,0.94866
-1,0.99534
-1,0.87752
-1,0.96906
-1,0.9747
-1,1.0349
-1,0.9913
-1,0.957
-1,1.0255
-1,0.99655
-1,0.93706
-1,0.86239
-1,0.98832
-1,0.94589
-1,1.043
-1,0.98031
-1,0.97787
-1,1.0028
-1,1.0188
-1,0.96599
-1,1.0279
-1,0.96995
-1,1
-1,1.0274
-1,1.0002
-1,1.0368
-1,0.93746
-1,0.9624
-1,1.0392
-1,0.97901
-1,0.99718
-1,0.80667
-1,0.92732
-1,0.95982
-1,0.99271
-1,0.99727
-1,0.998
-1,1.021
-1,0.98343
-1,1.0286
-1,0.99167
-1,0.96465
-1,1.0169
-1,0.98385
-1,0.99715
-1,0.9838
-1,0.98192
-1,1.0077
-1,0.96875
-1,0.93371
-1,1.0146
-1,0.97152
-1,1.011
-1,1.0033
-1,0.90467
-1,0.98816
-1,1.0023
-1,1.0135
-1,1.0109
-1,0.9757
-1,1.0007
-1,1.0106
-1,0.96287
-1,0.9488
-1,0.97141
-1,0.91538
-1,1.0444
-1,1.034
-1,1.0526
-1,0.97484
-1,0.98462
-1,0.99633
-1,1.0486
-1,1.0216
-1,1.039
-1,1.1242
-1,1.0185
-1,1.0271
-1,1.0114
-1,0.9317
-1,0.97778
-1,0.92966
-1,0.96712
-1,0.98055
-1,0.98436
-1,1.0043
-1,0.99047
-1,1.0348
-1,0.98538
-1,0.86219
-1,0.91956
-1,1.0468
-1,0.91675
-1,0.99422
-1,0.99126
-1,1.0235
-1,0.96989
-1,0.94766
-1,0.98688
-1,1.0475
-1,1.0162
-1,0.94302
-1,0.98273
-1,0.97267
-1,0.80938
-1,0.96022
-1,0.93446
-1,0.97775
-1,0.96827
-1,1.0064
-1,1.0034
-1,0.98232
-1,0.98586
-1,0.9038
-1,0.99817
-1,1.0091
-1,0.93896
-1,0.9285
-1,0.99489
-1,0.97061
-1,1.0917
-1,0.98513
-1,1.0071
-1,0.98324
-1,0.9591
-1,0.93564
-1,0.94608
-1,1.0075
-1,0.99889
-1,0.99295
-1,0.93786
-1,1.0057
-1,1.0039
-1,1.0837
-1,1.0236
-1,0.8431
-1,1.0099
-1,0.97682
-1,1.0515
-1,1.0362
-1,1.0026
-1,1.0577
-1,0.97501
-1,1.0247
-1,1.0077
-1,0.979
-1,0.8751
-1,1.0068
-1,1.0072
-1,0.93296
-1,0.99707
-1,0.97473
-1,0.9805
-1,1.0149
-1,0.96348
-1,0.88376
-1,1.0761
-1,0.99319
-1,0.98519
-1,1.0182
-1,0.98429
-1,0.96616
-1,0.98694
-1,1.0878
-1,0.99451
-1,1.0495
-1,0.99623
-1,0.98418
-1,0.95669
-1,0.9038
-1,1.0177
-1,0.95208
-1,1.0181
-1,0.98831
-1,1.0403
-1,0.99889
-1,1.0431
-1,0.9978
-1,1.0358
-1,0.97211
-1,0.97003
-1,0.95717
-1,1.0222
-1,1.0196
-1,1.0354
-1,0.97236
-1,0.95674
-1,0.96464
-1,0.99416
-1,0.9621
-1,0.97306
-1,0.99461
-1,0.92489
-1,0.96277
-1,1.0196
-1,0.98856
-1,0.957
-1,0.92488
-1,0.97449
-1,0.98317
-1,1.0081
-1,0.93909
-1,0.95317
-1,0.99345
-1,0.97595
-1,1.0326
-1,1.0006
-1,0.93011
-1,1.073
-1,0.88263
-1,0.92743
-1,0.97268
-1,0.98178
-1,1.0008
-1,0.94779
-1,0.93169
-1,0.96735
-1,1.0899
-1,1.0118
-1,0.97602
-1,0.99161
-1,1.0861
-1,1.0473
-1,0.98166
-1,1.0343
-1,0.97612
-1,0.98844
-1,0.98347
-1,1.0082
-1,0.99145
-1,0.96436
-1,0.97559
-1,0.98041
-1,0.95463
-1,1.0106
-1,1.0577
-1,0.91641
-1,0.97546
-1,0.94858
-1,0.97841
-1,0.97315
-1,1.0538
-1,0.99212
-1,1.0148
-1,0.90131
-1,1.0263
-1,0.95552
-1,0.97377
-1,0.91853
-1,0.92672
-1,0.9164
-1,0.96696
-1,0.95854
-1,0.98706
-1,1.0418
-1,0.99283
-1,1.0061
-1,0.98875
-1,0.97123
-1,0.97931
-1,0.97009
-1,0.91779
-1,1.0398
-1,0.93666
-1,0.96209
-1,1.0182
-1,0.9956
-1,1.0041
-1,1.0259
-1,1.0166
-1,1.0401
-1,1.0572
-1,0.98073
-1,1.0315
-1,1.0289
-1,1.0094
-1,0.98932
-1,0.98727
-1,0.97422
-1,0.96575
-1,0.94356
-1,1.0227
-1,1.0225
-1,1.0001
-1,1.0306
-1,1.029
-1,1.0154
-1,0.94377
-1,1.0016
-1,1.0539
-1,1.0282
-1,0.93946
-1,1.0809
-1,1.0086
-1,0.99692
-1,1.0185
-1,1.011
-1,0.9606
-1,0.91345
-1,1.0486
-1,1.0004
-1,0.90983
-1,1.0049
-1,1.0031
-1,0.98276
-1,0.93135
-1,1.0215
-1,1.086
-1,0.98894
-1,0.98272
-1,0.93778
-1,0.95804
-1,1.0521
-1,0.92536
-1,1.0316
-1,0.92634
-1,1.0138
-1,0.9397
-1,0.98293
-1,1.0243
-1,0.90906
-1,1.0455
-1,0.89322
-1,0.9766
-1,1.0273
-1,0.98765
-1,0.92368
-1,0.88054
-1,0.93434
-1,0.93055
-1,1.0082
-1,0.99478
-1,0.99984
-1,0.95859
-1,1.0089
-1,0.92889
-1,0.99065
-1,0.98679
-1,0.97993
-1,0.93897
-1,0.78998
-1,0.97866
-1,1.0196
-1,0.99695
-1,1.0323
-1,1.0088
-1,0.93369
-1,1.0073
-1,0.92015
-1,0.97292
-1,0.98198
-1,1.0073
-1,0.95818
-1,0.96149
-1,0.99978
-1,0.93066
-1,1.0456
-1,0.81278
-1,0.96238
-1,0.70182
-1,0.97012
-1,0.99915
-1,0.93623
-1,0.97485
-1,1.0501
-1,1.004
-1,0.99514
-1,0.98701
-1,1.0042
-1,0.93163
-1,0.94439
-1,0.95014
-1,0.98345
-1,1.0026
-1,0.96411
-1,1.033
-1,0.82882
-1,0.99823
-1,0.96608
-1,0.94328
-1,1.0283
-1,0.97855
-1,0.96367
-1,0.84713
-1,0.86415
-1,0.92383
-1,0.9116
-1,0.92863
-1,0.95495
-1,0.99571
-1,1.0154
-1,0.95079
-1,1.0467
-1,0.83959
-1,0.96391
-1,1.0247
-1,0.88797
-1,0.941
-1,0.96048
-1,0.94816
-1,0.95734
-1,0.9723
-1,1.015
-1,1.042
-1,0.97666
-1,1.009
-1,1.0176
-1,0.96777
-1,0.93035
-1,1.0167
-1,1.0089
-1,0.89934
-1,0.98324
-1,0.98005
-1,1.0426
-1,0.96167
-1,0.98689
-1,0.91741
-1,0.98537
-1,0.96606
-1,1.0046
-1,1.0057
-1,0.94699
-1,1.021
-1,0.91329
-1,0.98589
-1,0.85881
-1,1.0348
-1,1.0007
-1,0.88199
-1,0.83522
-1,0.98912
-1,0.82093
-1,0.91404
-1,0.98131
-1,0.89326
-1,0.92541
-1,0.90142
-1,0.97189
-1,1.0399
-1,0.96523
-1,0.99197
-1,1.0134
-1,0.98853
-1,1.0338
-1,0.96931
-1,0.98024
-1,1.0054
-1,0.98442
-1,0.86857
-1,0.91347
-1,0.95747
-1,0.95805
-1,0.93801
-1,0.90365
-1,0.99679
-1,0.96631
-1,0.84689
-1,0.94315
-1,0.98986
-1,0.96802
-1,0.95905
-1,0.93738
-1,0.97099
-1,0.9705
-1,1.0373
-1,1.0199
-1,1.0406
-1,0.97842
-1,0.9718
-1,0.97392
-1,1.0171
-1,0.91611
-1,0.92802
-1,0.99626
-1,1.0059
-1,0.886
-1,0.97132
-1,1.0292
-1,0.83311
-1,1.0791
-1,0.82426
-1,0.98896
-1,0.99224
-1,0.95033
-1,1.0063
-1,0.94371
-1,0.88451
-1,1.0067
-1,0.9904
-1,0.9693
-1,0.99819
-1,0.87899
-1,0.97989
-1,0.80128
-1,0.95594
-1,0.9454
-1,0.9392
-1,0.98428
-1,0.95773
-1,0.99295
-1,0.96539
-1,1.0597
-1,1.0053
-1,0.94256
-1,1.0451
-1,0.96361
-1,1.029
-1,0.95204
-1,0.84292
-1,0.88348
-1,0.95778
-1,0.92003
-1,1.0704
-1,0.98176
-1,0.99076
-1,0.9914
-1,1.0096
-1,1.0099
-1,0.86995
-1,1.0228
-1,0.99011
-1,0.97226
-1,0.97027
-1,1.0222
-1,0.90097
-1,0.91678
-1,0.95415
-1,1.0094
-1,0.9332
-1,1.0122
-1,1.1187
-1,1.065
-1,0.92977
-1,0.95271
-1,0.88109
-1,0.97593
-1,0.97881
-1,0.94989
-1,0.91335
-1,0.8975
-1,0.90788
-1,0.98891
-1,0.96036
-1,1.0009
-1,1.0037
-1,0.9769
-1,0.97675
-1,0.92203
-1,0.90411
-1,0.92386
-1,0.9838
-1,1.004
-1,0.99977
-1,0.99251
-1,0.86518
-1,0.948
-1,1.0172
-1,1.0265
-1,1.012
-1,1.0196
-1,0.96601
-1,1.0078
-1,1.0287
-1,0.98002
-1,1.0014
-1,1.0054
-1,0.91364
-1,0.99156
-1,0.87945
-1,0.7752
-1,0.96259
-1,1.0098
-1,1.0224
-1,0.8468
-1,0.94115
-1,0.9773
-1,0.94012
-1,0.92838
-1,0.83674
-1,0.89664
-1,0.79906
-1,0.97201
-1,0.97313
-1,0.9493
-1,1.0417
-1,1.0141
-1,0.94514
-1,0.96283
-1,0.96975
-1,0.95043
-1,0.93639
-1,0.69294
-1,0.93162
-1,1.0125
-1,0.88805
-1,0.86388
-1,0.95873
-1,1.0025
-1,0.89609
-1,0.98589
-1,0.94817
-1,0.99817
-1,0.97642
-1,1.0082
-1,1.0279
-1,1.0112
-1,0.93146
-1,0.96586
-1,0.85616
-1,0.99318
-1,0.90008
-1,1.0577
-1,0.82389
-1,0.65459
-1,1.0136
-1,1.0026
-1,0.97986
-1,0.81055
-1,0.96937
-1,0.92826
-1,0.96002
-1,0.98337
-1,1.0396
-1,0.83038
-1,0.97971
-1,0.95834
-1,1.0355
-1,0.96636
-1,1.0132
-1,0.99193
-1,1.0146
-1,0.91777
-1,0.94263
-1,0.97448
-1,0.89947
-1,0.91789
-1,0.95848
-1,0.99018
-1,1.0389
-1,1.0011
-1,1.0084
-1,0.99453
-1,0.97218
-1,0.94452
-1,0.91693
-1,0.93698
-1,0.92847
-1,0.95678
-1,0.92342
-1,0.96969
-1,1.0437
-1,0.99864
-1,1.0007
-1,0.92874
-1,0.84576
-1,0.9348
-1,0.96641
-1,0.99791
-1,0.9508
-1,0.99874
-1,1.0893
-1,0.97645
-1,0.9972
-1,1.0855
-1,0.97153
-1,0.97872
-1,0.99203
-1,1.0117
-1,0.90063
-1,0.97944
-1,1.0013
-1,1.0159
-1,1.0064
-1,0.9612
-1,0.95546
-1,1.0129
-1,1.0473
-1,0.97188
-1,0.98165
-1,0.97872
-1,0.98881
-1,1.0399
-1,1.0634
-1,0.99695
-1,0.99355
-1,0.99101
-1,1.003
-1,1.0708
-1,0.95019
-1,0.9777
-1,0.98725
-1,0.97704
-1,0.81724
-1,0.98968
-1,0.93521
-1,0.99088
-1,0.90778
-1,1.0121
-1,0.9895
-1,0.94889
-1,1.0052
-1,1.0021
-1,0.98317
-1,0.92777
-1,0.94414
-1,0.9189
-1,0.98571
-1,0.97463
-1,0.92599
-1,0.93626
-1,0.93771
-1,0.91111
-1,0.89819
-1,0.96895
-1,0.93727
-1,0.95766
-1,0.80918
-1,0.97386
-1,0.99233
-1,1.1134
-1,1.0301
-1,0.93727
-1,0.94547
-1,0.99291
-1,0.91381
-1,0.97562
-1,0.96025
-1,1.0313
-1,0.99453
-1,0.92536
-1,0.78283
-1,0.98379
-1,0.93666
-1,1.0213
-1,0.83344
-1,0.88238
-1,0.998
-1,0.88365
-1,0.97789
-1,0.8652
-1,0.91501
-1,1.0113
-1,0.88016
-1,0.96609
-1,0.95227
-1,0.81182
-1,1.0346
-1,0.99826
-1,0.96313
-1,0.93959
-1,0.97609
-1,0.98948
-1,0.94141
-1,0.98458
-1,1.0049
-1,0.99937
-1,0.99569
-1,1.0027
-1,0.94965
-1,0.92548
-1,0.99069
-1,1.011
-1,0.92987
-1,0.92092
-1,0.95529
-1,0.83444
-1,0.92826
-1,0.96007
-1,1.0356
-1,0.9524
-1,0.99333
-1,0.90718
-1,0.99665
-1,0.9911
-1,0.81435
-1,0.96867
-1,0.9239
-1,0.95259
-1,1.0056
-1,1.0022
-1,1.0147
-1,1.0605
-1,0.85168
-1,0.93765
-1,1.0168
-1,0.94208
-1,0.97438
-1,1.0413
-1,1.012
-1,1.0037
-1,1.0168
-1,0.96183
-1,0.93468
-1,1.043
-1,0.98522
-1,0.91019
-1,0.88443
-1,0.96255
-1,1.0129
-1,0.96967
-1,0.94014
-1,0.96016
-1,0.96617
-1,0.96271
-1,1.0079
-1,0.97177
-1,0.99606
-1,1.0001
-1,0.93797
-1,1.0191
-1,0.93928
-1,0.90208
-1,0.88372
-1,0.98213
-1,0.87428
-1,0.96637
-1,0.88026
-1,0.94208
-1,0.93109
-1,0.97383
-1,0.95083
-1,0.99112
-1,0.84705
-1,0.95547
-1,0.99293
-1,0.90336
-1,0.93275
-1,1.0228
-1,0.93822
-1,0.92148
-1,0.65502
-1,0.95009
-1,0.80708
-1,0.97264
-1,0.97464
-1,0.8769
-1,0.90942
-1,0.89372
-1,0.87954
-1,1.0156
-1,0.94626
-1,0.93636
-1,0.99934
-1,0.90746
-1,0.90017
-1,1.0104
-1,0.80195
-1,0.93623
-1,0.99564
-1,0.97035
-1,0.94208
-1,0.74983
-1,0.93172
-1,0.9696
-1,0.96116
-1,0.91035
-1,0.99582
-1,0.94994
-1,0.87685
-1,0.91404
-1,0.96836
-1,0.86902
-1,0.99495
-1,0.97012
-1,1.0161
-1,0.74272
-1,0.87733
-1,0.97261
-1,0.95743
-1,1.0689
-1,0.70471
-1,1.0099
-1,0.95452
-1,1.0048
-1,0.94918
-1,0.85067
-1,0.98113
-1,0.96916
-1,0.6912
-1,0.87214
-1,0.88568
-1,0.92609
-1,0.93121
-1,0.92094
-1,0.90708
-1,0.90566
-1,1.0054
-1,0.98295
-1,1.0147
-1,0.97774
-1,0.81326
-1,0.93315
-1,0.96749
-1,0.90392
-1,0.94367
-1,0.88239
-1,0.98347
-1,0.88909
-1,0.88992
-1,0.88395
-1,0.99401
-1,0.96384
-1,1.0007
-1,0.92449
-1,0.94206
-1,1.0299
-1,0.90077
-1,0.96586
-1,0.95371
-1,0.93267
-1,0.98366
-1,0.94766
-1,0.99149
-1,0.94412
-1,0.96726
-1,0.94597
-1,1.0384
-1,1.0277
-1,0.92662
-1,0.90677
-1,0.97272
-1,1.0129
-1,0.94512
-1,0.96366
-1,0.92932
-1,0.95801
-1,0.89604
-1,1.0075
-1,1.0093
-1,0.92424
-1,0.98418
-1,0.93431
-1,1.0193
-1,0.9552
-1,1.0315
-1,0.72922
-1,0.98364
-1,1.0145
-1,1.0067
-1,1.013
-1,0.9687
-1,1.0119
-1,0.89044
-1,0.96342
-1,0.95883
-1,0.95971
-1,0.98431
-1,0.96697
-1,1.0269
-1,0.97614
-1,0.96189
-1,0.95189
-1,0.94783
-1,1.0103
-1,1.0146
-1,0.93454
-1,0.97418
-1,0.95302
-1,1.0271
-1,0.95434
-1,1.0081
-1,1.0878
-1,1.0485
-1,0.95656
-1,1.0853
-1,0.94137
-1,0.99213
-1,0.91996
-1,0.91356
-1,0.90228
-1,0.93644
-1,0.95084
-1,0.99617
-1,0.92842
-1,0.96561
-1,0.91877
-1,0.92097
-1,0.93328
-1,0.9468
-1,0.96616
-1,1.0162
-1,0.98458
-1,1.0262
-1,0.96147
-1,0.99129
-1,0.96758
-1,0.96855
-1,0.92284
-1,0.93476
-1,0.9006
-1,0.92767
-1,0.93379
-1,0.8515
-1,0.94023
-1,0.90932
-1,0.99103
-1,0.99744
-1,0.96585
-1,1.0209
-1,1.0172
-1,0.91883
-1,0.94774
-1,0.89515
-1,0.97851
-1,0.98798
-1,0.92035
-1,0.97889
-1,0.89481
-1,0.94285
-1,1.024
-1,1.0879
-1,0.78337
-1,1.0234
-1,0.9755
-1,0.8602
-1,0.96141
-1,0.90609
-1,0.74928
-1,0.96444
-1,0.87473
-1,0.99354
-1,0.94291
-1,0.92965
-1,0.95295
-1,0.98748
-1,0.99688
-1,1.0649
-1,1.0085
-1,1.0041
-1,1.0124
-1,0.99301
-1,0.97188
-1,0.99518
-1,1.1667
-1,0.94554
-1,0.94491
-1,0.91627
-1,0.9597
-1,0.91709
-1,0.91274
-1,0.91437
-1,0.92868
-1,0.9739
-1,0.98327
-1,0.96676
-1,0.98914
-1,0.95833
-1,1.0031
-1,0.90881
-1,0.9719
-1,0.84983
-1,0.91002
-1,0.94923
-1,0.95698
-1,0.97973
-1,0.97256
-1,0.90038
-1,1.0177
-1,0.92674
-1,0.92633
-1,0.97839
-1,0.98634
-1,0.97158
-1,0.87739
-1,1.032
-1,0.98594
-1,1.0044
-1,0.91815
-1,1.0159
-1,0.90246
-1,0.93508
-1,0.91116
-1,0.96876
-1,0.99988
-1,0.90452
-1,1.0236
-1,1.0091
-1,0.7734
-1,0.81757
-1,0.9485
-1,0.9939
-1,0.87892
-1,1.0191
-1,1.0354
-1,0.92346
-1,0.93568
-1,0.89029
-1,0.99609
-1,0.84148
-1,0.9664
-1,0.9364
-1,1.0044
-1,1.0112
-1,0.96786
-1,0.90339
-1,0.90724
-1,0.87419
-1,0.94838
-1,0.85988
-1,1.0641
-1,0.98702
-1,0.92206
-1,0.92261
-1,0.863
-1,0.93687
-1,0.94146
-1,0.94953
-1,0.90525
-1,0.88218
-1,0.99629
-1,1.0222
-1,0.97874
-1,0.94448
-1,1.0092
-1,1.0055
-1,0.90644
-1,1.0375
-1,0.95584
-1,0.97184
-1,0.99494
-1,1.0328
-1,1.0437
-1,0.97758
-1,0.91281
-1,1.0249
-1,1.0296
-1,0.947
-1,1.0443
-1,0.90211
-1,0.96416
-1,1.0135
-1,0.96819
-1,1.0245
-1,0.82861
-1,0.94704
-1,1.0058
-1,0.97257
-1,0.9786
-1,0.9468
-1,0.9515
-1,0.9789
-1,0.99819
-1,0.96529
-1,0.9749
-1,0.99482
-1,0.98573
-1,0.99036
-1,0.94831
-1,0.98016
-1,1.0034
-1,0.9997
-1,0.9167
-1,0.93324
-1,1.0306
-1,0.9618
-1,1.0324
-1,0.89369
-1,0.90276
-1,0.92427
-1,0.96154
-1,1.0424
-1,0.92563
-1,0.9534
-1,0.96551
-1,0.87528
-1,0.98091
-1,1.019
-1,0.95031
-1,0.96745
-1,1.0293
-1,0.96197
-1,0.91474
-1,0.99552
-1,0.92525
-1,0.97872
-1,1.0655
-1,1.0198
-1,1.0403
-1,0.95831
-1,1.0049
-1,1.0439
-1,0.94777
-1,1.0014
-1,1.0955
-1,0.91991
-1,0.94614
-1,1.0255
-1,0.95812
-1,0.89974
-1,0.94933
-1,0.79661
-1,1.0258
-1,0.95645
-1,0.91013
-1,0.97604
-1,0.9959
-1,0.93796
-1,0.90721
-1,1.0532
-1,0.82696
-1,0.9904
-1,1.0414
-1,0.90914
-1,0.92788
-1,0.98267
-1,1.024
-1,1.0738
-1,0.9994
-1,1.0367
-1,0.82376
-1,0.97008
-1,0.95601
-1,1.0244
-1,1.0195
-1,0.8917
-1,0.98196
-1,0.94874
-1,0.96987
-1,1.0379
-1,0.70804
-1,1.0458
-1,0.92959
-1,0.6935
-1,1.0151
-1,1.0582
-1,1.0927
-1,0.97112
-1,0.93584
-1,0.97606
-1,0.96333
-1,0.98666
-1,0.98693
-1,0.8745
-1,0.88456
-1,0.85245
-1,0.98402
-1,0.81132
-1,0.93999
-1,0.93801
-1,0.92081
-1,0.99151
-1,1.02
-1,0.97668
-1,0.99065
-1,0.99001
-1,0.9747
-1,0.91649
-1,0.94409
-1,1.0085
-1,0.93519
-1,1.0237
-1,0.86246
-1,0.96062
-1,0.95618
-1,0.97533
-1,1.0176
-1,0.99925
-1,0.93198
-1,1.0527
-1,0.9694
-1,0.99754
-1,0.98319
-1,0.98713
-1,0.97627
-1,0.96845
-1,0.93302
-1,1.0028
-1,0.99456
-1,0.72519
-1,0.94827
-1,0.96354
-1,0.97848
-1,0.9903
-1,0.95827
-1,0.98755
-1,0.9493
-1,0.9647
-1,0.72175
-1,0.93514
-1,0.97456
-1,0.99792
-1,0.96599
-1,0.98747
-1,0.93913
-1,0.98714
-1,0.99672
-1,0.88165
-1,0.92398
-1,1.0066
-1,0.98895
-1,0.84942
-1,0.90859
-1,0.98622
-1,0.98431
-1,0.88448
-1,0.96008
-1,0.91756
-1,0.9148
-1,0.93125
-1,0.94698
-1,0.94747
-1,1.0017
-1,0.88218
-1,0.94919
-1,0.99635
-1,1.0082
-1,0.96684
-1,1.0037
-1,0.98481
-1,0.96701
-1,1.0026
-1,1.0627
-1,0.98353
-1,0.97188
-1,0.97246
-1,0.7548
-1,0.95995
-1,0.95665
-1,0.86833
-1,0.89141
-1,1.0151
-1,0.97208
-1,0.9098
-1,0.96412
-1,0.90862
-1,0.8691
-1,1.0814
-1,1.0132
-1,0.9211
-1,0.986
-1,0.88727
-1,0.99614
-1,0.97339
-1,0.86319
-1,0.89279
-1,0.97447
-1,0.99924
-1,1.0153
-1,1.1
-1,0.94444
-1,0.94595
-1,0.96809
-1,0.92598
-1,0.90321
-1,0.97137
-1,1.0111
-1,0.94882
-1,0.94731
-1,0.94049
-1,0.99746
-1,1.0229
-1,0.97547
-1,1.0379
-1,1.0157
-1,1.017
-1,0.90206
-1,0.95949
-1,1.0032
-1,0.99718
-1,0.88449
-1,0.93668
-1,0.94607
-1,1.0045
-1,0.95108
-1,0.88224
-1,0.97917
-1,1.0066
-1,1.0381
-1,0.94972
-1,1.084
-1,0.97212
-1,0.97026
-1,0.96964
-1,0.92663
-1,0.99431
-1,0.94288
-1,0.91988
-1,0.90706
-1,0.95513
-1,0.92352
-1,1.0177
-1,0.94027
-1,0.95582
-1,1.0098
-1,1.0337
-1,0.86894
-1,1.0978
-1,1.0295
-1,0.95162
-1,0.98736
-1,0.93758
-1,0.86235
-1,0.94914
-1,0.95244
-1,0.96516
-1,0.90861
-1,0.8438
-1,0.94127
-1,0.91613
-1,0.77466
-1,0.93372
-1,0.95607
-1,1.0006
-1,1.0312
-1,1.0082
-1,0.85819
-1,0.99552
-1,0.97245
-1,0.95963
-1,1.0038
-1,0.98991
-1,0.96258
-1,0.96889
-1,0.87537
-1,0.96925
-1,1.0015
-1,1.0093
-1,0.95732
-1,0.99371
-1,0.97396
-1,0.94232
-1,0.83711
-1,0.9611
-1,1.0097
-1,0.99654
-1,0.99212
-1,0.95898
-1,0.86504
-1,0.91948
-1,0.8342
-1,0.9886
-1,0.91207
-1,0.97588
-1,0.86167
-1,0.87744
-1,1.026
-1,0.98227
-1,0.88573
-1,1.0119
-1,0.98284
-1,0.99515
-1,0.95627
-1,0.96633
-1,1.0203
-1,0.97978
-1,0.99585
-1,0.92623
-1,0.92363
-1,0.98647
-1,1.0144
-1,1.0134
-1,0.9289
-1,0.97188
-1,0.89741
-1,1.0392
-1,1.0245
-1,0.97167
-1,0.94627
-1,0.94226
-1,0.98549
-1,0.9667
-1,0.84318
-1,0.97718
-1,1.0073
-1,1.0216
-1,1.0027
-1,1.0167
-1,0.98084
-1,0.88995
-1,0.94758
-1,0.95987
-1,0.95051
-1,1.0222
-1,1.052
-1,0.94119
-1,1.0292
-1,0.95683
-1,0.93483
-1,0.97944
-1,1.0137
-1,0.92857
-1,0.99279
-1,0.92372
-1,0.9711
-1,0.96158
-1,0.92978
-1,0.93469
-1,0.98956
-1,0.99037
-1,0.92173
-1,1.0052
-1,0.92822
-1,0.98911
-1,0.98288
-1,1.0017
-1,0.94324
-1,0.93812
-1,0.97303
-1,1.0018
-1,0.96807
-1,0.95591
-1,0.89736
-1,0.97241
-1,0.92198
-1,0.99688
-1,0.86983
-1,0.97649
-1,0.91369
-1,1.0348
-1,0.97016
-1,1.0138
-1,0.87947
-1,1.0255
-1,0.93587
-1,0.93618
-1,1.0074
-1,0.99283
-1,0.96909
-1,1.0044
-1,0.99092
-1,0.96269
-1,0.97736
-1,1.0053
-1,1.0053
-1,0.96115
-1,0.99396
-1,1.0742
-1,0.96781
-1,0.93704
-1,0.92867
-1,1.0129
-1,0.97147
-1,0.99215
-1,0.9578
-1,0.97649
-1,1.0118
-1,1.0168
-1,1.0104
-1,0.86774
-1,0.93363
-1,0.99384
-1,0.96811
-1,0.99737
-1,0.93703
-1,1.0244
-1,0.83691
-1,0.9299
-1,0.88096
-1,0.968
-1,0.95862
-1,1.0063
-1,0.78822
-1,0.94866
-1,0.91478
-1,1.0161
-1,1.0075
-1,1.0394
-1,0.92342
-1,0.97486
-1,0.99496
-1,0.99102
-1,0.93124
-1,0.99659
-1,0.90238
-1,0.98546
-1,0.9429
-1,0.97219
-1,1.0136
-1,0.95885
-1,0.9508
-1,0.87144
-1,0.96718
-1,0.90329
-1,1.0174
-1,0.97511
-1,0.93061
-1,0.97039
-1,1.0874
-1,0.99684
-1,1.006
-1,0.93608
-1,0.91847
-1,0.76311
-1,1.0038
-1,1.0041
-1,0.93217
-1,1.0158
-1,0.96353
-1,0.94108
-1,0.97346
-1,0.94744
-1,0.97808
-1,0.91939
-1,1.0264
-1,0.883
-1,0.96248
-1,0.94473
-1,1.0695
-1,0.98581
-1,0.92
-1,0.979
-1,0.9814
-1,0.96148
-1,0.94173
-1,0.96424
-1,0.86734
-1,0.90857
-1,1.0024
-1,0.96713
-1,0.99037
-1,1.0506
-1,0.73115
-1,0.97858
-1,1.0183
-1,1.0065
-1,0.94817
-1,1.0042
-1,0.75099
-1,0.9729
-1,0.96675
-1,0.94387
-1,0.99598
-1,0.88754
-1,1.0639
-1,0.96504
-1,0.92777
-1,0.97465
-1,0.80571
-1,0.97357
-1,0.99689
-1,0.91876
-1,0.90705
-1,0.93896
-1,0.95253
-1,0.89069
-1,0.8187
-1,0.84228
-1,1.0064
-1,0.96924
-1,0.97114
-1,0.92272
-1,0.99089
-1,1.0805
-1,0.9765
-1,0.98702
-1,0.88044
-1,1.0212
-1,0.89153
-1,0.98972
-1,1.0353
-1,1.0171
-1,0.96619
-1,1.0174
-1,1.0085
-1,0.96104
-1,0.98484
-1,0.95482
-1,1.0724
-1,0.95582
-1,0.90848
-1,1.0185
-1,0.98867
-1,0.85282
-1,0.96844
-1,0.96592
-1,1.0027
-1,0.9751
-1,0.90759
-1,0.9359
-1,0.98781
-1,1.0492
-1,1.0436
-1,0.93225
-1,1.0164
-1,1.0096
-1,0.79479
-1,0.95718
-1,0.95
-1,0.98814
-1,1.0194
-1,0.97161
-1,0.99794
-1,0.94027
-1,0.94412
-1,1.0471
-1,0.99866
-1,0.94259
-1,0.83328
-1,1.0142
-1,0.94688
-1,0.95641
-1,0.93707
-1,0.88473
-1,0.78614
-1,0.89501
-1,0.91994
-1,0.94047
-1,0.98892
-1,0.96581
-1,1.0205
-1,0.96047
-1,0.85607
-1,0.80588
-1,1.0835
-1,0.91746
-1,0.94737
-1,0.99046
-1,0.841
-1,0.90767
-1,1.0098
-1,0.96434
-1,1.0083
-1,0.89107
-1,0.95762
-1,0.99095
-1,0.98431
-1,1.0166
-1,0.98433
-1,0.90898
-1,0.98157
-1,1.0064
-1,0.97054
-1,0.90566
-1,0.97233
-1,0.88086
-1,0.96717
-1,0.95053
-1,1.0182
-1,1.0258
-1,1.0263
-1,1.0165
-1,1.0025
-1,1.026
-1,0.9568
-1,0.86028
-1,0.98407
-1,0.93037
-1,1.0132
-1,0.83686
-1,0.92914
-1,0.97474
-1,0.99848
-1,1.0418
-1,0.98778
-1,0.97654
-1,0.82181
-1,0.87709
-1,0.94386
-1,0.9502
-1,0.93375
-1,1.0116
-1,0.93629
-1,0.9184
-1,1.0895
-1,0.94707
-1,0.99047
-1,0.8899
-1,0.9648
-1,0.97446
-1,0.88299
-1,0.83204
-1,0.82467
-1,0.93264
-1,1.0265
-1,1.0748
-1,1.0161
-1,1.0154
-1,0.86359
-1,0.85327
-1,0.88745
-1,0.94369
-1,0.98965
-1,0.89869
-1,1.037
-1,0.99058
-1,0.99097
-1,0.90658
-1,0.98542
-1,0.9461
-1,0.98893
-1,0.97684
-1,0.9883
-1,0.84739
-1,1.0102
-1,0.9518
-1,0.93424
-1,0.9661
-1,0.98454
-1,1.055
-1,1.0397
-1,1.0249
-1,0.97902
-1,0.94967
-1,0.9501
-1,1.0217
-1,0.98769
-1,1.0216
-1,1.0149
-1,1.0253
-1,0.94396
-1,0.96266
-1,1.0327
-1,0.97227
-1,0.99136
-1,0.95231
-1,1.0282
-1,0.91808
-1,0.91807
-1,0.98342
-1,1.086
-1,1.0384
-1,1.0055
-1,0.98734
-1,0.92332
-1,1.0194
-1,1.0227
-1,0.9965
-1,0.97736
-1,0.95109
-1,0.9736
-1,0.95099
-1,1.0118
-1,0.96052
-1,0.98764
-1,1.0089
-1,1.017
-1,0.96902
-1,0.98331
-1,0.99043
-1,0.98437
-1,0.98803
-1,0.98151
-1,0.98427
-1,1.0423
-1,1.0053
-1,0.93973
-1,0.98642
-1,0.98492
-1,1.0011
-1,0.99919
-1,0.97328
-1,0.96577
-1,1.043
-1,0.91117
-1,1.0194
-1,1.0344
-1,0.95758
-1,0.99241
-1,0.99874
-1,0.88681
-1,0.99403
-1,0.95084
-1,0.95049
-1,0.94606
-1,0.91858
-1,0.9757
-1,0.9672
-1,0.95895
-1,1.0562
-1,0.9939
-1,0.95042
-1,0.96289
-1,0.94059
-1,1.0101
-1,0.93129
-1,0.95018
-1,1.026
-1,0.99729
-1,0.97906
-1,1.0019
-1,0.99606
-1,0.95054
-1,1.0098
-1,0.99966
-1,0.98056
-1,1.0083
-1,1.0129
-1,0.998
-1,1.0281
-1,0.99101
-1,1.0326
-1,1.0106
-1,0.97996
-1,0.99305
-1,0.97995
-1,0.93677
-1,0.96512
-1,1.0028
-1,0.95811
-1,0.98997
-1,1.0193
-1,1.0003
-1,0.99303
-1,0.98205
-1,0.99305
-1,1.0333
-1,1.0189
-1,1.0507
-1,0.96291
-1,0.96243
-1,1.0075
-1,0.95716
-1,0.88417
-1,0.9699
-1,0.97612
-1,0.98296
-1,0.99274
-1,0.98718
-1,0.98961
-1,0.95783
-1,0.95848
-1,0.98225
-1,0.99778
-1,0.99343
-1,0.96509
-1,0.77607
-1,0.97396
-1,0.95015
-1,0.96489
-1,0.91026
-1,0.95852
-1,1.0224
-1,0.91632
-1,0.99414
-1,0.9652
-1,0.9886
-1,0.9741
-1,0.9549
-1,1.0093
-1,0.94722
-1,0.93803
-1,0.95132
-1,0.91544
-1,0.99467
-1,0.98051
-1,0.94708
-1,0.93153
-1,0.86413
-1,0.915
-1,0.93158
-1,0.86712
-1,0.85689
-1,0.9561
-1,0.93978
-1,0.92568
-1,0.97277
-1,0.80237
-1,1.0806
-1,1.0196
-1,0.89937
-1,0.99463
-1,1.0018
-1,1.0289
-1,0.97339
-1,0.95054
-1,0.92348
-1,0.93057
-1,0.92009
-1,0.94185
-1,1.0126
-1,0.9893
-1,0.85164
-1,0.93301
-1,0.95924
-1,0.90214
-1,0.99738
-1,1.0039
-1,0.99773
-1,0.93507
-1,0.92207
-1,0.93394
-1,0.94927
-1,0.98982
-1,0.99436
-1,0.95759
-1,1.0107
-1,0.86439
-1,0.93229
-1,0.96732
-1,0.97401
-1,0.90562
-1,0.81874
-1,0.87703
-1,0.88565
-1,0.93585
-1,0.91929
-1,0.90044
-1,0.88933
-1,1.0128
-1,0.9804
-1,0.93715
-1,1.0245
-1,1.0059
-1,0.94011
-1,0.96838
-1,0.92816
-1,0.94053
-1,0.93194
-1,0.99577
-1,0.94681
-1,0.904
-1,0.88638
-1,1.0105
-1,0.87999
-1,0.88143
-1,0.85744
-1,0.95481
-1,0.92858
-1,0.96131
-1,1.0009
-1,1.0183
-1,0.93479
-1,0.87534
-1,0.92264
-1,0.89814
-1,0.98351
-1,0.98774
-1,0.99747
-1,0.9635
-1,0.97437
-1,1.0089
-1,0.98928
-1,0.97776
-1,0.92921
-1,0.97013
-1,0.91924
-1,0.9876
-1,1.0288
-1,0.97347
-1,0.96599
-1,1.0332
-1,1.0125
-1,1.0481
-1,1.0316
-1,0.8987
-1,1.017
-1,0.92864
-1,0.98558
-1,0.95308
-1,1.0869
-1,0.9911
-1,1.0162
-1,0.99505
-1,0.93039
-1,0.89968
-1,0.92885
-1,1.0568
-1,1.1158
-1,0.94268
-1,0.91727
-1,0.97973
-1,1.0155
-1,0.93691
-1,0.98381
-1,1.0097
-1,1.022
-1,1.0071
-1,1.0206
-1,1.0409
-1,0.97864
-1,0.98113
-1,0.98747
-1,0.97569
-1,1.0029
-1,1.0013
-1,0.97679
-1,0.99182
-1,0.93227
-1,0.94397
-1,1.0434
-1,0.89048
-1,0.94677
-1,0.97565
-1,1.0106
-1,0.95602
-1,1.0319
-1,0.99076
-1,0.95087
-1,0.94067
-1,1.0166
-1,1.0547
-1,0.93755
-1,0.96869
-1,1.0848
-1,1.0084
-1,0.95279
-1,0.98043
-1,0.85427
-1,0.97568
-1,0.97354
-1,0.97962
-1,0.92793
-1,1.0184
-1,0.84631
-1,1.0014
-1,0.89356
-1,1.032
-1,1.0362
-1,1.0461
-1,1.0294
-1,0.89465
-1,0.99342
-1,1.0126
-1,0.97034
-1,0.95611
-1,0.98831
-1,1.0089
-1,0.98486
-1,1.0096
-1,0.87826
-1,0.993
-1,0.95323
-1,0.95077
-1,0.96223
-1,0.94834
-1,0.92139
-1,0.99045
-1,0.94534
-1,0.92294
-1,0.9177
-1,0.91198
-1,0.88688
-1,0.94391
-1,1.0041
-1,1.0011
-1,0.98685
-1,0.92877
-1,0.98612
-1,1.0777
-1,0.91743
-1,0.98272
-1,0.97665
-1,0.80195
-1,0.95869
-1,1.0021
-1,0.95982
-1,0.99563
-1,0.95662
-1,0.97961
-1,1.0352
-1,1.0171
-1,0.91625
-1,1.063
-1,1.07
-1,1.0055
-1,1.0041
-1,0.95464
-1,1.0025
-1,0.99891
-1,1.0175
-1,1.1094
-1,1.0161
-1,1.0219
-1,0.98286
-1,0.97594
-1,1.0243
-1,0.99823
-1,1.007
-1,0.9532
-1,0.99086
-1,1.1266
-1,1.0234
-1,1.0521
-1,1.0159
-1,1.0022
-1,1.0064
-1,1.0695
-1,1.0276
-1,0.93188
-1,0.99931
-1,1.0667
-1,0.96715
-1,1.0627
-1,1.0073
-1,0.96918
-1,1.0047
-1,1.0059
-1,1.0051
-1,1.0093
-1,0.96702
-1,1.0585
-1,1.0002
-1,0.98995
-1,0.96555
-1,1.0118
-1,1.0375
-1,1.0317
-1,1.0968
-1,1.0077
-1,1.0253
-1,1.0068
-1,0.99236
-1,1.0581
-1,1.0492
-1,1.0101
-1,0.99891
-1,1.0631
-1,0.97399
-1,0.99833
-1,0.92886
-1,0.94677
-1,1.0013
-1,1.0786
-1,1.0072
-1,0.95541
-1,1.0132
-1,1.0958
-1,0.94248
-1,1.0896
-1,1.0055
-1,1.0558
-1,0.99924
-1,1.0417
-1,0.9795
-1,1.0136
-1,0.99376
-1,0.93858
-1,0.99254
-1,1.0426
-1,0.9885
-1,0.96102
-1,1.0232
-1,0.91428
-1,0.88843
-1,0.95348
-1,0.99212
-1,1.0169
-1,0.99391
-1,0.98699
-1,1.0135
-1,0.99149
-1,0.96201
-1,0.95934
-1,1.021
-1,0.97044
-1,0.89482
-1,1.0135
-1,0.98446
-1,1.0196
-1,1.0023
-1,0.96588
-1,0.9885
-1,0.97053
-1,0.98481
-1,0.99349
-1,1.0387
-1,1.0018
-1,0.97311
-1,1.0315
-1,1.0002
-1,0.99443
-1,0.94368
-1,0.99809
-1,0.97773
-1,0.96295
-1,0.99433
-1,1.012
-1,0.97591
-1,0.94027
-1,1.0203
-1,1.079
-1,1.0756
-1,1.0177
-1,1.0024
-1,0.99031
-1,0.99725
-1,1.0194
-1,0.98264
-1,0.96736
-1,0.96317
-1,1.002
-1,1.008
-1,0.96713
-1,0.98643
-1,0.97528
-1,1.0489
-1,1.006
-1,1.0153
-1,0.97513
-1,0.97307
-1,0.96191
-1,0.97655
-1,0.96463
-1,0.9744
-1,0.96328
-1,1.0294
-1,0.9752
-1,1.0138
-1,0.84208
-1,0.99469
-1,0.96855
-1,1.0605
-1,0.98606
-1,0.96556
-1,1.0002
-1,0.97788
-1,1.0106
-1,0.95382
-1,0.91802
-1,0.96881
-1,0.94476
-1,1.0365
-1,1.0161
-1,0.96299
-1,0.97392
-1,0.97823
-1,0.86779
-1,0.98378
-1,0.96677
-1,0.97267
-1,1.011
-1,1.0252
-1,0.9713
-1,0.89705
-1,0.97497
-1,0.94116
-1,1.0215
-1,0.99536
-1,0.93747
-1,0.97044
-1,1.0113
-1,0.92361
-1,1.0865
-1,1.0541
-1,0.97994
-1,1.0084
-1,1.0252
-1,0.98073
-1,1.0422
-1,1.0258
-1,1.0203
-1,0.99849
-1,0.93917
-1,0.84837
-1,1.0277
-1,1.0216
-1,0.94393
-1,0.89207
-1,1.0056
-1,1.0125
-1,1.0545
-1,0.94181
-1,0.97467
-1,1.0095
-1,1.0732
-1,1.0602
-1,0.96338
-1,1.1008
-1,0.9677
-1,0.95859
-1,1.0369
-1,0.92404
-1,1.0241
-1,1.0744
-1,0.95975
-1,0.98463
-1,1.0262
-1,1.0433
-1,0.98752
-1,1.0114
-1,1.0113
-1,0.96995
-1,1.014
-1,1.0218
-1,1.0155
-1,1.0404
-1,0.92836
-1,0.98006
-1,1.0207
-1,0.99079
-1,1.0106
-1,0.93085
-1,1.0532
-1,0.97611
-1,0.90998
-1,1.0244
-1,1.0332
-1,1.0429
-1,0.99554
-1,1.0286
-1,0.9995
-1,1.0366
-1,0.99425
-1,0.97489
-1,1.0488
-1,0.9702
-1,1.0023
-1,0.99794
-1,1.0024
-1,0.91487
-1,1.0065
-1,1.0448
-1,0.99403
-1,1.0528
-1,1.04
-1,1.0125
-1,1.0115
-1,0.94628
-1,0.90687
-1,0.92471
-1,0.9598
-1,0.89601
-1,0.98895
-1,0.94829
-1,1.0033
-1,1.0421
-1,1.0198
-1,1.0213
-1,0.99158
-1,1.0003
-1,1.0149
-1,1.0814
-1,1.078
-1,1.0213
-1,1.0421
-1,0.98883
-1,1.0072
-1,1.0633
-1,1.0245
-1,0.99706
-1,1.0716
-1,1.0148
-1,0.96104
-1,1.0223
-1,0.88937
-1,0.99341
-1,0.97018
-1,1.0085
-1,1.0714
-1,1.0004
-1,0.98757
-1,1.0089
-1,0.91201
-1,0.96462
-1,0.95781
-1,0.97953
-1,1.0201
-1,0.99693
-1,0.94044
-1,1.0064
-1,0.98355
-1,0.97342
-1,1.029
-1,0.91557
-1,0.99198
-1,1.0517
-1,1.0164
-1,0.94143
-1,0.97774
-1,1.0015
-1,0.99343
-1,0.94906
-1,1.0091
-1,0.91867
-1,0.87744
-1,0.91608
-1,0.91973
-1,0.81092
-1,0.76374
-1,0.98426
-1,0.8306
-1,0.98971
-1,0.90826
-1,0.93275
-1,1.029
-1,0.92357
-1,0.94432
-1,1.0194
-1,0.95898
-1,0.92738
-1,0.9645
-1,1.0671
-1,1.0089
-1,1.0386
-1,0.95088
-1,0.91683
-1,0.9588
-1,1.0477
-1,1.0048
-1,1.0125
-1,0.90544
-1,0.98955
-1,1.0041
-1,1.1464
-1,1.0312
-1,1.0075
-1,1.0276
-1,0.98758
-1,0.97677
-1,1.0191
-1,1.0504
-1,1.0088
-1,0.95776
-1,0.98836
-1,0.96425
-1,0.92041
-1,0.97165
-1,1.0132
-1,1.0266
-1,0.98865
-1,0.99516
-1,0.95319
-1,0.92358
-1,1.0759
-1,1.0205
-1,0.95903
-1,0.9833
-1,1.0339
-1,0.94442
-1,0.97618
-1,0.94198
-1,1.0377
-1,1.0819
-1,0.91917
-1,1.033
-1,0.93948
-1,0.93807
-1,0.93697
-1,0.97108
-1,0.98045
-1,0.99721
-1,0.9795
-1,1.0426
-1,0.93763
-1,0.90647
-1,1.0058
-1,0.96976
-1,1.0126
-1,1.0186
-1,0.94253
-1,0.91293
-1,0.9557
-1,1.0022
-1,0.83632
-1,0.99705
-1,0.93618
-1,0.89382
-1,0.96613
-1,0.9834
-1,0.94875
-1,0.94086
-1,1.0083
-1,0.99251
-1,0.9848
-1,1.0198
-1,1.0152
-1,0.97444
-1,0.99404
-1,1.0114
-1,1.0084
-1,1.0103
-1,0.99762
-1,0.95736
-1,1.0142
-1,1.0271
-1,0.94976
-1,0.88888
-1,0.99775
-1,1.0257
-1,1.0162
-1,1.0121
-1,1.0489
-1,1.0326
-1,0.83757
-1,0.89661
-1,0.96185
-1,1.1091
-1,0.97389
-1,1.0452
-1,0.95674
-1,1.0391
-1,0.93576
-1,1.0349
-1,0.9971
-1,0.98912
-1,1.0119
-1,0.98976
-1,1.0308
-1,1.0007
-1,0.98293
-1,1.015
-1,1.0153
-1,0.99493
-1,1.0406
-1,0.96991
-1,0.97859
-1,1.1141
-1,0.93731
-1,0.983
-1,0.97208
-1,1.0715
-1,0.98625
-1,0.94909
-1,0.99865
-1,0.88398
-1,1.0359
-1,0.94303
-1,1.0448
-1,1.0021
-1,0.95947
-1,0.98465
-1,0.97956
-1,0.98733
-1,0.88338
-1,0.97509
-1,0.85951
-1,0.98231
-1,1.0148
-1,0.96785
-1,0.98659
-1,0.96862
-1,0.84709
-1,0.91467
-1,0.8809
-1,1.0134
-1,0.94238
-1,0.98665
-1,1.016
-1,1.0151
-1,0.91518
-1,0.91926
-1,0.98697
-1,1.0067
-1,1.0062
-1,0.99828
-1,1.0151
-1,0.98894
-1,0.98211
-1,1.0328
-1,0.97321
-1,1.043
-1,1.0263
-1,0.95816
-1,0.99624
-1,0.9367
-1,0.94386
-1,0.9275
-1,0.99538
-1,0.89113
-1,1.0415
-1,0.90092
-1,0.86528
-1,0.91874
-1,0.99311
-1,0.96872
-1,1.0264
-1,0.95926
-1,1.0011
-1,0.95428
-1,0.97277
-1,1.0238
-1,0.93079
-1,1.0245
-1,0.9704
-1,0.95869
-1,0.92923
-1,1.0319
-1,0.99715
-1,0.96635
-1,0.93488
-1,1.0168
-1,0.9453
-1,0.90987
-1,0.97832
-1,0.93595
-1,0.97871
-1,1.0018
-1,0.84907
-1,1.0232
-1,0.99069
-1,0.97904
-1,1.0361
-1,0.8819
-1,0.98374
-1,0.87838
-1,0.96131
-1,0.94223
-1,0.89801
-1,0.94845
-1,1.0605
-1,0.97445
-1,0.94454
-1,0.97931
-1,0.99046
-1,0.88467
-1,0.99081
-1,1.0236
-1,1.0261
-1,0.799
-1,1.0065
-1,0.99713
-1,0.93769
-1,0.91536
-1,1.0328
-1,1.0358
-1,0.95994
-1,1.0076
-1,0.90049
-1,0.91743
-1,0.90522
-1,0.98651
-1,1.0027
-1,0.97963
-1,1.0076
-1,0.98517
-1,0.96833
-1,0.94336
-1,1.0022
-1,0.9962
-1,0.97507
-1,1.0183
-1,1.0305
-1,1.01
-1,1.056
-1,1.0568
-1,1.0032
-1,0.97825
-1,0.91578
-1,0.89603
-1,1.0185
-1,0.8979
-1,0.85547
-1,0.90956
-1,0.92868
-1,0.98047
-1,1.036
-1,1.0152
-1,1.039
-1,1.0139
-1,0.68234
-1,1.0263
-1,1.0143
-1,1.0057
-1,0.99433
-1,0.99452
-1,0.91215
-1,0.77693
-1,0.88184
-1,1.0422
-1,0.89487
-1,0.982
-1,0.88346
-1,0.97206
-1,0.98755
-1,1.0086
-1,0.86235
-1,0.95495
-1,0.96489
-1,1.0005
-1,0.84015
-1,0.9494
-1,0.91834
-1,1.0264
-1,0.99699
-1,0.96056
-1,1.0301
-1,0.95302
-1,1.0403
-1,1.0506
-1,0.99666
-1,0.97567
-1,1.0871
-1,0.92879
-1,1.0061
-1,0.96131
-1,0.90924
-1,0.96296
-1,1.0658
-1,0.86749
-1,0.94911
-1,1.0569
-1,1.0138
-1,0.95192
-1,1.0315
-1,0.98376
-1,1.0303
-1,1.0008
-1,0.94391
-1,1.0168
-1,1.0413
-1,1.0285
-1,1.017
-1,0.97749
-1,0.98281
-1,0.97263
-1,0.94413
-1,0.97877
-1,0.84125
-1,1.0127
-1,1.0469
-1,1.0122
-1,0.98765
-1,1.0352
-1,0.99907
-1,0.97897
-1,0.97879
-1,0.99612
-1,1.0132
-1,0.97352
-1,0.98255
-1,0.89732
-1,1.0279
-1,0.97177
-1,0.99857
-1,0.87913
-1,1.0033
-1,0.92666
-1,0.99397
-1,1.0939
-1,0.98135
-1,1.0169
-1,0.9634
-1,0.97126
-1,0.93995
-1,0.9946
-1,0.94505
-1,1.0311
-1,0.97727
-1,0.8742
-1,0.95904
-1,0.95724
-1,0.98265
-1,0.86074
-1,0.96247
-1,0.97538
-1,0.9727
-1,0.95147
-1,0.88911
-1,0.85434
-1,0.93175
-1,0.92591
-1,1.0464
-1,1.136
-1,1.0423
-1,0.96239
-1,1.0319
-1,0.99039
-1,1.0028
-1,0.96701
-1,1.0515
-1,0.98942
-1,0.98328
-1,0.99149
-1,0.93352
-1,1.0562
-1,0.92144
-1,0.97501
-1,0.91374
-1,0.94506
-1,1.0157
-1,0.95324
-1,0.88661
-1,1.0183
-1,1.0069
-1,0.95231
-1,0.98669
-1,0.98406
-1,1.0369
-1,0.99559
-1,0.98208
-1,0.93267
-1,0.99198
-1,1.0115
-1,0.98617
-1,1.0413
-1,0.9351
-1,1.0145
-1,0.89472
-1,0.69178
-1,0.89102
-1,0.78065
-1,1.0214
-1,0.88577
-1,0.97928
-1,0.97271
-1,1.0209
-1,0.96818
-1,0.98799
-1,0.96242
-1,1.1129
-1,0.94419
-1,1.0092
-1,0.9589
-1,1.0235
-1,1.0583
-1,0.92578
-1,1.0206
-1,0.9946
-1,0.97307
-1,1.0229
-1,0.99148
-1,0.96691
-1,1.0032
-1,0.97335
-1,0.87135
-1,1.1245
-1,0.86281
-1,0.95413
-1,1.0201
-1,1.0077
-1,0.99222
-1,0.99469
-1,0.98335
-1,0.94821
-1,0.98712
-1,1.0228
-1,1.0137
-1,1.0481
-1,0.97309
-1,1.0629
-1,0.97186
-1,0.93852
-1,0.97682
-1,0.97652
-1,0.98562
-1,1.0419
-1,0.94655
-1,0.88886
-1,0.9036
-1,1.0406
-1,0.89227
-1,1.0461
-1,0.9101
-1,0.81532
-1,0.95788
-1,1.0579
-1,0.89861
-1,0.88335
-1,1.0134
-1,1.0551
-1,0.96964
-1,0.90907
-1,0.99587
-1,0.95562
-1,0.91752
-1,0.98094
-1,0.99984
-1,0.88133
-1,1.0362
-1,0.95487
-1,0.89692
-1,0.96231
-1,0.97088
-1,0.94996
-1,0.91585
-1,0.90696
-1,0.88499
-1,0.8117
-1,0.98169
-1,1.0013
-1,0.9442
-1,0.98215
-1,0.95044
-1,0.97607
-1,0.98525
-1,0.93407
-1,0.83782
-1,0.96078
-1,1.084
-1,0.975
-1,0.99626
-1,0.92034
-1,0.97633
-1,0.96686
-1,0.97421
-1,1.0149
-1,0.94939
-1,0.87132
-1,0.99585
-1,1.0039
-1,0.99803
-1,0.95806
-1,0.90332
-1,0.99343
-1,0.90248
-1,0.97697
-1,1.0493
-1,0.96127
-1,0.76736
-1,0.9533
-1,0.93235
-1,0.96001
-1,0.99191
-1,1.0136
-1,0.88991
-1,1.0273
-1,0.99894
-1,0.93731
-1,0.95019
-1,0.96606
-1,1.0182
-1,0.98885
-1,0.96641
-1,1.0266
-1,1.0031
-1,0.94021
-1,0.98624
-1,1.009
-1,0.96466
-1,0.92398
-1,1.0536
-1,0.96926
-1,0.99584
-1,0.96155
-1,0.95632
-1,0.95889
-1,0.80705
-1,0.99785
-1,0.92937
-1,0.99547
-1,1.0072
-1,1.0227
-1,0.96946
-1,0.9499
-1,0.99706
-1,1.0715
-1,1.0173
-1,1.0281
-1,1.0074
-1,0.97366
-1,1.0571
-1,1.0289
-1,0.98415
-1,0.98481
-1,1.0492
-1,0.87762
-1,0.92541
-1,1.0236
-1,0.9102
-1,0.95799
-1,0.98901
-1,1.0837
-1,1.0112
-1,1.0098
-1,0.98205
-1,0.9782
-1,0.98421
-1,0.96717
-1,0.9888
-1,1.0591
-1,0.97508
-1,0.98521
-1,1.0411
-1,0.96206
-1,1.004
-1,0.9563
-1,0.9553
-1,0.9433
-1,0.98424
-1,1.0366
-1,0.96477
-1,0.88056
-1,0.91632
-1,0.96089
-1,0.9284
-1,0.9732
-1,1.0023
-1,1.0343
-1,1.007
-1,1.0125
-1,0.96765
-1,0.94763
-1,1.0031
-1,1.0002
-1,0.93734
-1,1.0038
-1,1.053
-1,0.93778
-1,0.92118
-1,0.97469
-1,0.98852
-1,1.0068
-1,0.97104
-1,0.99958
-1,0.96896
-1,0.85695
-1,0.97989
-1,1.0049
-1,0.93634
-1,1.0201
-1,0.98323
-1,1.0088
-1,0.9604
-1,0.92761
-1,1.0268
-1,0.94735
-1,0.99836
-1,1.0262
-1,0.93365
-1,0.97646
-1,0.93846
-1,0.95781
-1,0.88872
-1,0.99303
-1,0.99496
-1,1.015
-1,1.028
-1,0.95822
-1,0.99044
-1,0.96655
-1,1.0036
-1,1.007
-1,0.97833
-1,0.95017
-1,1.0115
-1,0.95352
-1,0.96978
-1,0.9829
-1,0.99279
-1,0.9971
-1,0.96641
-1,1.004
-1,0.95495
-1,0.95147
-1,1.0346
-1,0.92459
-1,0.98713
-1,1.011
-1,0.91881
-1,0.96292
-1,0.9233
-1,0.99468
-1,0.99879
-1,1.0322
-1,0.99932
-1,1.0408
-1,0.96065
-1,0.97919
-1,0.83526
-1,1.0533
-1,0.95373
-1,1.0088
-1,1.0236
-1,1.0338
-1,1.0049
-1,0.99232
-1,0.97906
-1,1.0143
-1,0.95592
-1,1.015
-1,0.98951
-1,0.96848
-1,0.93553
-1,1.0264
-1,1.0236
-1,0.96099
-1,0.94806
-1,0.96904
-1,0.99247
-1,0.96741
-1,0.91592
-1,0.96231
-1,0.94057
-1,0.93021
-1,1.0025
-1,0.97624
-1,0.87326
-1,0.97103
-1,1.0018
-1,0.96745
-1,0.99499
-1,0.78423
-1,0.92816
-1,0.9613
-1,0.96021
-1,0.92981
-1,0.94875
-1,0.98918
-1,1.0472
-1,0.84402
-1,0.97168
-1,0.95528
-1,0.91
-1,0.96447
-1,0.9158
-1,0.94102
-1,0.90601
-1,1.0129
-1,0.92402
-1,0.99249
-1,0.98641
-1,0.97481
-1,1.0121
-1,0.97674
-1,1.0175
-1,0.94761
-1,0.95975
-1,0.93234
-1,0.99367
-1,0.8984
-1,0.87923
-1,0.79087
-1,0.98997
-1,1.0158
-1,1.0206
-1,0.97847
-1,1.0356
-1,1.0222
-1,0.99783
-1,0.8885
-1,0.98378
-1,1.0311
-1,1.024
-1,1.0543
-1,0.9128
-1,0.97503
-1,1.0064
-1,1.006
-1,0.94816
-1,1.0345
-1,0.96955
-1,0.97543
-1,0.9037
-1,0.9777
-1,0.97338
-1,1.0021
-1,0.97991
-1,1.0001
-1,1.0177
-1,0.98735
-1,1.008
-1,0.97602
-1,1.002
-1,0.99184
-1,0.9299
-1,0.99261
-1,0.92221
-1,1.0234
-1,0.91261
-1,0.98647
-1,0.92843
-1,0.95878
-1,0.97972
-1,1.0125
-1,0.92946
-1,0.94196
-1,0.97195
-1,0.9807
-1,0.99786
-1,0.98135
-1,0.98931
-1,0.88316
-1,0.99957
-1,0.91106
-1,0.96916
-1,0.96885
-1,0.97921
-1,1.0447
-1,0.94924
-1,0.9844
-1,1.0078
-1,1.009
-1,0.91762
-1,0.93238
-1,0.91988
-1,1.0618
-1,0.94543
-1,1.0227
-1,0.96114
-1,0.99406
-1,0.82173
-1,1.0266
-1,0.80473
-1,0.933
-1,0.89416
-1,0.97694
-1,0.93164
-1,0.96494
-1,0.95338
-1,0.95667
-1,0.94231
-1,0.76839
-1,0.93551
-1,0.90819
-1,0.96417
-1,0.9727
-1,0.93666
-1,0.91758
-1,0.88214
-1,0.97891
-1,0.89755
-1,0.93959
-1,0.9389
-1,0.93297
-1,1.0175
-1,1.0064
-1,0.95852
-1,0.95286
-1,0.84129
-1,0.96104
-1,0.89468
-1,0.92308
-1,0.88781
-1,0.95947
-1,0.99517
-1,0.9912
-1,0.94228
-1,0.91646
-1,0.9805
-1,0.97983
-1,0.94527
-1,0.97289
-1,0.9485
-1,0.89723
-1,1.0569
-1,0.91733
-1,0.9503
-1,0.84721
-1,0.98593
-1,0.93586
-1,0.89699
-1,0.91954
-1,0.91404
-1,0.94032
-1,1.0215
-1,0.97767
-1,0.9781
-1,0.92265
-1,1.0516
-1,0.96954
-1,1.0103
-1,0.96599
-1,1.0718
-1,1.026
-1,0.99033
-1,0.95336
-1,0.91867
-1,1.0506
-1,0.97399
-1,0.83667
-1,0.92149
-1,1.021
-1,1.0218
-1,0.99475
-1,0.94107
-1,0.97959
-1,1.0164
-1,0.9062
-1,1.0465
-1,1.0086
-1,1.0752
-1,0.98631
-1,0.94293
-1,1.0824
-1,1.0262
-1,0.97364
-1,1.028
-1,1.0286
-1,0.96208
-1,1.0297
-1,1.0502
-1,0.97889
-1,1.0531
-1,1.0021
-1,1.0205
-1,1.055
-1,1.0235
-1,1.0071
-1,0.99893
-1,0.9503
-1,1.0516
-1,0.96597
-1,1.0133
-1,0.99636
-1,0.90044
-1,0.96562
-1,0.98885
-1,0.962
-1,1.0213
-1,1.0027
-1,1.0218
-1,1.0215
-1,1.0479
-1,1.0183
-1,1.0229
-1,0.99746
-1,0.98508
-1,0.98875
-1,0.9915
-1,0.99636
-1,1.0197
-1,0.97307
-1,1.014
-1,1.0823
-1,0.99431
-1,0.97794
-1,0.86983
-1,1.0093
-1,0.99258
-1,1.0146
-1,1.0282
-1,1.0236
-1,0.94238
-1,1.0018
-1,0.99612
-1,0.9509
-1,0.992
-1,1.0443
-1,0.9547
-1,0.92006
-1,1.0216
-1,0.9925
-1,0.98258
-1,0.99283
-1,1.0134
-1,0.9798
-1,1.0766
-1,0.96579
-1,0.9515
-1,1.0263
-1,0.95184
-1,0.98569
-1,0.99039
-1,0.72229
-1,1.0574
-1,0.98319
-1,0.99247
-1,0.93042
-1,0.97198
-1,0.99339
-1,0.98212
-1,1.0144
-1,0.99658
-1,0.99214
-1,0.97376
-1,0.9706
-1,0.98254
-1,0.94225
-1,1.0547
-1,1.0397
-1,0.96335
-1,0.84835
-1,0.938
-1,1.0748
-1,1.0021
-1,1.0005
-1,0.99694
-1,0.91353
-1,0.9717
-1,0.98876
-1,0.91233
-1,1.0023
-1,1.0182
-1,1.0046
-1,0.95257
-1,1.0019
-1,0.97768
-1,0.86947
-1,0.96406
-1,0.99009
-1,0.95714
-1,0.95057
-1,0.98848
-1,0.98517
-1,0.95848
-1,0.93059
-1,0.96722
-1,0.956
-1,1.0578
-1,0.93578
-1,0.93078
-1,0.92356
-1,1.0686
-1,1.0301
-1,0.92184
-1,1.0011
-1,0.9449
-1,1.0037
-1,0.97789
-1,0.93897
-1,0.99187
-1,0.92627
-1,0.91086
-1,0.99373
-1,0.94636
-1,1.015
-1,0.97235
-1,0.97659
-1,0.96879
-1,0.98
-1,0.95795
-1,0.95442
-1,1.0081
-1,0.95673
-1,0.98232
-1,0.96974
-1,1.0025
-1,0.99688
-1,0.89429
-1,0.90148
-1,0.93287
-1,0.93677
-1,0.99996
-1,0.9897
-1,1.0133
-1,0.98664
-1,1.0194
-1,0.97472
-1,1.045
-1,1.0463
-1,0.99129
-1,1.0024
-1,0.99791
-1,1.0407
-1,0.99806
-1,1.0107
-1,0.97769
-1,0.96649
-1,0.93386
-1,0.93387
-1,0.97147
-1,0.97459
-1,0.84946
-1,1.0188
-1,0.97664
-1,0.97851
-1,1.0083
-1,0.93619
-1,0.96698
-1,0.96162
-1,1.0677
-1,0.98517
-1,1.0252
-1,0.99093
-1,0.87608
-1,0.96941
-1,0.89185
-1,0.9199
-1,0.98691
-1,0.98246
-1,0.98411
-1,0.9779
-1,0.99583
-1,0.89217
-1,0.97192
-1,0.9379
-1,0.92456
-1,0.91584
-1,0.98712
-1,0.96255
-1,0.97616
-1,1.0251
-1,0.91535
-1,0.97177
-1,0.93632
-1,1.0306
-1,0.94623
-1,1.0149
-1,0.99324
-1,1.0511
-1,0.96085
-1,1.0291
-1,1.0281
-1,1.0706
-1,0.97348
-1,0.99984
-1,0.82197
-1,0.9326
-1,0.98014
-1,1.0085
-1,1.0014
-1,0.92786
-1,1.0269
-1,0.96795
-1,0.91884
-1,0.93138
-1,0.97804
-1,0.9199
-1,1.0002
-1,1.0226
-1,0.94455
-1,0.95977
-1,0.93627
-1,0.99891
-1,0.999
-1,0.93492
-1,0.94937
-1,1.0025
-1,0.87627
-1,1.026
-1,0.9343
-1,0.89032
-1,1.06
-1,1.0016
-1,1.0185
-1,0.97987
-1,0.99445
-1,1.0328
-1,1.028
-1,1.0088
-1,0.93947
-1,0.9887
-1,0.97663
-1,0.93502
-1,0.92253
-1,1.0266
-1,1.043
-1,1.0137
-1,0.9701
-1,0.9863
-1,1.0131
-1,1.1019
-1,0.99508
-1,0.86268
-1,0.98275
-1,0.99493
-1,0.93333
-1,1.011
-1,0.97159
-1,1.0155
-1,1.026
-1,1.0091
-1,0.97215
-1,1.0464
-1,0.95085
-1,1.0342
-1,0.9551
-1,0.99804
-1,0.97042
-1,1.0564
-1,0.92598
-1,1.0057
-1,0.95837
-1,0.98021
-1,0.9882
-1,0.88565
-1,1.0704
-1,0.93517
-1,0.89183
-1,0.92733
-1,0.98811
-1,0.99645
-1,0.94858
-1,1.025
-1,0.98609
-1,0.99321
-1,0.99945
-1,0.99356
-1,1.0052
-1,0.92587
-1,1.0143
-1,0.99848
-1,0.91802
-1,0.96767
-1,0.94368
-1,1.018
-1,0.96739
-1,1.0329
-1,0.95532
-1,0.95619
-1,0.98788
-1,0.96448
-1,0.99997
-1,0.85843
-1,0.95498
-1,0.92181
-1,0.97895
-1,0.9683
-1,0.94421
-1,1.0176
-1,0.91802
-1,1.0341
-1,0.9689
-1,0.91401
-1,1.0011
-1,0.94945
-1,1.0158
-1,0.95734
-1,0.98774
-1,0.89559
-1,0.93906
-1,1.0294
-1,0.96937
-1,0.96453
-1,1.0144
-1,0.98844
-1,0.90849
-1,0.96175
-1,0.97914
-1,1.0216
-1,0.9769
-1,0.91854
-1,0.87832
-1,0.85881
-1,0.98528
-1,0.9335
-1,0.89671
-1,0.98072
-1,1.0081
-1,0.98199
-1,0.99175
-1,0.99971
-1,0.97945
-1,0.9554
-1,0.96031
-1,0.97579
-1,1.0377
-1,1.009
-1,1.0364
-1,0.99664
-1,1.0626
-1,1.0138
-1,0.95133
-1,0.92724
-1,0.9648
-1,0.98441
-1,0.96257
-1,0.95349
-1,0.97464
-1,0.9866
-1,0.93211
-1,0.96494
-1,1.0153
-1,0.97407
-1,1.0017
-1,0.93055
-1,0.94596
-1,0.98932
-1,1.0198
-1,0.99912
-1,0.98838
-1,0.98879
-1,0.97568
-1,1.0086
-1,0.8571
-1,0.9633
-1,0.98804
-1,0.97575
-1,0.90805
-1,0.9557
-1,0.99958
-1,0.89058
-1,0.96968
-1,0.86854
-1,0.9684
-1,1.0199
-1,0.98561
-1,0.96513
-1,0.9856
-1,1.0189
-1,0.98757
-1,0.96366
-1,0.97107
-1,0.91302
-1,0.97002
-1,0.88428
-1,0.97303
-1,1.1014
-1,1.0192
-1,0.99914
-1,0.95875
-1,0.99588
-1,0.9233
-1,0.98376
-1,0.95475
-1,0.98734
-1,0.92987
-1,1.016
-1,0.99213
-1,1.0261
-1,0.99297
-1,0.96872
-1,0.89544
-1,1.0246
-1,1.1107
-1,0.97872
-1,1.0082
-1,1.0038
-1,0.89988
-1,0.97257
-1,0.97188
-1,0.90555
-1,1.0077
-1,1.0123
-1,0.96338
-1,0.97384
-1,0.96297
-1,0.95648
-1,0.8995
-1,0.86337
-1,1.0548
-1,1.034
-1,1.0096
-1,0.87868
-1,1.0641
-1,1.0094
-1,0.98022
-1,0.95594
-1,0.98408
-1,0.97365
-1,0.94078
-1,0.93486
-1,0.95565
-1,0.95995
-1,0.98678
-1,1.0087
-1,0.91461
-1,1.0284
-1,0.968
-1,1.0162
-1,1.0052
-1,0.94071
-1,0.97508
-1,0.86962
-1,1.0116
-1,0.9968
-1,0.95648
-1,0.96687
-1,1.0437
-1,0.98685
-1,1.0268
-1,0.98087
-1,1.0113
-1,0.96332
-1,0.96106
-1,1.0257
-1,1.0028
-1,1.0936
-1,0.99929
-1,0.99744
-1,0.93318
-1,0.93263
-1,1.019
-1,0.95455
-1,1.0221
-1,1.035
-1,0.96679
-1,0.97573
-1,0.95527
-1,0.96352
-1,0.94606
-1,1.0627
-1,0.98877
-1,1.0201
-1,0.99233
-1,0.96679
-1,1.0218
-1,0.94263
-1,0.92064
-1,0.99642
-1,1.0149
-1,1.0284
-1,0.99874
-1,0.989
-1,1.0156
-1,0.95647
-1,1.0015
-1,1.0227
-1,0.99136
-1,0.94835
-1,0.94434
-1,0.96558
-1,1.0021
-1,1.0149
-1,1.0181
-1,0.96922
-1,0.99863
-1,0.96417
-1,1.0323
-1,0.98512
-1,0.99169
-1,0.99389
-1,0.9271
-1,0.95089
-1,0.98812
-1,0.9273
-1,1.0004
-1,0.97285
-1,0.95168
-1,1.0132
-1,1.0243
-1,0.99982
-1,0.98954
-1,1.0307
-1,0.97039
-1,0.95631
-1,0.92655
-1,1.0142
-1,0.99891
-1,1.157
-1,0.87406
-1,1.0297
-1,0.97717
-1,1.0332
-1,0.93107
-1,1.0197
-1,0.91989
-1,0.98151
-1,0.96355
-1,1.0534
-1,0.96183
-1,0.96372
-1,0.98497
-1,0.96198
-1,0.95028
-1,0.96998
-1,0.94274
-1,1.0196
-1,0.97682
-1,1.0351
-1,0.91689
-1,1.0259
-1,0.99599
-1,0.95728
-1,0.8981
-1,0.98236
-1,1.0307
-1,0.97259
-1,0.98882
-1,0.99065
-1,1.0092
-1,0.99092
-1,0.96825
-1,0.9728
-1,0.96443
-1,0.97891
-1,1.0231
-1,0.97087
-1,0.91275
-1,0.99626
-1,1.0322
-1,1.0118
-1,0.9304
-1,1.0266
-1,1.025
-1,0.97079
-1,0.959
-1,0.89002
-1,1.0024
-1,0.9047
-1,0.93894
-1,0.92278
-1,0.91539
-1,0.98878
-1,0.99723
-1,0.87955
-1,0.93368
-1,0.97758
-1,0.96016
-1,0.91257
-1,0.94168
-1,1.0001
-1,0.99849
-1,0.96881
-1,0.97193
-1,0.90426
-1,0.98209
-1,1.0001
-1,0.95154
-1,0.97039
-1,0.96448
-1,0.96642
-1,1.0492
-1,1.0279
-1,0.98402
-1,0.84357
-1,0.96178
-1,1.0871
-1,1.0534
-1,0.85989
-1,0.92904
-1,0.94169
-1,1.0009
-1,0.9718
-1,1.0039
-1,1.0627
-1,1.0053
-1,0.99235
-1,0.98543
-1,0.96509
-1,0.96064
-1,0.97156
-1,0.96266
-1,1.0133
-1,0.98609
-1,1.0244
-1,0.96463
-1,1.0024
-1,1.0173
-1,0.98834
-1,0.99364
-1,0.97946
-1,1.0167
-1,0.96687
-1,0.97045
-1,0.9726
-1,0.96883
-1,0.98163
-1,1.0993
-1,0.90769
-1,0.96953
-1,1.0572
-1,0.88015
-1,0.95827
-1,0.99783
-1,0.96178
-1,0.93201
-1,0.97682
-1,1.0257
-1,1.0267
-1,1.0304
-1,0.99157
-1,0.99167
-1,1.0129
-1,0.90271
-1,0.8384
-1,1.0605
-1,0.95163
-1,1.013
-1,0.99311
-1,0.98231
-1,1.0117
-1,1.0146
-1,1.0063
-1,0.94727
-1,1.0269
-1,0.9503
-1,1.0424
-1,1.0249
-1,1.0244
-1,0.98803
-1,0.95177
-1,1.0181
-1,0.8438
-1,0.91579
-1,0.93445
-1,1.0537
-1,1.0032
-1,1.0551
-1,1.0579
-1,0.97488
-1,0.94215
-1,0.97306
-1,1.0146
-1,1.012
-1,0.99187
-1,0.88933
-1,1.056
-1,0.97276
-1,0.98132
-1,1.0176
-1,0.98944
-1,0.93136
-1,1.0012
-1,1.0087
-1,0.9735
-1,0.93284
-1,0.80936
-1,0.9248
-1,0.9663
-1,0.8837
-1,0.94
-1,0.81784
-1,0.87213
-1,0.98307
-1,0.8599
-1,0.93207
-1,0.8471
-1,0.78823
-1,0.97811
-1,0.9365
-1,0.56606
-1,0.78519
-1,0.95906
-1,0.94368
-1,0.91194
-1,0.9545
-1,0.98448
-1,0.94625
-1,0.97906
-1,0.92567
-1,0.96719
-1,0.92526
-1,0.93814
-1,0.93221
-1,0.97433
-1,1.0073
-1,0.96502
-1,1.0252
-1,0.97046
-1,0.90172
-1,0.96893
-1,0.99425
-1,0.92352
-1,0.88033
-1,0.93424
-1,1.0313
-1,0.91324
-1,1.0104
-1,0.98885
-1,0.9867
-1,1.0435
-1,0.98716
-1,0.93568
-1,1.0109
-1,0.98422
-1,0.99294
-1,0.93021
-1,0.93941
-1,0.9022
-1,0.99526
-1,0.95821
-1,0.90484
-1,0.90166
-1,0.96001
-1,0.92977
-1,0.95966
-1,0.95792
-1,0.96844
-1,0.9684
-1,1.0074
-1,1.0645
-1,0.88244
-1,0.97663
-1,0.90801
-1,0.96121
-1,0.96119
-1,0.90619
-1,0.90411
-1,0.95316
-1,1.0373
-1,1.0385
-1,0.89163
-1,1.0131
-1,1.0052
-1,0.9887
-1,0.95733
-1,0.96993
-1,0.96039
-1,0.90379
-1,0.96915
-1,0.95799
-1,0.99469
-1,0.93105
-1,0.9544
-1,0.98027
-1,0.96706
-1,0.96499
-1,0.9611
-1,0.88986
-1,0.94911
-1,0.99635
-1,0.93393
-1,1.0323
-1,0.97233
-1,1.0132
-1,1.0165
-1,0.89225
-1,1.0775
-1,1.011
-1,0.98415
-1,1.0127
-1,0.93192
-1,0.9805
-1,0.91785
-1,0.9474
-1,0.91706
-1,0.9506
-1,0.9655
-1,0.93969
-1,0.96606
-1,0.90762
-1,0.95659
-1,1.0111
-1,0.90157
-1,0.98303
-1,0.87297
-1,0.93086
-1,0.85118
-1,0.95693
-1,0.96946
-1,0.92798
-1,0.95536
-1,0.96965
-1,1.0015
-1,0.99284
-1,0.93585
-1,0.95315
-1,0.98903
-1,1.0169
-1,1.0755
-1,0.9068
-1,1.0199
-1,0.98609
-1,0.96904
-1,0.98011
-1,0.99229
-1,0.92853
-1,1.0089
-1,0.73282
-1,1.0261
-1,0.96463
-1,0.89566
-1,0.94999
-1,1.0967
-1,1.0777
-1,1.0177
-1,0.99071
-1,0.85014
-1,0.92294
-1,0.89823
-1,0.95864
-1,0.96539
-1,0.84221
-1,0.86859
-1,0.78536
-1,0.96382
-1,0.81606
-1,0.96481
-1,0.85468
-1,0.96918
-1,0.8776
-1,1.0175
-1,0.89945
-1,0.89831
-1,1.0013
-1,1.0417
-1,0.99678
-1,1.0215
-1,1.027
-1,0.95306
-1,0.95002
-1,0.90832
-1,0.99437
-1,0.87794
-1,1.0287
-1,0.93431
-1,0.82149
-1,0.93066
-1,0.98575
-1,0.95994
-1,0.93026
-1,0.9849
-1,0.96168
-1,0.89848
-1,0.92485
-1,1.0254
-1,1.0256
-1,0.93043
-1,0.89572
-1,0.83808
-1,0.90179
-1,0.90602
-1,1.0476
-1,0.93387
-1,0.96121
-1,0.9413
-1,0.98894
-1,0.87101
-1,0.79868
-1,0.87193
-1,0.9685
-1,0.93627
-1,0.94275
-1,0.92242
-1,0.8345
-1,0.87842
-1,0.96656
-1,0.92737
-1,0.98823
-1,0.86767
-1,0.9671
-1,0.97537
-1,0.97829
-1,0.90583
-1,0.98243
-1,0.98698
-1,1.0008
-1,1.0163
-1,0.93641
-1,0.95657
-1,0.93636
-1,0.935
-1,0.94601
-1,0.9565
-1,0.99495
-1,0.97871
-1,0.99407
-1,0.99631
-1,0.98188
-1,0.77162
-1,1.014
-1,0.8996
-1,0.99314
-1,1.0256
-1,0.97751
-1,0.97969
-1,0.91402
-1,0.92067
-1,0.77442
-1,0.89747
-1,0.84973
-1,0.99349
-1,1.0045
-1,1.0151
-1,1.1031
-1,0.99368
-1,0.93439
-1,0.84475
-1,0.96681
-1,0.96297
-1,0.98376
-1,0.9417
-1,0.94741
-1,0.87689
-1,0.9943
-1,1.0711
-1,0.93803
-1,0.93909
-1,0.91334
-1,0.84391
-1,0.84049
-1,0.97083
-1,0.94317
-1,1.0194
-1,0.91662
-1,0.9901
-1,0.97253
-1,0.94901
-1,1.0161
-1,0.92569
-1,1.1085
-1,0.93473
-1,1.0542
-1,0.91742
-1,0.98813
-1,0.7964
-1,0.97745
-1,0.89104
-1,0.91389
-1,0.96924
-1,0.98249
-1,0.93405
-1,0.95714
-1,0.87666
-1,0.9402
-1,0.90586
-1,1.0098
-1,0.96915
-1,0.985
-1,0.95902
-1,0.89859
-1,0.9698
-1,0.83059
-1,0.99058
-1,0.80255
-1,1.022
-1,0.95019
-1,0.89906
-1,0.81755
-1,0.97413
-1,0.95448
-1,0.9973
-1,0.97771
-1,0.95722
-1,0.9636
-1,0.9989
-1,0.91097
-1,0.96297
-1,0.9596
-1,0.94842
-1,0.99655
-1,1.0042
-1,0.88028
-1,0.83734
-1,0.94511
-1,0.98096
-1,0.95892
-1,0.90402
-1,0.97679
-1,0.97178
-1,0.89796
-1,1.005
-1,0.97673
-1,1.0012
-1,0.94115
-1,0.97145
-1,0.96269
-1,1.0531
-1,1.0171
-1,1.0402
-1,0.98315
-1,1.004
-1,1.0547
-1,0.97702
-1,0.98329
-1,0.96865
-1,0.97303
-1,0.95241
-1,1.0101
-1,0.89129
-1,0.99653
-1,1.0476
-1,1.017
-1,1.0284
-1,0.98194
-1,0.99848
-1,1.0396
-1,0.92804
-1,0.89988
-1,0.92256
-1,0.84923
-1,0.89542
-1,0.98494
-1,0.88258
-1,0.93702
-1,0.88512
-1,0.93577
-1,1.0045
-1,0.96411
-1,1.0154
-1,0.95645
-1,0.95995
-1,0.98604
-1,0.90742
-1,0.92074
-1,0.94504
-1,0.9109
-1,0.98827
-1,0.94009
-1,0.97563
-1,0.90863
-1,0.96367
-1,0.83412
-1,0.89633
-1,0.99945
-1,0.89405
-1,0.97033
-1,1.0077
-1,0.98077
-1,0.87057
-1,0.92126
-1,0.98831
-1,0.90697
-1,0.98174
-1,1.0039
-1,0.92061
-1,0.7691
-1,0.94861
-1,1.0095
-1,0.93252
-1,0.82745
-1,0.92901
-1,0.93541
-1,0.95558
-1,0.94762
-1,0.97638
-1,0.95397
-1,0.98858
-1,0.97866
-1,0.91008
-1,0.99132
-1,0.96111
-1,0.88098
-1,0.89213
-1,0.91237
-1,0.95224
-1,0.89422
-1,1.0062
-1,0.79121
-1,0.90083
-1,0.96005
-1,0.98674
-1,0.94333
-1,0.96029
-1,0.93544
-1,0.92107
-1,0.99775
-1,0.98965
-1,1.0154
-1,1.0004
-1,0.95144
-1,0.94461
-1,1.0016
-1,1.0191
-1,0.93865
-1,0.97848
-1,0.97314
-1,0.96747
-1,0.98426
-1,1.0185
-1,0.98516
-1,0.91725
-1,0.93809
-1,0.93595
-1,0.95748
-1,0.95601
-1,0.98555
-1,0.99146
-1,0.84673
-1,1.0016
-1,1.0231
-1,0.98229
-1,0.85913
-1,0.99467
-1,0.97665
-1,0.91225
-1,0.94172
-1,0.97301
-1,0.97596
-1,0.98324
-1,0.98978
-1,0.88697
-1,0.99159
-1,0.98242
-1,0.99934
-1,1.0048
-1,0.96294
-1,0.97851
-1,0.99496
-1,0.99886
-1,1.0044
-1,0.96778
-1,1.0302
-1,0.99624
-1,0.99021
-1,1.0003
-1,0.99265
-1,0.95066
-1,1.0086
-1,0.99344
-1,0.98559
-1,1.0897
-1,0.9662
-1,1.0089
-1,1.0219
-1,0.96866
-1,1.0414
-1,1.0245
-1,1.0157
-1,1.0016
-1,0.9883
-1,0.9503
-1,1.0022
-1,0.9722
-1,0.98415
-1,0.97456
-1,0.94636
-1,0.99833
-1,1.0063
-1,0.95526
-1,0.98455
-1,0.91773
-1,0.95446
-1,0.95129
-1,0.97843
-1,1.0335
-1,0.96884
-1,0.88795
-1,0.80719
-1,0.93912
-1,0.96271
-1,0.95799
-1,0.9874
-1,1.0213
-1,0.97438
-1,1.0289
-1,1.0296
-1,1.0451
-1,0.9498
-1,1.0247
-1,0.9551
-1,0.98813
-1,0.99348
-1,0.99731
-1,0.98023
-1,0.97486
-1,1.0221
-1,1.0063
-1,1.0433
-1,1.008
-1,1.0019
-1,1.0219
-1,0.99852
-1,0.96399
-1,0.97274
-1,1.001
-1,0.91268
-1,1.0134
-1,0.99919
-1,0.96105
-1,1.005
-1,0.96187
-1,0.9664
-1,0.97751
-1,1.02
-1,0.91026
-1,1.0296
-1,1.0026
-1,0.98426
-1,0.98155
-1,1.0449
-1,0.9566
-1,1.0053
-1,1.0141
-1,0.94082
-1,1.0319
-1,0.92263
-1,0.99185
-1,1.0729
-1,0.96018
-1,1.0047
-1,0.9845
-1,0.96083
-1,0.95207
-1,1.0109
-1,0.96953
-1,0.84355
-1,0.93478
-1,0.99146
-1,1.1195
-1,1.015
-1,1.0145
-1,0.9403
-1,1.0079
-1,0.98323
-1,0.94166
-1,0.95284
-1,0.96233
-1,0.99838
-1,0.96349
-1,0.92283
-1,1.065
-1,0.98197
-1,0.93616
-1,0.94056
-1,0.87477
-1,0.9775
-1,1.0042
-1,0.96234
-1,0.98014
-1,0.96554
-1,0.9828
-1,0.95355
-1,0.99532
-1,0.86805
-1,0.92833
-1,0.77871
-1,0.85829
-1,0.944
-1,0.7398
-1,0.93863
-1,0.92578
-1,0.91834
-1,0.74729
-1,0.9463
-1,0.84244
-1,0.98238
-1,0.86952
-1,0.98824
-1,0.78089
-1,0.83024
-1,0.89514
-1,0.93935
-1,0.87746
-1,0.93836
-1,0.82412
-1,0.93646
-1,0.9148
-1,0.87545
-1,0.8926
-1,0.94966
-1,0.95171
-1,0.96325
-1,0.95301
-1,0.91426
-1,0.89471
-1,1.0413
-1,0.96708
-1,1.0295
-1,1.032
-1,0.98221
-1,0.95175
-1,0.99239
-1,0.99607
-1,0.99286
-1,1.0016
-1,0.94381
-1,0.92271
-1,1.0289
-1,0.95855
-1,0.98868
-1,0.98475
-1,0.96751
-1,1.0073
-1,1.0691
-1,0.9565
-1,0.96243
-1,1.0757
-1,1.0156
-1,0.96753
-1,1.0621
-1,0.98037
-1,0.92868
-1,1.0172
-1,0.98569
-1,0.98622
-1,1.0079
-1,0.92936
-1,0.98993
-1,1.0201
-1,0.99048
-1,1.0068
-1,0.97841
-1,1.0197
-1,1.0028
-1,1.0046
-1,1.0719
-1,1.0419
-1,1.0148
-1,1.002
-1,1.0054
-1,1.0169
-1,1.0037
-1,0.94301
-1,1.0076
-1,0.97623
-1,1.0169
-1,0.9981
-1,1.0106
-1,1.048
-1,1.0102
-1,1.0558
-1,0.93714
-1,0.92452
-1,1.0345
-1,1.0054
-1,0.98223
-1,0.99768
-1,0.9889
-1,0.95256
-1,0.94391
-1,0.89373
-1,0.97104
-1,1.0688
-1,0.98073
-1,1.0113
-1,0.98789
-1,1.0209
-1,0.85315
-1,1.0036
-1,0.96431
-1,0.9535
-1,0.97461
-1,0.93371
-1,0.95753
-1,1.0138
-1,0.99873
-1,0.96478
-1,0.9514
-1,0.99165
-1,0.8992
-1,0.94027
-1,1.0623
-1,0.94707
-1,0.93826
-1,0.95974
-1,1.0308
-1,1.018
-1,1.0164
-1,0.84849
-1,0.97068
-1,1.1057
-1,1.014
-1,1.0017
-1,0.85301
-1,0.96645
-1,1.0094
-1,0.96786
-1,1.017
-1,0.9117
-1,0.97211
-1,1.004
-1,0.98898
-1,0.9764
-1,0.98138
-1,0.81449
-1,0.82428
-1,1.0018
-1,0.9935
-1,1.0688
-1,1.0797
-1,1.0192
-1,1.0403
-1,0.98187
-1,0.9672
-1,1.0688
-1,1.0388
-1,1.056
-1,1.0297
-1,1.0095
-1,1.0046
-1,0.96754
-1,1.0598
-1,0.96071
-1,0.99088
-1,1.0023
-1,0.96566
-1,0.92054
-1,0.98654
-1,0.99376
-1,1.0521
-1,0.97987
-1,0.99463
-1,1.0137
-1,1.0287
-1,0.99329
-1,1.0345
-1,1.0881
-1,1.009
-1,0.94877
-1,0.86587
-1,0.95413
-1,0.99184
-1,1.0042
-1,0.96066
-1,1.0114
-1,1.0325
-1,0.94915
-1,1.0142
-1,1.0963
-1,0.82296
-1,0.94461
-1,0.97688
-1,0.99569
-1,1.0279
-1,0.9892
-1,1.0005
-1,0.98467
-1,1.0395
-1,0.98579
-1,0.98309
-1,1.0154
-1,1.002
-1,0.97847
-1,0.97794
-1,1.0686
-1,0.97404
-1,1.0124
-1,0.99425
-1,0.88014
-1,1.0346
-1,0.97711
-1,1.0058
-1,0.94339
-1,1.0179
-1,0.95768
-1,0.97018
-1,0.97465
-1,0.89907
-1,0.75716
-1,0.92502
-1,1.0007
-1,0.91678
-1,0.9931
-1,0.94768
-1,0.95219
-1,1.0891
-1,0.99044
-1,0.97543
-1,0.93024
-1,1.016
-1,0.96289
-1,0.99493
-1,0.9755
-1,0.98159
-1,0.96645
-1,0.96277
-1,0.96164
-1,1.0629
-1,0.99635
-1,1.0023
-1,1.0254
-1,1.014
-1,0.94149
-1,1.003
-1,0.86251
-1,0.98058
-1,0.93331
-1,1.0107
-1,1.0492
-1,1.0251
-1,1.0288
-1,0.99769
-1,0.97097
-1,1.027
-1,0.99756
-1,0.97603
-1,0.89528
-1,0.91901
-1,0.95764
-1,0.93795
-1,0.96188
-1,1.0527
-1,1.0073
-1,0.9896
-1,0.93355
-1,0.91292
-1,1.0024
-1,1.0168
-1,1.0528
-1,0.97543
-1,0.93836
-1,1.0126
-1,1.0395
-1,0.96582
-1,1.0789
-1,0.97147
-1,1.0055
-1,0.90444
-1,0.99203
-1,0.98877
-1,0.93363
-1,1.0102
-1,1.0511
-1,1.0073
-1,0.86525
-1,1.0243
-1,1.0366
-1,0.9425
-1,1.0125
-1,0.96538
-1,0.97919
-1,0.82823
-1,1.0383
-1,0.998
-1,1.0245
-1,1.0375
-1,0.87963
-1,0.99904
-1,0.97821
-1,1.0467
-1,0.98193
-1,1.0426
-1,1.017
-1,1.0417
-1,0.97643
-1,1.0637
-1,1.0798
-1,1.0547
-1,1.0338
-1,0.98624
-1,0.98043
-1,0.88818
-1,1.0029
-1,0.79546
-1,0.98397
-1,1.0452
-1,1.0159
-1,1.0069
-1,0.9988
-1,0.99059
-1,0.94658
-1,0.96194
-1,0.99943
-1,0.93815
-1,1.0012
-1,1.0595
-1,1.1554
-1,1.0393
-1,1.0477
-1,0.99793
-1,1.0184
-1,0.99382
-1,1.0075
-1,0.97861
-1,1.0391
-1,0.99804
-1,0.90566
-1,0.96725
-1,0.98024
-1,0.97814
-1,0.9555
-1,1.0316
-1,0.93299
-1,0.92253
-1,1.0544
-1,0.95236
-1,0.78805
-1,0.99548
-1,1.0685
-1,0.9936
-1,0.99337
-1,0.88404
-1,0.88611
-1,0.98601
-1,0.83378
-1,1.0231
-1,0.99495
-1,0.97749
-1,0.99337
-1,0.98602
-1,0.91067
-1,0.95584
-1,1.008
-1,0.92353
-1,1.0304
-1,0.95729
-1,0.95436
-1,0.95936
-1,0.94761
-1,0.92423
-1,1.0143
-1,1.0427
-1,0.96149
-1,1.0279
-1,1.0329
-1,1.0144
-1,0.87209
-1,0.90993
-1,1.0664
-1,0.95346
-1,1.0244
-1,1.0202
-1,0.98177
-1,1
-1,1.0589
-1,0.97282
-1,1.0815
-1,0.97358
-1,1.0421
-1,0.95063
-1,1.0259
-1,1.0204
-1,-0.32398
-1,0.96993
-1,0.98883
-1,0.99751
-1,0.98853
-1,0.99624
-1,0.99302
-1,1.0377
-1,0.99025
-1,0.99242
-1,0.97696
-1,0.92577
-1,1.0216
-1,0.99337
-1,1.0361
-1,1.0137
-1,0.94289
-1,0.98422
-1,1.0219
-1,1.0172
-1,0.89826
-1,1.0065
-1,0.92263
-1,0.92957
-1,0.92955
-1,0.98852
-1,0.97405
-1,1.0085
-1,1.0208
-1,0.95506
-1,0.95994
-1,0.84123
-1,1.0246
-1,1.0069
-1,0.99092
-1,0.96003
-1,1.0114
-1,1.0518
-1,1.1063
-1,0.82845
-1,1.0961
-1,1.0272
-1,0.97038
-1,0.99647
-1,0.98515
-1,0.93257
-1,0.94976
-1,0.98012
-1,1.0274
-1,1.0453
-1,0.975
-1,0.85884
-1,0.92439
-1,0.93689
-1,1.0113
-1,0.98911
-1,1.0073
-1,0.94688
-1,0.98854
-1,1.0055
-1,1.0112
-1,1.0364
-1,1.0399
-1,1.0217
-1,0.98965
-1,0.94421
-1,1.0522
-1,1.0085
-1,0.88987
-1,0.93881
-1,0.91962
-1,0.84496
-1,1.0026
-1,0.98198
-1,0.99266
-1,0.92259
-1,0.95396
-1,0.92469
-1,0.99429
-1,0.87706
-1,0.98346
-1,1.0304
-1,0.99086
-1,1.0299
-1,0.92137
-1,1.0367
-1,1.0221
-1,1.0221
-1,1.0205
-1,1.0165
-1,1.0279
-1,1.026
-1,0.98388
-1,1.0037
-1,0.95073
-1,0.90136
-1,1.0101
-1,1.052
-1,0.98296
-1,0.9437
-1,0.99973
-1,0.95213
-1,1.0174
-1,1.0413
-1,1.0209
-1,1.0165
-1,0.94589
-1,0.84173
-1,1.0137
-1,1.0783
-1,0.98863
-1,1.0373
-1,1.0163
-1,1.0317
-1,1.1122
-1,1.0213
-1,0.99657
-1,0.9622
-1,0.98964
-1,0.99136
-1,1.0229
-1,1.0227
-1,0.98707
-1,1.0227
-1,0.93584
-1,1.0131
-1,0.96873
-1,1.0045
-1,1.0302
-1,0.96736
-1,1.0058
-1,0.94844
-1,0.87078
-1,1.0241
-1,0.92449
-1,1.0201
-1,1.0294
-1,0.99579
-1,0.90276
-1,0.97369
-1,1.0271
-1,1.0152
-1,0.89196
-1,0.93296
-1,0.99782
-1,0.97512
-1,0.96209
-1,1.0324
-1,0.96701
-1,0.90139
-1,0.9434
-1,1.0823
-1,0.90689
-1,0.96074
-1,0.88264
-1,0.89595
-1,0.9372
-1,0.958
-1,1.0235
-1,1.0436
-1,1.0324
-1,0.98375
-1,0.99061
-1,0.83885
-1,1.0371
-1,1.0046
-1,1.0049
-1,1.0244
-1,0.95283
-1,1.0443
-1,0.9111
-1,1.0682
-1,1.0079
-1,0.82019
-1,1.0238
-1,1.0325
-1,1.0004
-1,1.006
-1,0.98183
-1,0.89433
-1,1.0195
-1,1.0134
-1,0.95778
-1,1.0019
-1,0.96913
-1,1.0744
-1,1.0436
-1,1.0249
-1,1.0049
-1,1.0059
-1,1.0935
-1,0.99171
-1,0.99822
-1,1.0246
-1,1.1079
-1,0.89353
-1,0.99933
-1,0.99831
-1,1.0154
-1,0.99685
-1,1.011
-1,0.98314
-1,0.79662
-1,0.93668
-1,0.93611
-1,1.0401
-1,1.0152
-1,1.0079
-1,0.99456
-1,0.83236
-1,0.99953
-1,1.0241
-1,0.95364
-1,0.94748
-1,0.89835
-1,0.97881
-1,1.0314
-1,1.0286
-1,1.0791
-1,0.89596
-1,1.0216
-1,1.0208
-1,1.0127
-1,0.98075
-1,1.0108
-1,0.86616
-1,0.98551
-1,1.0143
-1,1.0389
-1,1.0107
-1,0.97179
-1,0.87314
-1,0.94193
-1,0.9446
-1,0.98394
-1,1.0136
-1,0.97708
-1,1.0463
-1,1.0049
-1,1.0455
-1,1.062
-1,1.0233
-1,0.95484
-1,1.0939
-1,0.97792
-1,0.9528
-1,0.89964
-1,1.0393
-1,0.98299
-1,1.0347
-1,0.98677
-1,1.0612
-1,0.99484
-1,0.91231
-1,1.036
-1,0.98693
-1,1.0184
-1,0.9982
-1,0.98449
-1,0.9992
-1,1.0649
-1,0.97768
-1,1.0231
-1,1.0767
-1,1.0059
-1,1.1162
-1,1.0413
-1,1.0407
-1,0.94952
-1,1.0363
-1,0.90222
-1,1.0573
-1,0.94214
-1,0.99918
-1,1.0188
-1,0.96917
-1,1.0236
-1,1.0376
-1,1.0012
-1,1.0326
-1,0.99713
-1,1.042
-1,1.0631
-1,1.0371
-1,1.0127
-1,0.97541
-1,0.99991
-1,0.92264
-1,1.0684
-1,1.0211
-1,0.96139
-1,0.96843
-1,1.0247
-1,1.0568
-1,0.96984
-1,1.0948
-1,0.94301
-1,1.012
-1,1.0051
-1,1.0759
-1,1.0505
-1,1.0099
-1,0.99354
-1,0.95703
-1,0.97809
-1,0.99879
-1,1.0061
-1,0.86694
-1,1.0033
-1,0.98633
-1,1.0772
-1,1.0797
-1,1.0626
-1,1.0424
-1,0.9988
-1,0.92972
-1,1.0068
-1,0.9419
-1,0.86621
-1,0.89059
-1,0.95921
-1,1.0568
-1,1.0026
-1,0.99919
-1,0.96072
-1,1.0657
-1,0.99112
-1,0.94571
-1,1.0088
-1,1.0417
-1,1.0155
-1,0.92368
-1,1.0043
-1,0.99675
-1,1.0431
-1,0.98726
-1,0.98868
-1,0.9985
-1,0.97659
-1,0.99045
-1,1.0328
-1,0.98834
-1,0.98842
-1,1.0579
-1,1.0438
-1,1.0111
-1,1.0669
-1,0.97002
-1,1.0098
-1,1.0156
-1,1.043
-1,0.90061
-1,1.0229
-1,0.9693
-1,0.9234
-1,0.95293
-1,1.0235
-1,0.98672
-1,1.0687
-1,1.0593
-1,1.0153
-1,1.0311
-1,1.0218
-1,1.0126
-1,1.0009
-1,0.96213
-1,1.0948
-1,1.0136
-1,0.97571
-1,1.0467
-1,1.0239
-1,1.0231
-1,0.99042
-1,1.0316
-1,1.0332
-1,1.0342
-1,1.0407
-1,0.93789
-1,0.92867
-1,1.0182
-1,0.97334
-1,0.86372
-1,0.93735
-1,0.94073
-1,1.0079
-1,0.99716
-1,1.0112
-1,1.0005
-1,1.0475
-1,0.99749
-1,0.9453
-1,0.93341
-1,1.0183
-1,0.96256
-1,1.0212
-1,1.09
-1,1.0012
-1,1.0081
-1,0.94494
-1,1.0096
-1,1.0633
-1,1.0413
-1,0.87671
-1,0.89803
-1,0.95718
-1,1.0322
-1,0.89145
-1,1.0405
-1,0.95962
-1,1.0007
-1,1.0012
-1,0.99369
-1,0.94669
-1,0.9714
-1,0.99703
-1,0.97887
-1,0.95918
-1,1.0156
-1,1.0228
-1,1.0293
-1,1.0463
-1,1.0216
-1,1.0069
-1,1.0596
-1,1.0127
-1,1.0248
-1,1.0332
-1,0.98326
-1,1.0055
-1,1.0501
-1,0.9618
-1,1.0317
-1,1.001
-1,0.90547
-1,1.021
-1,1.0549
-1,0.94233
-1,0.88026
-1,0.98216
-1,0.79124
-1,1.0266
-1,0.99601
-1,1.0243
-1,1.0602
-1,1.0309
-1,1.0001
-1,0.96928
-1,0.98274
-1,1.0141
-1,1.0142
-1,1.0195
-1,0.97978
-1,0.90154
-1,1.0459
-1,0.94092
-1,1.0051
-1,1.0268
-1,0.9777
-1,1.0036
-1,0.95463
-1,1.0012
-1,1.0048
-1,1.0234
-1,1.0137
-1,0.98602
-1,1.0356
-1,1.0203
-1,0.96475
-1,1.0315
-1,0.88335
-1,1.0009
-1,0.98318
-1,1.005
-1,1.0174
-1,0.97971
-1,1.0139
-1,0.95893
-1,1.0047
-1,1.0093
-1,1.0377
-1,1.0211
-1,1.0496
-1,1.0039
-1,0.99409
-1,1.0772
-1,0.94958
-1,1.1204
-1,0.92291
-1,1.0316
-1,0.93554
-1,0.97962
-1,1.0316
-1,1.0185
-1,0.99268
-1,1.0687
-1,0.98242
-1,0.96499
-1,1.0549
-1,1.0037
-1,1.09
-1,1.0103
-1,1.005
-1,1.0544
-1,0.9463
-1,0.88491
-1,1.0179
-1,0.94904
-1,0.9775
-1,0.95854
-1,1.0402
-1,1.0718
-1,0.98759
-1,0.82764
-1,0.93031
-1,1.0065
-1,1.0479
-1,1.0009
-1,1.0228
-1,0.99776
-1,1.0689
-1,0.97474
-1,1.0328
-1,0.93575
-1,1.0239
-1,1.003
-1,0.88334
-1,0.95102
-1,0.99174
-1,1.0461
-1,0.97589
-1,0.99867
-1,0.93553
-1,1.0206
-1,0.96613
-1,0.98817
-1,0.99243
-1,1.0149
-1,1.0808
-1,1.0386
-1,1.0308
-1,0.95464
-1,1.0439
-1,0.99376
-1,0.9915
-1,0.98714
-1,1.0456
-1,1.0936
-1,1.0254
-1,0.89487
-1,1.0097
-1,1.0239
-1,0.96709
-1,0.96729
-1,1.0026
-1,0.99284
-1,1.0513
-1,0.97757
-1,0.98229
-1,0.90302
-1,1.0465
-1,1.0308
-1,1.057
-1,1.037
-1,0.95914
-1,1.0462
-1,0.98043
-1,1.0287
-1,1.0172
-1,0.97648
-1,0.94004
-1,1.0754
-1,0.90719
-1,1.0678
-1,1.025
-1,1.0073
-1,0.96084
-1,1.0657
-1,0.8896
-1,1.0214
-1,1.0089
-1,0.93124
-1,0.99376
-1,1.0296
-1,0.96092
-1,1.0301
-1,1.0136
-1,1.0311
-1,1.0723
-1,1.0246
-1,0.96919
-1,0.93154
-1,0.96638
-1,0.99326
-1,0.88637
-1,0.95039
-1,0.97172
-1,1.0106
-1,1.068
-1,1.0333
-1,0.83128
-1,1.0475
-1,0.9722
-1,0.92756
-1,1.0242
-1,1.0141
-1,1.0164
-1,1.0327
-1,1.0515
-1,1.0492
-1,0.99694
-1,1.0533
-1,0.98965
-1,1.0172
-1,1.0747
-1,1.078
-1,0.95147
-1,1.0165
-1,0.91649
-1,0.99277
-1,0.99918
-1,1.0427
-1,1.0248
-1,1.02
-1,0.98652
-1,0.9805
-1,0.9608
-1,1.0231
-1,1.0137
-1,1.0082
-1,1.0087
-1,1.0132
-1,0.95427
-1,1.0182
-1,1.0218
-1,1.0444
-1,1.0389
-1,1.0013
-1,1.0611
-1,0.91726
-1,0.94524
-1,1.0209
-1,1.009
-1,1.0841
-1,1.0583
-1,0.9811
-1,1.0245
-1,1.0792
-1,1.0022
-1,1.0284
-1,0.9073
-1,0.9742
-1,0.96496
-1,1.0334
-1,0.95718
-1,1.044
-1,0.98827
-1,1.0816
-1,0.97721
-1,0.9822
-1,1.019
-1,0.9706
-1,0.87944
-1,0.93558
-1,1.0048
-1,0.99258
-1,0.98719
-1,0.95632
-1,0.92512
-1,1.0539
-1,0.89288
-1,1.0631
-1,1.0147
-1,1.0523
-1,0.95192
-1,0.9841
-1,0.97086
-1,0.97965
-1,0.94737
-1,1.077
-1,1.0377
-1,1.0601
-1,0.9897
-1,0.92345
-1,1.0163
-1,0.99221
-1,1.0238
-1,0.97944
-1,0.98832
-1,1.0395
-1,1.0055
-1,0.94856
-1,1.02
-1,1.0216
-1,0.97176
-1,1.0486
-1,0.99981
-1,0.9585
-1,1.0316
-1,0.97803
-1,0.99698
-1,0.97573
-1,1.0365
-1,0.97318
-1,1.0177
-1,1.0765
-1,0.98461
-1,1.0939
-1,1.0086
-1,0.95858
-1,0.99425
-1,0.99861
-1,0.97296
-1,0.92567
-1,0.72266
-1,1.0271
-1,0.95324
-1,1.041
-1,0.98161
-1,0.96952
-1,0.95913
-1,1.0202
-1,0.9125
-1,0.90216
-1,1.0014
-1,1.0219
-1,0.98679
-1,0.98356
-1,0.95522
-1,0.89373
-1,0.99487
-1,0.99059
-1,1.0188
-1,1.028
-1,0.90252
-1,1.006
-1,1.0091
-1,1.0378
-1,0.9963
-1,0.97893
-1,1.0306
-1,0.90754
-1,1.0171
-1,1.0376
-1,1.0396
-1,1.0117
-1,1.0376
-1,1.0485
-1,0.89899
-1,0.94021
-1,0.93395
-1,0.98257
-1,0.96579
-1,1.0171
-1,0.97559
-1,1.0431
-1,1.0276
-1,0.96906
-1,1.029
-1,1.0091
-1,0.98973
-1,1.0097
-1,1.0091
-1,1.0476
-1,1.0006
-1,0.98592
-1,0.9935
-1,0.99934
-1,0.96813
-1,0.88801
-1,1.0434
-1,1.0474
-1,0.97094
-1,1.0088
-1,0.98222
-1,0.9871
-1,0.98684
-1,1.06
-1,1.0112
-1,1.0303
-1,0.82283
-1,1.0242
-1,1.0336
-1,1.0253
-1,1.0135
-1,0.92972
-1,1.0007
-1,0.96884
-1,0.97843
-1,1.0281
-1,0.97658
-1,0.97054
-1,1.0091
-1,0.98844
-1,1.0211
-1,0.98823
-1,0.95095
-1,1.0479
-1,0.99564
-1,1.0443
-1,0.95468
-1,0.95996
-1,1.033
-1,0.99699
-1,0.87957
-1,1.0306
-1,0.99654
-1,1.033
-1,1.044
-1,1.0323
-1,0.96776
-1,1.0497
-1,1.0345
-1,0.85124
-1,1.06
-1,1.0228
-1,1.0027
-1,0.96178
-1,0.92369
-1,0.97265
-1,1.0284
-1,1.0071
-1,1.0439
-1,1.0109
-1,0.93299
-1,1.0158
-1,0.91277
-1,0.97797
-1,1.0144
-1,0.99424
-1,1.0195
-1,0.98249
-1,0.96772
-1,1.0075
-1,0.99236
-1,0.99606
-1,1.0005
-1,1.0286
-1,1.018
-1,0.97648
-1,1.0197
-1,1.0356
-1,0.96247
-1,0.97042
-1,0.95348
-1,1.0446
-1,0.993
-1,0.99838
-1,0.99193
-1,1.0075
-1,1.029
-1,1.0463
-1,1.0313
-1,1.053
-1,0.94854
-1,0.97096
-1,0.99199
-1,1.0358
-1,1.0635
-1,1.0592
-1,0.93884
-1,1.0456
-1,0.94003
-1,1.0334
-1,1.0265
-1,1.059
-1,0.99268
-1,0.9864
-1,0.96855
-1,0.97972
-1,1.0277
-1,1.0104
-1,0.95422
-1,0.98941
-1,1.0553
-1,1.0068
-1,1.0264
-1,1.002
-1,0.95628
-1,0.9476
-1,1.0225
-1,1.0487
-1,1.0003
-1,0.9566
-1,1.0731
-1,1.0671
-1,1.0017
-1,1.0317
-1,1.0302
-1,1.0008
-1,0.98004
-1,1.0287
-1,1.0158
-1,0.98355
-1,1.0555
-1,1.0753
-1,0.99432
-1,0.91834
-1,0.99617
-1,1.0215
-1,0.97304
-1,1.0552
-1,1.0147
-1,1.0017
-1,0.99596
-1,1.0354
-1,1.0121
-1,1.1072
-1,0.96811
-1,0.98619
-1,0.994
-1,0.99841
-1,1.0015
-1,1.0213
-1,1.0014
-1,1.002
-1,0.97396
-1,1.0421
-1,1.0298
-1,1.0868
-1,0.98715
-1,0.95732
-1,1.0699
-1,1.0471
-1,0.99854
-1,1.0322
-1,1.036
-1,0.98453
-1,1.0121
-1,1.0333
-1,0.95416
-1,0.9579
-1,1.0351
-1,1.0214
-1,1.0248
-1,1.0267
-1,0.98789
-1,0.95293
-1,1.0132
-1,0.97851
-1,0.97477
-1,1.0287
-1,0.99867
-1,0.94034
-1,1.0371
-1,1.033
-1,0.99908
-1,0.99368
-1,1.0412
-1,1.0149
-1,0.99923
-1,0.95757
-1,0.93968
-1,1.0069
-1,0.99898
-1,0.99231
-1,1.0092
-1,0.96465
-1,0.92315
-1,0.98183
-1,0.99709
-1,1.0455
-1,0.99031
-1,1.0666
-1,0.90009
-1,1.0153
-1,1.028
-1,0.93404
-1,1.0139
-1,1.0214
-1,1.0148
-1,1.0048
-1,1.0175
-1,1.0225
-1,1.078
-1,1.0269
-1,1.0505
-1,1.0713
-1,1.0228
-1,1.0318
-1,1.0078
-1,0.99342
-1,1.0708
-1,1.0282
-1,0.94771
-1,1.0636
-1,0.96208
-1,1.027
-1,0.99856
-1,0.98057
-1,0.88783
-1,0.98981
-1,1.0337
-1,0.97092
-1,0.96428
-1,1.0214
-1,1.0231
-1,1.0285
-1,0.96486
-1,1.0297
-1,1.0248
-1,0.9807
-1,0.98922
-1,0.99974
-1,0.9647
-1,0.93868
-1,0.98887
-1,0.99993
-1,0.98528
-1,0.95837
-1,0.93603
-1,1.0247
-1,0.97765
-1,0.92247
-1,1.027
-1,1.0434
-1,1.0556
-1,1.0229
-1,1.0443
-1,1.0152
-1,0.99894
-1,1.0257
-1,1.0527
-1,1.0497
-1,0.99494
-1,1.0515
-1,0.96093
-1,0.9941
-1,0.99469
-1,1.0155
-1,1.0371
-1,1.0648
-1,0.95299
-1,0.94182
-1,1.0307
-1,1.0343
-1,1.0653
-1,1.0644
-1,1.027
-1,1.0353
-1,1.0938
-1,1.1057
-1,0.93094
-1,0.96428
-1,1.0473
-1,1.0164
-1,1.0775
-1,0.99227
-1,0.99091
-1,1.0774
-1,1.0207
-1,1.0267
-1,0.98781
-1,0.98619
-1,0.96103
-1,0.93352
-1,1.0443
-1,1.0527
-1,1.0296
-1,0.97337
-1,1.0339
-1,1.0268
-1,1.0836
-1,0.97097
-1,1.0247
-1,1.0227
-1,1.0342
-1,0.97973
-1,1.0096
-1,0.72253
-1,1.0325
-1,1.0933
-1,1.0289
-1,1.0314
-1,0.95844
-1,1.0303
-1,1.031
-1,0.99369
-1,1.0634
-1,0.90076
-1,0.99677
-1,0.9687
-1,1.0323
-1,1.0027
-1,0.93878
-1,1.0207
-1,0.95117
-1,1.0099
-1,1.0255
-1,1.043
-1,1.0235
-1,0.95131
-1,1.0062
-1,1.0492
-1,1.0281
-1,1.038
-1,1.0609
-1,0.97512
-1,1.0404
-1,0.99442
-1,1.0303
-1,0.99279
-1,1.0472
-1,0.96667
-1,0.98803
-1,1.0823
-1,1.0049
-1,1.0356
-1,0.99981
-1,1.1206
-1,1.1153
-1,0.98366
-1,0.99759
-1,0.99837
-1,1.0359
-1,1.0047
-1,1.0002
-1,1.0557
-1,0.99164
-1,1.0629
-1,0.94442
-1,1.0191
-1,1.041
-1,0.98336
-1,1.0862
-1,1.0835
-1,1.0271
-1,0.9915
-1,0.98132
-1,0.93758
-1,0.98487
-1,1.0209
-1,1.0564
-1,0.98009
-1,1.0093
-1,1.0649
-1,0.99228
-1,1.0192
-1,0.8339
-1,1.0251
-1,0.99272
-1,1.0223
-1,1.0085
-1,0.9693
-1,1.0453
-1,0.94597
-1,0.96608
-1,0.9607
-1,0.98292
-1,1.0278
-1,0.97095
-1,1.0265
-1,1.0131
-1,0.94224
-1,1.0273
-1,1.0208
-1,1.0617
-1,1.0177
-1,0.97042
-1,1.0332
-1,1.0291
-1,1.0345
-1,1.0644
-1,0.9707
-1,1.0198
-1,1.0102
-1,1.0547
-1,0.86121
-1,1.0102
-1,1.0067
-1,1.0257
-1,1.0693
-1,1.0305
-1,1.0131
-1,1.1247
-1,1.014
-1,0.99678
-1,1.0418
-1,0.95136
-1,1.0159
-1,1.0271
-1,1.0068
-1,1.0102
-1,1.0263
-1,0.98702
-1,1.0457
-1,1.0382
-1,1.0494
-1,1.0193
-1,1.0981
-1,0.9787
-1,1.027
-1,1.0134
-1,1.0625
-1,1.0533
-1,1.0093
-1,0.82994
-1,0.73663
-1,1.0078
-1,1.0263
-1,1.044
-1,1.0411
-1,1.043
-1,0.92263
-1,1.0188
-1,0.99639
-1,0.94089
-1,1.067
-1,1.038
-1,1.0502
-1,0.8597
-1,1.0917
-1,0.99947
-1,0.93664
-1,1.002
-1,0.93287
-1,0.99573
-1,1.0647
-1,0.94754
-1,0.99389
-1,1.0352
-1,1.0283
-1,1.0227
-1,1.0064
-1,0.9942
-1,1.0129
-1,1.0591
-1,0.97418
-1,0.98912
-1,1.0365
-1,0.93292
-1,1.0374
-1,0.98858
-1,1.0468
-1,1.0066
-1,1.0071
-1,0.93448
-1,0.96173
-1,0.97373
-1,1.0033
-1,0.94082
-1,1.0683
-1,0.98715
-1,0.97662
-1,1.0718
-1,1.015
-1,1.0531
-1,1.0078
-1,0.98624
-1,1.0394
-1,1.0465
-1,1.0793
-1,1.0348
-1,1.2346
-1,1.034
-1,0.92587
-1,1.0321
-1,0.94969
-1,0.99735
-1,1.0811
-1,0.94865
-1,1.0283
-1,0.97557
-1,1.0031
-1,1.0603
-1,1.0562
-1,1.0369
-1,0.94203
-1,1.0531
-1,0.99603
-1,0.90319
-1,1.0617
-1,0.96867
-1,1.0671
-1,1.009
-1,1.0498
-1,1.0319
-1,0.93211
-1,1.0362
-1,0.97695
-1,1.0732
-1,1.0058
-1,0.97993
-1,1.0239
-1,1.0141
-1,1.1301
-1,1.0298
-1,1.0251
-1,0.90061
-1,1.0455
-1,0.99212
-1,0.95822
-1,0.98306
-1,0.9522
-1,1.0178
-1,0.99585
-1,0.68412
-1,1.0414
-1,1.0811
-1,0.96448
-1,1.0031
-1,1.0332
-1,0.99994
-1,0.97746
-1,1.0516
-1,1.0787
-1,0.97631
-1,0.94679
-1,1.01
-1,0.97888
-1,0.98942
-1,1.0432
-1,1.0106
-1,1.1103
-1,0.99433
-1,0.96472
-1,0.97398
-1,1.0588
-1,0.99678
-1,1.0293
-1,1.0378
-1,1.0291
-1,1.0061
-1,1.0579
-1,0.96212
-1,1.0327
-1,1.0399
-1,1.045
-1,1.0307
-1,1.0268
-1,0.98626
-1,1.0251
-1,1.0301
-1,1.0423
-1,1.0406
-1,1.0479
-1,1.04
-1,0.92958
-1,0.9581
-1,1.0728
-1,0.98005
-1,0.97932
-1,1.1099
-1,0.9259
-1,0.99259
-1,1.0247
-1,1.0341
-1,0.94635
-1,0.9846
-1,0.98692
-1,1.019
-1,1.0991
-1,1.0807
-1,0.82863
-1,1.0444
-1,1.0132
-1,1.0384
-1,1.0647
-1,1.0609
-1,1.0077
-1,1.0604
-1,1.0775
-1,0.99706
-1,1.0321
-1,1.0147
-1,1.0221
-1,0.98576
-1,1.0634
-1,0.9799
-1,0.97077
-1,1.0212
-1,1.0151
-1,0.94434
-1,1.0028
-1,0.99363
-1,1.0295
-1,1.0825
-1,1.0339
-1,1.0145
-1,1.0048
-1,1.0107
-1,0.88668
-1,0.99897
-1,1.0208
-1,0.94071
-1,1.0673
-1,0.95659
-1,1.0099
-1,1.0031
-1,0.94035
-1,1.0238
-1,1.0105
-1,1.0157
-1,0.98838
-1,0.98538
-1,1.0394
-1,1.0121
-1,1.0242
-1,1.0101
-1,1.0282
-1,1.0029
-1,1.0402
-1,1.0125
-1,1.0444
-1,1.0281
-1,1.0474
-1,1.0399
-1,1.0602
-1,1.0233
-1,1.0408
-1,1.0175
-1,1.0206
-1,1.0102
-1,0.98218
-1,0.97796
-1,0.92653
-1,0.95758
-1,0.93032
-1,0.98771
-1,1.0276
-1,0.95017
-1,1.0147
-1,1.059
-1,1.0306
-1,1.032
-1,1.0028
-1,1.0085
-1,0.97688
-1,1.0213
-1,1.037
-1,1.0527
-1,0.98128
-1,1.0637
-1,1.0478
-1,1.0194
-1,1.0201
-1,0.98293
-1,1.0773
-1,0.99686
-1,1.0394
-1,0.84867
-1,1.0133
-1,1.0298
-1,0.99133
-1,0.93608
-1,0.98545
-1,1.0249
-1,0.93917
-1,1.0965
-1,0.98735
-1,1.009
-1,1.0205
-1,0.89933
-1,0.95019
-1,0.94601
-1,0.96044
-1,0.99139
-1,0.87094
-1,0.98117
-1,1.048
-1,0.99233
-1,0.95244
-1,1.0144
-1,1.0005
-1,0.98743
-1,1.008
-1,1.0321
-1,0.97157
-1,0.89946
-1,1.0334
-1,0.98819
-1,1.0001
-1,1.034
-1,1.0475
-1,0.9569
-1,1.011
-1,1.0202
-1,0.93957
-1,0.97532
-1,1.0078
-1,1.0219
-1,1.0651
-1,0.96915
-1,0.99837
-1,1.0418
-1,1.0648
-1,0.973
-1,1.0193
-1,1.0528
-1,0.99033
-1,0.92041
-1,0.98161
-1,1.0048
-1,0.99097
-1,1.0169
-1,1.0363
-1,1.0263
-1,1.025
-1,1.0155
-1,0.98962
-1,1.0423
-1,1.0027
-1,0.99296
-1,1.0365
-1,1.0188
-1,0.94152
-1,0.98011
-1,0.94978
-1,1.0066
-1,1.0048
-1,0.9636
-1,0.98904
-1,1.0001
-1,0.93853
-1,1.0564
-1,0.96271
-1,1.0033
-1,0.97514
-1,1.0659
-1,0.95867
-1,0.95677
-1,0.9812
-1,0.99725
-1,0.97931
-1,1.0686
-1,1.006
-1,1.0856
-1,1.0747
-1,1.0542
-1,0.90839
-1,1.0601
-1,0.84425
-1,1.0086
-1,1.0155
-1,1.0437
-1,1.0501
-1,1.0433
-1,0.86488
-1,0.96445
-1,1.0227
-1,0.91377
-1,1.048
-1,1.0669
-1,0.8628
-1,1.0156
-1,0.67522
-1,0.98334
-1,0.98367
-1,0.98
-1,0.93249
-1,1.03
-1,1.0382
-1,0.88512
-1,1.0095
-1,0.93792
-1,1.0187
-1,1.1031
-1,1.008
-1,1.0475
-1,1.0014
-1,0.9717
-1,1.0673
-1,1.0438
-1,1.0471
-1,1.0652
-1,1.0162
-1,0.92306
-1,0.99975
-1,0.93525
-1,1.038
-1,1.0445
-1,1.0256
-1,0.99446
-1,0.98089
-1,0.92923
-1,1.072
-1,1.038
-1,1.0031
-1,1.046
-1,0.92503
-1,1.0077
-1,0.96284
-1,1.071
-1,1.046
-1,1.0195
-1,1.0187
-1,1.0355
-1,1.0286
-1,1.0512
-1,1.0268
-1,0.97523
-1,1.0026
-1,0.99547
-1,1.0752
-1,1.032
-1,0.96823
-1,0.9944
-1,1.0147
-1,1.0362
-1,1.0136
-1,1.0406
-1,1.0116
-1,1.0185
-1,0.90799
-1,1.1513
-1,1.0351
-1,1.0744
-1,1.0406
-1,0.99489
-1,0.99868
-1,0.99001
-1,1.0748
-1,1.0495
-1,1.0197
-1,1.018
-1,0.95774
-1,1.0032
-1,1.0429
-1,1.045
-1,0.92634
-1,1.0529
-1,0.84827
-1,0.98947
-1,1.0443
-1,1.0525
-1,1.0001
-1,1.0224
-1,0.93435
-1,1.0609
-1,1.0548
-1,0.99919
-1,1.011
-1,0.99171
-1,0.85825
-1,1.0062
-1,1.0402
-1,0.99867
-1,1.0718
-1,1.0053
-1,1.0151
-1,1.0293
-1,1.0192
-1,1.0262
-1,0.99792
-1,0.94864
-1,0.89785
-1,1.0906
-1,1.0486
-1,0.94427
-1,0.95237
-1,1.0231
-1,1.0034
-1,0.99643
-1,1.0508
-1,1.058
-1,1.0252
-1,1.0522
-1,1.0575
-1,1.1231
-1,1.0599
-1,1.023
-1,0.99883
-1,1.0301
-1,1.0347
-1,0.97398
-1,1.0418
-1,1.1203
-1,0.99653
-1,0.89253
-1,0.97686
-1,1.035
-1,1.01
-1,1.0137
-1,1.0388
-1,1.0206
-1,0.92146
-1,1.0189
-1,0.98205
-1,0.95209
-1,0.97983
-1,1.0085
-1,0.95424
-1,1.0539
-1,0.99756
-1,0.99192
-1,0.98166
-1,1.0097
-1,1.0464
-1,1.033
-1,0.96409
-1,1.103
-1,1.0077
-1,1.0741
-1,1.0257
-1,1.0564
-1,1.0779
-1,0.92804
-1,0.963
-1,1.0191
-1,1.034
-1,0.92928
-1,1.0141
-1,0.94544
-1,1.0145
-1,1.0652
-1,0.94269
-1,1.0639
-1,1.029
-1,1.0438
-1,1.0337
-1,0.99943
-1,0.98574
-1,0.96184
-1,1.0234
-1,1.0149
-1,0.98961
-1,0.96945
-1,1.0148
-1,0.98163
-1,1.0462
-1,0.98596
-1,0.99847
-1,0.98354
-1,1.0629
-1,1.052
-1,1.0232
-1,1.062
-1,1.005
-1,1.0325
-1,1.0476
-1,1.0518
-1,1.0717
-1,1.0108
-1,1.0998
-1,1.0288
-1,1.0225
-1,1.0566
-1,0.98694
-1,1.0501
-1,1.0075
-1,1.0142
-1,1.0582
-1,1.063
-1,0.93619
-1,1.041
-1,1.0058
-1,1.0859
-1,1.0624
-1,1.0152
-1,0.96983
-1,1.0005
-1,1.0137
-1,1.062
-1,1.0894
-1,1.0392
-1,0.99828
-1,1.0113
-1,1.0249
-1,1.0107
-1,0.83959
-1,1.0326
-1,1.0069
-1,1.0908
-1,1.011
-1,0.99227
-1,1.0607
-1,1.0504
-1,1.071
-1,1.0203
-1,1.0367
-1,1.0075
-1,1.0139
-1,1.1037
-1,1.049
-1,1.0557
-1,0.91519
-1,1.025
-1,1.0395
-1,1.0432
-1,0.97218
-1,1.0463
-1,0.94737
-1,1.0447
-1,1.0933
-1,1.0207
-1,1.0006
-1,1.0434
-1,0.99994
-1,1.07
-1,0.96703
-1,1.0605
-1,1.0611
-1,1.0117
-1,0.85289
-1,0.97882
-1,1.1259
-1,1.005
-1,1.021
-1,0.97691
-1,0.91965
-1,1.0052
-1,1.0053
-1,1.0355
-1,0.95717
-1,1.1201
-1,1.0902
-1,1.0132
-1,1.0493
-1,1.0163
-1,1.1962
-1,1.0356
-1,1.0735
-1,1.0146
-1,1.0978
-1,1.0456
-1,1.0525
-1,0.98053
-1,1.0046
-1,0.93849
-1,0.94006
-1,1.0648
-1,1.0075
-1,1.0401
-1,0.97425
-1,1.0199
-1,1.0188
-1,0.96121
-1,0.84394
-1,0.99647
-1,0.98512
-1,1.0069
-1,0.95753
-1,1.0587
-1,1.0312
-1,0.97514
-1,1.0194
-1,1.0462
-1,0.98033
-1,1.0157
-1,1.005
-1,0.98959
-1,0.91965
-1,1.028
-1,1.0263
-1,1.0704
-1,1.0178
-1,1.033
-1,0.98768
-1,1.0342
-1,1.0141
-1,1.0696
-1,1.0547
-1,0.98384
-1,1.0469
-1,1.0581
-1,1.0222
-1,1.0675
-1,0.94705
-1,1.0282
-1,0.98732
-1,1.0451
-1,0.88505
-1,1.0266
-1,0.99076
-1,0.95991
-1,1.0015
-1,1.0099
-1,1.0034
-1,1.0985
-1,1.0472
-1,1.0709
-1,1.096
-1,1.0287
-1,1.0411
-1,1.0495
-1,1.0211
-1,0.9425
-1,0.99269
-1,1.0278
-1,1.0046
-1,0.99547
-1,0.97945
-1,1.0136
-1,1.0118
-1,1.0579
-1,1.0095
-1,1.0504
-1,0.94913
-1,1.0757
-1,1.0485
-1,1.1034
-1,1.0328
-1,0.98129
-1,1.0603
-1,1.0658
-1,1.0034
-1,1.0067
-1,1.0032
-1,1.0324
-1,0.98225
-1,1.0446
-1,1.0335
-1,1.0105
-1,1.1375
-1,1.0155
-1,1.0637
-1,1.0281
-1,0.9995
-1,1.0291
-1,1.0074
-1,1.0474
-1,1.0545
-1,0.99479
-1,0.99269
-1,0.96704
-1,1.0016
-1,0.98894
-1,0.98879
-1,0.99514
-1,0.97903
-1,1.0654
-1,1.0286
-1,0.9933
-1,0.97406
-1,0.99614
-1,1.001
-1,1.0818
-1,1.0733
-1,1.0098
-1,0.97983
-1,1.0471
-1,1.0252
-1,1.0095
-1,1.0033
-1,0.99426
-1,0.94422
-1,1.0408
-1,1.0465
-1,1.0472
-1,1.0747
-1,1.0124
-1,0.97751
-1,0.98634
-1,0.97524
-1,1.0358
-1,1.0041
-1,1.0057
-1,1.0269
-1,1.016
-1,1.0399
-1,0.98099
-1,1.0339
-1,1.0647
-1,1.06
-1,0.99675
-1,0.99157
-1,1.0718
-1,1.0431
-1,1.0356
-1,0.9549
-1,1.0422
-1,1.0377
-1,1.0222
-1,1.0218
-1,0.98549
-1,1.0363
-1,1.0455
-1,1.0118
-1,1.0179
-1,1.0252
-1,1.0711
-1,0.92468
-1,0.9791
-1,1.0382
-1,1.0398
-1,1.055
-1,1.0494
-1,1.0323
-1,1.0407
-1,0.9515
-1,1.0438
-1,0.99982
-1,0.98325
-1,1.0655
-1,1.0059
-1,1.0302
-1,0.91818
-1,1.0301
-1,1.0662
-1,1.0021
-1,0.98065
-1,0.97397
-1,1.0546
-1,0.94062
-1,0.98146
-1,0.99759
-1,1.0523
-1,0.95561
-1,0.93243
-1,0.9791
-1,0.93991
-1,1.0533
-1,1.0197
-1,0.9799
-1,0.98927
-1,1.1249
-1,1.0419
-1,0.86079
-1,1.0151
-1,1.0014
-1,1.0233
-1,0.96349
-1,1.0724
-1,0.98552
-1,1.0486
-1,0.99481
-1,0.81497
-1,0.91201
-1,0.93577
-1,0.9681
-1,1.0144
-1,1.0313
-1,0.95348
-1,1.0127
-1,0.88369
-1,1.0505
-1,1.001
-1,1.0519
-1,1.0377
-1,0.97207
-1,1.0158
-1,1.0387
-1,1.0074
-1,0.99507
-1,0.81701
-1,1.0354
-1,0.99256
-1,1.018
-1,1.0285
-1,1.0367
-1,1.0471
-1,0.97576
-1,1.0188
-1,0.97126
-1,1.0144
-1,0.98804
-1,0.9952
-1,1.0026
-1,1.0097
-1,1.0249
-1,1.0386
-1,1.0331
-1,1.0562
-1,1.0296
-1,1.0508
-1,1.0144
-1,1.0308
-1,1.0393
-1,0.96433
-1,0.98444
-1,1.0307
-1,0.99091
-1,0.98286
-1,0.99901
-1,0.98889
-1,0.95796
-1,1.0338
-1,0.97416
-1,1.0385
-1,1.0512
-1,1.0215
-1,1.0131
-1,0.97557
-1,0.96557
-1,1.0267
-1,0.97792
-1,0.93704
-1,1.0213
-1,1.021
-1,0.94946
-1,0.95901
-1,1.0117
-1,0.89301
-1,1.0226
-1,0.99614
-1,1.0156
-1,0.97668
-1,1.0507
-1,0.98604
-1,0.94936
-1,0.90008
-1,0.89634
-1,1.0211
-1,1.0034
-1,0.7752
-1,1.0077
-1,0.97382
-1,0.9967
-1,1.0259
-1,0.96228
-1,1.0716
-1,1.0542
-1,1.0274
-1,1.0228
-1,1.067
-1,1.0241
-1,1.1062
-1,0.90629
-1,0.95483
-1,0.91427
-1,1.0262
-1,1.0426
-1,1.0021
-1,0.94499
-1,1.1048
-1,1.0279
-1,1.0241
-1,0.94113
-1,0.97907
-1,0.86068
-1,1.0071
-1,1.0218
-1,1.0096
-1,0.99249
-1,1.0429
-1,0.94485
-1,1.0036
-1,0.9825
-1,1.0421
-1,1.0372
-1,1.0002
-1,1.0333
-1,0.93218
-1,0.98601
-1,1.0535
-1,1.0176
-1,1.0016
-1,1.028
-1,0.97151
-1,0.98387
-1,0.90979
-1,0.96727
-1,0.97561
-1,1.0059
-1,0.97056
-1,0.9346
-1,0.98218
-1,1.0036
-1,1.0171
-1,1.0888
-1,0.89956
-1,1.0509
-1,1.0158
-1,1.0329
-1,1.0209
-1,0.9481
-1,1.0841
-1,0.9672
-1,0.93813
-1,0.9214
-1,0.99199
-1,1.0252
-1,1.0018
-1,1.0169
-1,0.98688
-1,1.0363
-1,1.0053
-1,0.90151
-1,0.88332
-1,0.87276
-1,1.0266
-1,1.0319
-1,0.99589
-1,0.97483
-1,1.0034
-1,0.98901
-1,1.031
-1,0.99321
-1,0.99227
-1,0.91625
-1,1.0056
-1,0.97112
-1,0.99755
-1,0.98032
-1,0.99864
-1,1.0128
-1,0.9897
-1,0.95188
-1,0.95506
-1,0.95572
-1,0.76513
-1,0.97229
-1,0.94146
-1,0.95656
-1,1.0202
-1,0.95934
-1,0.99554
-1,0.99124
-1,1.021
-1,0.99692
-1,0.96002
-1,1.0017
-1,1.0079
-1,0.9506
-1,0.98147
-1,0.77494
-1,0.97197
-1,1.0113
-1,0.90685
-1,1.021
-1,1.014
-1,1.0085
-1,1.0702
-1,1.0387
-1,1.0051
-1,0.88058
-1,0.98042
-1,0.85674
-1,0.9782
-1,0.83603
-1,0.93839
-1,1.0586
-1,0.88513
-1,1.0587
-1,1.0016
-1,0.97279
-1,0.95235
-1,1.0067
